Product URL,Item ID,Product ID,Category,Brand Name,Product Name,Regular Price,Special Price,Current Price,Short Description,Long Description,Product Information,Directions,Ingredients,SKU,Image URLs
https://www.catch.com.au/product/vani-t-powder-foundation-truffle-6395536/,,6395536,"Health & Beauty, Make Up, Complexion, Foundations",VANI-T,VANI-T Powder Foundation - Truffle,67.95,,67.95,,"Foundation, concealer and sunscreen in a feather-light powder
A true heavy lifter, the amazing VANI-T Mineral Powder Foundation is a foundation, concealer, powder and chemical free SPF 15+ sunscreen all in one super silky powder. There’s plenty to love about its non-clogging formula, long-lasting coverage and shine-free finish. A flawless look is guaranteed every time thanks to the micro diffusers that diminish fine lines and wrinkles, conceal blemishes and even out skin tone.
This product doesn’t just look gorgeous; it’s also packed full of nourishing mineral ingredients that deliver an instant hydration surge and allow your skin to breathe. The combo of hypoallergenic and anti-ageing goodies make it an ideal pick for anyone who suffers from sensitive skin or breakouts.
This makeup-and-skincare hybrid is infused with broad-spectrum SPF and a water-resistant formula that won’t move, cake or crease. Perfect for long days lounging in the sun. Or sipping Prosecco at the bar. Your choice.
Skin typeGreat for all skin types, all ages and all complexions
How oftenUse daily to camouflage blemishes and rock a sun-kissed glow
SmellLight, aromatic fragrance thanks to its mineral base
Colour12 shades to match all skin tones including (from lightest to darkest):
LIGHT
Shell – cool, pink undertones for fair to light skin tonesBiscuit – warm, yellow undertones for fair skin tonesSheer – cool, pink undertones for light to medium skin tonesBare – warm, yellow undertones for light to medium skin tonesMEDIUM
Truffle – cool, pink undertones for light to medium skin tonesAlmondine – warm, yellow undertones for light to medium skin tonesMocha – neutral, yellow undertones for medium skin tonesNude – warm, yellow undertones for medium skin tonesDARK
Toffee – cool, pink undertones for medium to tan skin tonesSand – warm, yellow undertones for medium to tan skin tonesTan – warm, yellow undertones for tan skin tonesCaramel – warm, yellow undertones for tan to deep skin tonesNeed help colour matching? Send us a makeup free photo of yourself in natural light via email (hello@vani-t.com) or via live chat. One of our beauty pros is standing by!
HERO INGREDIENTSChock full of minerals and natural ingredients to protect and nurture your skin.
100% pure minerals - delivers water and sweat resistance coverage, plus a range of healing and soothing benefitsOlive Squalane - powerful anti-ageing and anti-inflammatory benefits (known as nature’s own facelift!)Zinc Oxide (SPF15+) - provides great coverage, heals and soothes the skin and protects from damaging UV raysMica - provides a natural glow and radianceThe full lineup:
Mica, Zinc Oxide (CI 77947), Titanium Dioxide (CI 77891), Silicon Dioxide (Silica), Vitamin E (Tocopherol), Squalane, Tin Oxide (CI 77861). May Contain (+/-): Iron Oxides (CI 77491, CI 77492, CI 77499).
WHY YOU’LL LOVE IT Buildable cover that feels light, natural and lasts all-day - what’s not to love?
12 shades to suit every complexionFantastic, breathable coverageLong-lasting coverTalc-free formula100% nasty-free, cruelty-free and vegan
HOW TO USEStep 1: Prep your skinFor the best possible result, ensure your skin is clean, hydrated and dry.
Step 2: Loosen upTap the jar upside down (with the lid on) to loosen the foundation. Then turn back over and tap the lid again.
Step 3: Swirl and buffUsing a brush, swirl into the powder, tap off excess, and apply to the skin using a circular, buffing motion. A 15g jar should last between 4 - 6 months (depending on application - we’re not here to judge).
Pro tip: Applying your mineral powder foundation with the VANI-T Kabuki Brush will give a flawless finish and a look you’ll love.",,,,6395536,"https://s.catch.com.au/images/product/0032/32543/5ef45af0a57f7518331494.jpg,
https://s.catch.com.au/images/product/0032/32543/5ef45af2bf918666960435.png"
https://www.catch.com.au/product/thin-lizzy-flawless-complexion-liquid-foundation-missy-8508487/,,8508487,"Health & Beauty, Make Up, Complexion, Foundations",Thin Lizzy,Thin Lizzy Flawless Complexion Liquid Foundation Missy,38.49,54.99,38.49,,"User-friendly liquid foundation, easy blend and build. Lightweight & high coverage for flawless looking skin Liquid foundation brings your skin to life. Our unique liquid-to-powder formulation blurs imperfections like fine lines, minimises the appearance of pores, and evens out skin tone. Plus, it's instantly hydrating and plumps up the skin making it look smooth and fresh all day. Feels soft and weightless, gives you a dewy, flawless finish that lasts. No nasty skin-clogging ingredients like cakey powders or oily moisturisers, only the good stuff. Looks like natural skin, but better. For a seamless application use the specially designed Blurring Brush and Blending Sponge Key Benefits: Our special formulation makes this foundation perfect for special events and flash photography! Say goodbye to flashback Medium to full coverage with a 'light as air' formula to prevent your foundation from caking Lasts all day with minimal touch ups required No animals were harmed in the making of this foundation",,,,8508487,https://s.catch.com.au/images/product/0052/52675/656e1a217abe6857908094.png
https://www.catch.com.au/product/m-a-c-studio-fix-powder-plus-foundation-15g-nw55-22626124/,,22626124,"Health & Beauty, Make Up, Complexion, Foundations",M.A.C,M.A.C Studio Fix Powder Plus Foundation 15g - NW55,57,,57,,"Product Description
A one-step powder and foundation that gives skin a smooth and even ultra-matte finish with medium-to-full buildable coverage, with a velvety texture that allows skin to breathe. MAC Studio Fix Powder Plus Foundation is long-wearing, colour-true, non-caking, non-streaking and non-settling – all for 12 hours. This pressed powder foundation is available in MAC's most inclusive range of colours.
Product Highlights:
Powder formula stays matte all day long without looking flat  Shades stay true to colour and don’t oxidise on the skin  Sweat and humidity-resistant formula doesn’t crease, cake, or fade
Formulated Without:
Oil, Phthalates, Paraben, Retinyl Palmitate, Mineral Oil, Petrolatum, Formaldehyde, Hydroquinone, Triclosan, Coal Tar, Toluene, Lauryl Sulfate, Laureth Sulfate
Usage & Ingredients Directions of Use:
Apply MAC Studio Fix Powder Plus Foundation with the included sponge applicator for more coverage. ;  If using the sponge, make sure to replace it every few weeks and store it in the compartment underneath the powder instead of storing it on top of the powder.  Or, swirl a brush in MAC Studio Fix Powder Plus Foundation. ;  Tap off excess.  Blend on skin until desired coverage is reached.
**Beauty Tip: ;**Try finishing your application with a light veil of Fix+ for a fresh, skin-like glow.
Ingredients:
Talc, Silica, Isostearyl Palmitate, Methicone, Caprylyl Glycol, Hexylene Glycol, Phenoxyethanol, [+/- Titanium Dioxide (Ci 77891), Iron Oxides (Ci 77491, Ci 77492, Ci 77499), Chromium Oxide Greens (Ci 77288), Ultramarines (Ci 77007)] ;ILN29838 ;",,,,22626124,"https://s.catch.com.au/images/product/0134/134771/64ffe97280938498229354.png,
https://s.catch.com.au/images/product/0134/134771/64ffe97336d71904993226.png"
https://www.catch.com.au/product/dior-forever-clean-matte-24h-wear-foundation-30ml-3wo-warm-olive-22601448/,,22601448,"Health & Beauty, Make Up, Complexion, Foundations",Dior,Dior Forever Clean Matte 24H Wear Foundation 30ml - 3WO Warm Olive,98,,98,,"PRODUCT DESCRIPTION
Ideal for oily and combination skin, Dior Forever Clean Matte Foundation leaves skin with a flawless, soft-matte finish that keeps oil production at bay. This transfer-proof foundation works to refine pores and perfect skin thanks to nourishing skincare ingredients.
Dior Forever Clean Matte Foundation is a blendable, high-coverage foundation that diminishes the appearance of imperfections. The long-wearing formula reduces the appearance of pores for perfectly smooth, blemish-free skin.
Dior Forever Clean Matte Foundation is available in:  30ml
Formulated Without:
Parabens, Phthalates ;
USAGE & INGREDIENTS Directions of Use:
1. Start applying the Dior Forever Clean Matte Foundation by dabbing onto areas that require correction, then blend by smoothing with fingertips. ;
2. For totally even coverage over the entire face, you can use a foundation brush. ;
Ingredients:
#15866 Aqua /Water), Methyl Trimethicone, Isododecane, Alcohol, Butylene Glycol, Titanium Dioxide, Peg-9 Polydimethylsiloxyethyl Dimethicone, Ethylhexyl Salicylate, Synthetic Fluorphlogopite, Acrylates/Poly Trimethylsilyl Methacrylate Copolymer, Silica, Dimethicone, Acrylates/Dimethicone Copolymer, Iris Florentina Root Extract, Disteardimonium Hectorite, Polyglyceryl-10 Decaisostearate, Cetyl Dimethicone, Sodium Myristoyl Glutamate, Parfum (Fragrance), Propylene Carbonate, Chlorphenesin, Alumina, Stearic Acid, Aluminum Hydroxide, Tromethamine, Hydrolyzed Viola Tricolor Extract, Tocopherol, Tropaeolum Majus Flower/Leaf/Stem Extract, Rosa Multiflora Fruit Extract, 1,2-Hexanediol, Caprylyl Glycol, Sodium Benzoate, Potassium Sorbate, [+/- Ci77891 (Titanium Dioxide), Ci 77491, Ci 77492, Ci
77499 (Iron Oxides)1",,,,22601448,"https://s.catch.com.au/images/product/0134/134590/656d3b3fb65c7014368402.png,
https://s.catch.com.au/images/product/0134/134590/64f7fdf4d739e375897781.png"
https://www.catch.com.au/product/m-a-c-studio-radiance-face-and-body-radiant-sheer-foundation-50ml-w4-22603236/,,22603236,"Health & Beauty, Make Up, Complexion, Foundations",M.A.C,M.A.C Studio Radiance Face and Body Radiant Sheer Foundation 50ml - W4,57,,57,,"PRODUCT DESCRIPTION
Long beloved on red carpets and runways around the world, MAC Studio Radiance Face and Body Radiant Sheer Foundation promises to reveal – and never conceal – the real you with a sheer, radiant, my-skin-but-better finish. ;
This formula provides a sheer buildable veil of coverage with a natural, radiant glow. It delivers refreshing, instant hydration in an ultra-light, waterproof formula with all-day comfort and wear. Does not cause acne.
Product Highlights:
Instantly hydrates skin, warding off dry skin flakes  Waterproof formula lasts on the skin  Ideal for all skin types and non-comedogenic
Formulated Without:
Oil, Phthalates, Paraben, Retinyl Palmitate, Mineral Oil, Petrolatum, Formaldehyde, Hydroquinone, Triclosan, Coal Tar, Toluene, Lauryl Sulfate, Laureth Sulfate
USAGE & INGREDIENTS How to Use MAC Studio Radiance Face and Body Radiant Sheer Foundation:
Apply and blend to skin using fingers, a beauty sponge, or makeup brush.
Ingredients:
Water\Aqua\Eau, Dimethicone, Hydrogenated Polyisobutene, Butylene Glycol, Vp/Hexadecene Copolymer, Stearic Acid, Phenyl Trimethicone, Polyglyceryl-3 Diisostearate, Ethylhexyl Hydroxystearate, Vp/Eicosene Copolymer, Talc, Trimethylsiloxysilicate, Tocopherol, Tocopheryl Acetate, Fusanus Spicatus Wood Oil, Citrus Aurantium Dulcis (Orange) Peel Oil, Magnesium Aluminum Silicate, Triethanolamine, Polysorbate 20, Xanthan Gum, Cetyl Alcohol, Farnesol, Disodium Edta, Phenoxyethanol, Chlorphenesin, [+/- Mica, Titanium Dioxide (Ci 77891), Iron Oxides (Ci 77491), Iron Oxides (Ci 77492), Iron Oxides (Ci 77499)] ;ILN48879 ;",,,,22603236,"https://s.catch.com.au/images/product/0134/134625/64edd7b3bba0c621345147.png,
https://s.catch.com.au/images/product/0134/134625/656d3b35c4156041373913.png"
https://www.catch.com.au/product/zuii-organic-certified-organic-lux-flawless-foundation-ivory-6184444/,,6184444,"Health & Beauty, Make Up, Complexion, Foundations",Zuii Organic,Zuii Organic Certified Organic Lux Flawless Foundation Ivory,69,,69,,"Zuii Organic Lux Flawless Liquid Foundation offers maximum coverage with a smooth, natural finish. Zuii power plant extract bulbine fructose leaf juice will boost collagen and tighten your skin, while pavlova lutheri extract will protect your skin from air pollutants. This is the perfect organic foundation if you want to look flawless, feed your skin beautiful nutrients and protect your skin from pollutants at the same time! It doesn't get any better than wearing flowers on your face! Zuii Organic offers a range of certified organic and vegan makeup products, never compromising on quality. Please note that samples contain a small amount of product for 1-3 wears to test colour and are not in standard packaging.
If you wear Ivory, be sure to use:
Ivory Flora Powder Foundation  Beige Light Flora Liquid Foundation  Buff Flora Ultra Powder Foundation  Buff Flora Loose Powder Foundation
Ingredients
Phyllostachys Bambusoides (Bamboo) Juice*, Aqua, Helianthus Annuus (Sunflower) Seed Oil*, Glycerin*, Prunus Amygdalus, Dulcis (Almond) Oil*, Theobroma Cacao (Cocoa) Seed Butter*, Butyrospermum Parkii (Shea) Butter*, Mica, Camellia Oleifera (Camellia) Seed Oil*, ojoba Esters, Isoamyl Laurate, Cetearyl Alcohol, Cymbopogon Martini (Palmarosa) Oil*, Pelargonium Graveolens (Geranium) Flower Oil*, Glyceryl Stearate, Chamomilla Recutita (Matricaria) Extract*, Daucus, Carota Sativa (Carrot) Root Extract*, Rosa Damascena Flower Oil*, Glyceryl Caprylate, Coconut Alkanes, Coco-Caprylate/Caprate, Caprylyl/Capryl Wheat Bran/Straw Glycosides, Polyglyceryl-5 Oleate, Sodium Cocoyl Glutamate, Lonicera Caprifolium (Honeysuckle) Flower Extract, Tocopherol, Ascorbyl Palmitate, Citrus Aurantium Dulcis (Orange) Peel Oil* , Bulbine Frutescens Leaf Juice, Sodium Benzoate, Potassium Sorbate, Citric Acid, Brassica Campestris/Aleurites Fordi Oil Copolymer, Caprylic/Capric Triglyceride, Persea Gratissima (Avocado) Oil, Pavlova Lutheri Extract. *Certified Organic Ingredients. May contain +/- (CI77891, CI77491, CI77492, CI77499,CI77007)",,,,6184444,"https://s.catch.com.au/images/product/0138/138076/64e74be9b649f236277972.png,
https://s.catch.com.au/images/product/0138/138076/64e74bea694d2685415163.png,
https://s.catch.com.au/images/product/0138/138076/64e74beadb490976833119.png,
https://s.catch.com.au/images/product/0138/138076/64e74beb3dd92808495129.png,
https://s.catch.com.au/images/product/0138/138076/64e74beb97ef6282662990.png"
https://www.catch.com.au/product/maybelline-fit-me-matte-poreless-liquid-foundation-118-light-beige-40ml-1-3oz-23977419/,,23977419,"Health & Beauty, Make Up, Complexion, Foundations",Maybelline,Maybelline Fit Me Matte + Poreless Liquid Foundation  # 118 Light Beige 40ml/1.3oz,9.27,,9.27,,"A medium coverage foundation that controls shine & blurs pores  Provides a lightweight skin-fit texture without clogging pores  Infused with Aerogel, clay & pore blurring ingredients which effectively absorb sebum  SPF 22 protects against harmful UV rays  Provides a lightweight & comfort matte finish up to 16 hours  No added fragrance & non comedogenic  Dermatologist and allergy tested for sensitive skin",,,,23977419,https://s.catch.com.au/images/product/0159/159351/659de72290f34187144976.jpg
https://www.catch.com.au/product/cinema-secrets-ultimate-foundation-5-in-1-pro-palette-400-series-medium-peach-beige-undertones-12-5g-0-44oz-6390253/,,6390253,"Health & Beauty, Make Up, Complexion, Foundations",Cinema Secrets,Cinema Secrets Ultimate Foundation 5 In 1 Pro Palette  # 400 Series (Medium Peach Beige Undertones) 12.5g/0.44oz,59.4,59.4,59.4,,"Ultimate Foundation 5 In 1 Pro Palette# 400 Series (Medium Peach Beige Undertones):  5x Ultimate Foundation 2.5g/0.09oz (401-71, 402-12, 403-05, 404-03A, 405-17)  Contains five highly pigmented, silicone-based shades  Features a water-resistant, long-wearing formula  Helps color correct, contour & highlight for a perfect custom blend  Provides expert-level customization to match any skin tone with effortless ease  Gives sheer to full coverage with a natural, matte finish  Available in a range of palettes for matching  Paraben-free & cruelty-free",,,,6390253,https://s.catch.com.au/images/product/0156/156698/6575d30a3d160199689985.jpg
https://www.catch.com.au/product/clinique-superbalanced-makeup-no-11-cn-72-sunny-kxja-11-074664-30ml-1oz-8874145/,,8874145,"Health & Beauty, Make Up, Complexion, Foundations",Clinique,Clinique Superbalanced MakeUp - No. 11 / CN 72 Sunny KXJA-11 / 074664 30ml/1oz,60.5,,60.5,,"A smart, oil-free liquid foundationFeatures a silky texture that blends seamlessly with skinDelivers moisture while absorbing excess oilProvides moderate, adjustable coverageGives an even, smooth, natural & flawless finishIdeal for dry combination to combination oily skin",,,,8874145,https://s.catch.com.au/images/product/0054/54493/61396fd390014902248474.jpg
https://www.catch.com.au/product/db-cosmetics-mineral-veil-spf25-powder-foundation-15g-light-17922049/,,17922049,"Health & Beauty, Make Up, Complexion, Foundations",DB Cosmetics,DB Cosmetics Mineral Veil SPF25 Powder Foundation 15g - Light,17.99,17.99,17.99,,"When you're getting ready to head out for the day, you want makeup that's built to last and look fantastic from start to finish. Lucky for you, DB Cosmetics has your back. Providing flawless coverage, this nourishing powder foundation is an essential addition to any makeup bag.
Features:
DB Cosmetics Mineral Veil SPF25 Powder Foundation 15g  Shade: Light  Mineral foundation, flawless coverage  Designed to calm and nourish the skin  Conceals blemishes and evens out the skin  Protects against harmful UVA and UVB damage  Green tea, pomegranate, vitamins E and C and polypeptides  Please note:  product must be used within 12 months of opening",,,,17922049,https://s.catch.com.au/images/product/0110/110910/63623ba383b5d383194307.jpg
https://www.catch.com.au/product/mineral-fusion-liquid-foundation-warm-3-30ml-6933886/,,6933886,"Health & Beauty, Make Up, Complexion, Foundations",Mineral Fusion,Mineral Fusion Liquid Foundation - Warm 3 - 30ml,123,,123,,"Mineral Fusion Liquid Foundation gives your skin that I-woke-up-like-this look thanks to its luxe, matte full coverage that won't streak, crease, or look anything but flawless.
Helps encourage firmer, more youthful skin with an antioxidant-rich blend of Green Tea, Pomegranate, Vitamin C, and Peptides. For a skin-soothing touch, Licorice Root, Aloe Vera, and Lavender combine for a seriously calming effect.
Warm 3 Golden - suitable for medium to tan skin with golden undertones.
Size: 1.0 fl oz. 30ml
Everything to Feel Good About:
Hypoallergenic - Cruelty Free - Vegan - No Harsh Ingredients - Talc Free - Fragrance Free - Paraben Free - Phthalate Free
Application:
So easy to apply, simply smooth on with your fingers and go. Blend with a brush if desired.
Ingredients:
Water (Aqua), Isopropyl Palmitate, Sorbitan Sesquioleate, Caprylic/Capric Triglyceride, Vegetable Glycerin, Silica, Mica, Cetearyl Alcohol, Potassium Cetyl Phosphate, Polysorbate 20, Dimethicone, Palmitoyl Tripeptide-5, Carthamus Tinctorius (Safflower) Seed Oil, Chamomilla Recutita (Matricaria) Flower Extract, Lavandula Angustifolia (Lavender) Flower Extract, Olea Europaea (Olive) Leaf Extract, Punica Granatum (Pomegranate) Extract, Aspalathus Linearis (Rooibos) Leaf Extract, Glycyrrhiza Glabra (Licorice) Leaf Extract, Aloe Barbadensis (Aloe Vera) Leaf Juice, Ascorbyl Palmitate, Tocopherol, Camellia Sinensis (Green Tea) Leaf Extract, Caprylyl Glycol, Ethylhexylglycerin, Hydroxyethylcellulose, Phenoxyethanol. May Contain (+/-): Iron Oxides, Titanium Dioxide.",,,,6933886,https://s.catch.com.au/images/product/0038/38649/5fbb486737ef0496050602.jpg
https://www.catch.com.au/product/bys-all-day-wear-foundation-natural-beige-10770629/,,10770629,"Health & Beauty, Make Up, Complexion, Foundations",BYS Cosmetics,BYS All Day Wear Foundation Natural Beige,11.95,,11.95,,"Achieve a flawless face base that lasts with BYS All Day Wear Foundation. This high performance, SPF 20 liquid foundation melts seamlessly into the skin and doesn't cake or flake. Offering buildable coverage, it's formulated with skin nurturing Argan Oil to help boost hydration levels, antioxidant Vitamin E to help keep skin soft and smooth, Peptides and Vitamin C to help promote good skin tone and Hyaluronic Acid to help restore skin elasticity.",,,,10770629,https://s.catch.com.au/images/product/0063/63514/64a562312d702674920715.jpg
https://www.catch.com.au/product/yves-saint-laurent-touche-eclat-le-teint-long-wear-glow-foundation-b40-sand-25ml-0-84oz-10415216/,,10415216,"Health & Beauty, Make Up, Complexion, Foundations",Yves Saint Laurent,Yves Saint Laurent Touche Eclat Le Teint Long Wear Glow Foundation  # B40 Sand 25ml/0.84oz,103.44,103.44,103.44,,"A radiant, full coverage & protective foundation   Unique pigment coating technology gives even makeup results   Offers 24 hours of hydration in a weightless creamy texture  Enriched with marigold bloom & mallow flower to protect skin from dryness & pollution  Loaded with Macadamia oil to enhance skin’s luminosity all day long  Protects skin against harmful UV rays with SPF 10  Leaves skin brighter-looking & more even toned  Suitable for sensitive skin   Non-comedogenic & dermatologist-tested",,,,10415216,https://s.catch.com.au/images/product/0156/156700/6575d34c6fcba528181780.jpg
https://www.catch.com.au/product/shiseido-synchro-skin-radiant-lifting-foundation-230-alder-30ml-1-2oz-7364283/,,7364283,"Health & Beauty, Make Up, Complexion, Foundations",Shiseido,Shiseido Synchro Skin Radiant Lifting Foundation  # 230 Alder 30ml/1.2oz,66.94,65.4,66.94,,"A medium-to-full coverage, weightless liquid foundation  Contains microcrystals & luminous pearls for a smoother, firmer skin canvas to optimally reflect light  Infused with mandarin peel extract to support skin’s radiance  Loaded with an exclusive blend of humectants to bind moisture to skin for 24-hour hydration  Protects skin against harmful UV rays with SPF 30  Available in a wide array of shades for matching",,,,7364283,https://s.catch.com.au/images/product/0156/156700/6575d34797988071348038.jpg
https://www.catch.com.au/product/vani-t-skin-perfector-hd-serum-foundation-f29-6512402/,,6512402,"Health & Beauty, Make Up, Complexion, Foundations",VANI-T,VANI-T Skin Perfector HD Serum Foundation F29,58.95,,58.95,,"If you love liquid foundation but crave some multitasking, skin-perfecting oomph, then the VANI-T Skin Perfector HD Serum Foundation is exactly what your skin ordered.
Skin Perfector HD Serum Foundation instantly gives a smooth, pore-diffusing finish that easily builds to medium to full coverage. Plus, it's chock-full of UV filters, vitamins, and antioxidants galore. These miracle workers combine to soak up excess oils and nasty toxins, helping to improve skin tone, reduce pore size and brighten your skin.
Slippery, greasy and shiny foundation begone! Our matte, oil-free serum foundation is made with climate-adaptive technology that’s resistant to sweat and humidity (it’s designed to play all day), and won’t clog pores (we’ve got you, oily skinned babes). Totally weightless means you won’t even know you’re wearing it, and the flawless finish means neither will anyone else.
Long wearing, buildable coverage and a cake-free, nourished visage. Consider this your daily skin elixir.",,,,6512402,"https://s.catch.com.au/images/product/0034/34127/5f21205809436241553641.png,
https://s.catch.com.au/images/product/0034/34127/5f212058cf6f6964206500.jpg"
https://www.catch.com.au/product/hanami-vegan-cruelty-free-and-10-free-nail-polish-octopuss-garden-15-ml-6127355/,,6127355,"Health & Beauty, Make Up, Complexion, Foundations",Hanami Cosmetics,"Hanami Vegan, Cruelty Free and 10 Free Nail Polish - Octopus's Garden 15 ml",21.95,21.95,21.95,,"So why not show yours some love by treating your nails to a coat or two (or three if you just cannot stop yourself) of this super smooth, non chipping vegan and natural nail polish. Even the nail polish brush is vegan. Oh, and did we mention its free from the nasty chemicals most varnishes are made from? Ten Free Breathable & Water Permeable Formula means: free from DBP, toluene, formaldehyde, formaldehyde resin, camphor, parabens, xylene, ethyl tosylamide, fragrances and animal ingredients. Hanami also have also got rid of benzophenone-1 and styrene from their formula - way less chemicals and so much better for you than commercial nail polish!
Key Features
Vegan  Cruelty free  PETA certified  Australian made
Usage
To get the most out of Hanami 10 free nail polish, it's important to always start your manicure with clean nailsGive each nail a gentle wipe with nail polish remover to remove any dirt or oilSweep the brush over each fingernail from base to tip, allow to dryApply over second coat of color for a long wearing, chip-resistant finishFor a longer wearing, chip resistant finish, seal with either Hanami Top & Base Coat or Matte Top CoatIngredients
Ethyl Acetate, Butyl Acetate, Nitrocellulose, Adipic Acid/Neopentyl Glycol/TrimellItic Anhydride Copolymer, Acetyl Tributyl Citrate, Isopropyl Alcohol, Trimethyl siloxysilicate, Stearalkonium Bentonite, N-Butyl Alcohol, Acrylates Copolymer, Polyvinyl Butyral, Trimethyl Pentanediyl Dibenzoate, Mica (CI77019), Polyethylene Terephthalate. May Contain +/-: CI 15850 Red 7 Lake, CI 15850 Red 6 Lake, CI 77499 Black Iron Oxide, CI 77891 Titanium Dioxide, CI 15880 Red 34 Lake, CI 77163 Bismuth Oxychloride, CI 77491 Iron Oxide, CI 77510 Ferric Ferrocyanide, CI 19140 Yellow 5 Lake, CI 45380 Red 22, CI 60725 Violet 2, CI 47005 Yellow 10, CI 47000 Yellow 11, CI 77000 Aluminium Powder, CI 42090 Blue 1, CI 77007 Ultramarine Blue, CI 60730 Violet 2 EXT, CI 45410 Red 28, Silica.",,,,6127355,"https://s.catch.com.au/images/product/0126/126810/64e74bd4ae95e075982814.png,
https://s.catch.com.au/images/product/0126/126810/64e74bd535e0d448009140.png"
https://www.catch.com.au/product/inika-loose-mineral-foundation-spf25-8g-trust-11812664/,,11812664,"Health & Beauty, Make Up, Complexion, Foundations",INIKA,INIKA Loose Mineral Foundation SPF25 8g - Trust,69,,69,,"INIKA Loose Mineral Foundation SPF25 is a best-selling foundation that uses the power of natural mica and zinc to blur imperfections and mattify skin for a natural makeup look that lasts all day long.
Recommended Skin Types: All Skin Types
Coverage: Medium
Finish: Matte
PRODUCT DESCRIPTION
USAGE & INGREDIENTS",,,"Key Ingredients: 
Mineral Mica, Zinc Oxide",11812664,"https://s.catch.com.au/images/product/0068/68936/64e88d654ab4f307915953.jpg,
https://s.catch.com.au/images/product/0144/144534/64e88d65a03d0285177980.jpg"
https://www.catch.com.au/product/cinema-secrets-ultralucent-setting-powder-soft-light-19g-0-67oz-6390972/,,6390972,"Health & Beauty, Make Up, Complexion, Foundations",Cinema Secrets,Cinema Secrets Ultralucent Setting Powder  # Soft Light 19g/0.67oz,35.94,,35.94,,"An ultra-fine, mineral-based loose powder  Vegan, organic & moisture-resistant formula allows skin to breathe easily  Contains triple-milled tapioca starch, rosemary & sage leaf extract  Helps prevent shine & controls oil while locking in makeup  Talc-free, paraben-free & cruelty-free  Available in a range of shades to match any skin tone",,,,6390972,https://s.catch.com.au/images/product/0156/156698/6575d30a48845353787400.jpg
https://www.catch.com.au/product/inika-certified-organic-loose-mineral-foundation-powder-spf-25-joy-6792710/,,6792710,"Health & Beauty, Make Up, Complexion, Foundations",Inika Organic,INIKA Certified Organic Loose Mineral Foundation Powder SPF 25 - Joy,49,,49,,"The ultimate flawless, buildable coverage with 100% natural ingredients. It can be worn alone or over liquid foundation for an even and long-lasting finish.
PRODUCT DESCRIPTION Silky texture results in an airbrushed finish that won't dry out the skin. Pure earth-derived minerals work to even the skin tone and disguise conditions such as acne, scarring, rosacea or pigmentation. Naturally-derived Titanium and Zinc Oxide provide chemical-free sun protection (SPF 25) to safeguard the skin against harmful UV rays. Key Benefits: ; 100% pure Earth-derived minerals offer effortless blending and an airbrushed finish.Buildable coverage.Free from fillers and harsh chemicals.Won’t clog pores or irritate skin. USAGE & INGREDIENTS  Directions of Use : ;
Turn the internal sifter lid to control the amount of product dispensed.  Replace lid and gently tap to release powder.  Slowly and carefully remove lid while keeping product upright to help prevent mess.  Pick up a small amount of powder with your Vegan Kabuki or Vegan Foundation Brush, and swirl around in the lid to evenly coat for flawless application.  Apply in light, circular motions.  Repeat to build coverage in areas as needed.
Ingredients : ;
Mica (CI 77019); Zinc Oxide (CI 77947); Titanium Dioxide (CI 77891); Iron Oxides (CI 77491, CI 77492, CI77499); Ultramarines (CI 77007).",,,,6792710,"https://s.catch.com.au/images/product/0054/54230/6193d7c6d806f237604232.jpg,
https://s.catch.com.au/images/product/0054/54230/6193d7c732691427643942.jpg"
https://www.catch.com.au/product/zuii-organic-certified-organic-flora-eyeshadow-sapphire-1-5-g-6184402/,,6184402,"Health & Beauty, Make Up, Complexion, Foundations",Zuii Organic,Zuii Organic Certified Organic Flora Eyeshadow Sapphire (1.5 g),24.95,,24.95,,"Zuii Organic unique talc free certified organic floral blend of rose, chamomile and jasmine powders enriched with natural vitamins and minerals delivers both a subtle and sophisticated colour palette to soothe and nourish your eyelids plus vibrant, full pigment shades for dynamic effects. Vegan & cruelty free.
Suggestions
Base Colours - Mustard & Chestnut  Highlighters - Vanilla Frost, White Diamond & Purple Ice  Shaders - Bronze, Black Diamond, Moss, Slate, Sapphire",,,,6184402,"https://s.catch.com.au/images/product/0133/133147/64dc242d12a45988874679.png,
https://s.catch.com.au/images/product/0133/133147/64dc242dd005c501600622.jpg,
https://s.catch.com.au/images/product/0133/133147/64dc242e21ed7596376977.png"
https://www.catch.com.au/product/m-a-c-studio-fix-fluid-spf15-foundation-30ml-nc45-5-22601425/,,22601425,"Health & Beauty, Make Up, Complexion, Foundations",M.A.C,M.A.C Studio Fix Fluid SPF15 Foundation 30ml - NC45.5,57,,57,,"Product Description
24-hour colour-true foundation in a wide range of shades. Buildable, medium to full coverage in a natural matte finish that won’t cake, crease or settle into fine lines or pores. MAC Studio Fix Fluid SPF15 Foundation is a lightweight, oil-free formula that provides all-day hydration and won’t cause breakouts. For ALL skin types.
This cult-favourite foundation from MAC is oil-free and won’t clog pores, perfect for all skin types - even acne-prone skin. MAC Studio Fix Fluid SPF15 Foundation won’t cake or crease on skin, and is sweat and humidity resistant for a long-lasting makeup look. ;
Product Highlights:
SPF 15 for protection from harmful UV rays  Infuses skin with all-day hydration without adding shine  Minimises the look of pores
Formulated Without:
Oil, Phthalates, Paraben, Retinyl Palmitate, Mineral Oil, Petrolatum, Formaldehyde
Hydroquinone, Triclosan, Coal Tar, Toluene, Lauryl Sulfate, Laureth Sulfate
Usage & Ingredients Directions of Use:
Apply MAC Studio Fix Fluid SPF15 Foundation to the centre of the face first (or wherever you want more coverage), then use a brush to blend to the outer regions of your face.
Beauty Tip:  Try mixing MAC Studio Fix Fluid with your favourite moisturiser or oils to create a more sheer, luminous finish.
Ingredients:
Active Ingredients: Octinoxate 2.50%, Titanium Dioxide 1.00%
Ingredients: Water\Aqua\Eau, Cyclopentasiloxane, Peg-10 Dimethicone, Butylene Glycol, Trimethylsiloxysilicate, Dimethicone, Magnesium Sulfate, Laminaria Saccharina Extract, Algae Extract, Tocopheryl Acetate, Sodium Hyaluronate, Tocopherol, Lecithin, Hydrogenated Lecithin, Xanthan Gum, Sorbitan Sesquioleate, Methoxy Amodimethicone/Silsesquioxane Copolymer, Laureth-7, Dipropylene Glycol,",,,,22601425,https://s.catch.com.au/images/product/0134/134590/64e96f069a72d475948794.png
https://www.catch.com.au/product/m-a-c-studio-fix-fluid-spf15-foundation-30ml-nc47-22601410/,,22601410,"Health & Beauty, Make Up, Complexion, Foundations",M.A.C,M.A.C Studio Fix Fluid SPF15 Foundation 30ml - NC47,57,,57,,"Product Description
24-hour colour-true foundation in a wide range of shades. Buildable, medium to full coverage in a natural matte finish that won’t cake, crease or settle into fine lines or pores. MAC Studio Fix Fluid SPF15 Foundation is a lightweight, oil-free formula that provides all-day hydration and won’t cause breakouts. For ALL skin types.
This cult-favourite foundation from MAC is oil-free and won’t clog pores, perfect for all skin types - even acne-prone skin. MAC Studio Fix Fluid SPF15 Foundation won’t cake or crease on skin, and is sweat and humidity resistant for a long-lasting makeup look. ;
Product Highlights:
SPF 15 for protection from harmful UV rays  Infuses skin with all-day hydration without adding shine  Minimises the look of pores
Formulated Without:
Oil, Phthalates, Paraben, Retinyl Palmitate, Mineral Oil, Petrolatum, Formaldehyde
Hydroquinone, Triclosan, Coal Tar, Toluene, Lauryl Sulfate, Laureth Sulfate
Usage & Ingredients Directions of Use:
Apply MAC Studio Fix Fluid SPF15 Foundation to the centre of the face first (or wherever you want more coverage), then use a brush to blend to the outer regions of your face.
Beauty Tip:  Try mixing MAC Studio Fix Fluid with your favourite moisturiser or oils to create a more sheer, luminous finish.
Ingredients:
Active Ingredients: Octinoxate 2.50%, Titanium Dioxide 1.00%
Ingredients: Water\Aqua\Eau, Cyclopentasiloxane, Peg-10 Dimethicone, Butylene Glycol, Trimethylsiloxysilicate, Dimethicone, Magnesium Sulfate, Laminaria Saccharina Extract, Algae Extract, Tocopheryl Acetate, Sodium Hyaluronate, Tocopherol, Lecithin, Hydrogenated Lecithin, Xanthan Gum, Sorbitan Sesquioleate, Methoxy Amodimethicone/Silsesquioxane Copolymer, Laureth-7, Dipropylene Glycol,",,,,22601410,https://s.catch.com.au/images/product/0134/134590/64e96f062c74c512446394.png
https://www.catch.com.au/product/m-a-c-studio-radiance-face-and-body-radiant-sheer-foundation-50ml-c7-22603232/,,22603232,"Health & Beauty, Make Up, Complexion, Foundations",M.A.C,M.A.C Studio Radiance Face and Body Radiant Sheer Foundation 50ml - C7,57,,57,,"PRODUCT DESCRIPTION
Long beloved on red carpets and runways around the world, MAC Studio Radiance Face and Body Radiant Sheer Foundation promises to reveal – and never conceal – the real you with a sheer, radiant, my-skin-but-better finish. ;
This formula provides a sheer buildable veil of coverage with a natural, radiant glow. It delivers refreshing, instant hydration in an ultra-light, waterproof formula with all-day comfort and wear. Does not cause acne.
Product Highlights:
Instantly hydrates skin, warding off dry skin flakes  Waterproof formula lasts on the skin  Ideal for all skin types and non-comedogenic
Formulated Without:
Oil, Phthalates, Paraben, Retinyl Palmitate, Mineral Oil, Petrolatum, Formaldehyde, Hydroquinone, Triclosan, Coal Tar, Toluene, Lauryl Sulfate, Laureth Sulfate
USAGE & INGREDIENTS How to Use MAC Studio Radiance Face and Body Radiant Sheer Foundation:
Apply and blend to skin using fingers, a beauty sponge, or makeup brush.
Ingredients:
Water\Aqua\Eau, Dimethicone, Hydrogenated Polyisobutene, Butylene Glycol, Vp/Hexadecene Copolymer, Stearic Acid, Phenyl Trimethicone, Polyglyceryl-3 Diisostearate, Ethylhexyl Hydroxystearate, Vp/Eicosene Copolymer, Talc, Trimethylsiloxysilicate, Tocopherol, Tocopheryl Acetate, Fusanus Spicatus Wood Oil, Citrus Aurantium Dulcis (Orange) Peel Oil, Magnesium Aluminum Silicate, Triethanolamine, Polysorbate 20, Xanthan Gum, Cetyl Alcohol, Farnesol, Disodium Edta, Phenoxyethanol, Chlorphenesin, [+/- Mica, Titanium Dioxide (Ci 77891), Iron Oxides (Ci 77491), Iron Oxides (Ci 77492), Iron Oxides (Ci 77499)] ;ILN48879 ;",,,,22603232,"https://s.catch.com.au/images/product/0134/134625/64edd7b2a1781765013876.png,
https://s.catch.com.au/images/product/0134/134625/656d3b3489834750250903.png"
https://www.catch.com.au/product/2an-long-wearing-foundation-23-natural-beige-30ml-1-01oz-25546830/,,25546830,"Health & Beauty, Make Up, Complexion, Foundations",2aN,2aN Long Wearing Foundation  # 23 Natural Beige 30ml/1.01oz,35.43,,35.43,,"A long wearing foundation that provides full-coverage yet lustrous, natural & glowing finish  Contains skincare ingredients including sunflower seed oil, pelargonium graveolens flower oil, ylang-ylang flower oil, citrus aurantium bergamia (bergamot) fruit oil,  & rosa damascene flower oil  Enriched with Vitamin E to deeply nourish & soften skin  Hydrates skin & maintains its natural moisture  Helps brighten skin & anti-winkle  Provides antibacterial & anti-inflammatory effects  Shields skin with broad-spectrum SPF 30 PA++",,,,25546830,https://s.catch.com.au/images/product/0156/156705/6575d3f2bc44a049364004.jpg
https://www.catch.com.au/product/bareminerals-bare-minerals-medium-original-foundation-2g-4956028/,,4956028,"Health & Beauty, Make Up, Complexion, Foundations",BareMinerals,BareMinerals Bare Minerals Medium Original Foundation 2g,55,,55,,Bare Minerals Original Broad Spectrum Spf 15 Medium Foundation is a lightweight mineral loose powder foundation to combat oily skin and last for up to eight hours. The texture of this foundation feels incredibly soft on the skin and allows you to build a sheer to full coverage with a beautiful luminous finish. No drying and comes in a variety colours for all skin types and tones.,,,,4956028,https://s.catch.com.au/images/product/0127/127635/63a9ac2cbd056728168543.jpg
https://www.catch.com.au/product/make-up-for-ever-ultra-hd-invisible-micro-setting-loose-powder-1-1-pale-rose-16g-0-56oz-10684469/,,10684469,"Health & Beauty, Make Up, Complexion, Foundations",Make Up For Ever,Make Up For Ever Ultra HD Invisible Micro Setting Loose Powder  # 1.1 Pale Rose 16g/0.56oz,58.86,58.86,58.86,,An anti-shine loose setting powder for oily skin   Fine-as-air formula goes on after your foundation to get rid of shine   Helps mattify & set makeup for twelve hours while being totally undetectable    Allows a long-lasting makeup for 24-hour   Enhances the skin for a natural fresh finish,,,,10684469,https://s.catch.com.au/images/product/0156/156702/6575d39915391206092076.jpg
