{"SKU": "CS-ACTIVA-18133", "Type": "", "Size": "100 Wipe Canister", "Color": "", "Options": {"Main Option": "Options", "Description": "Wipes", "Size": "100 Wipe Canister", "CHOOSE PACK SIZE": "Case of (8) Pieces"}, "Price Per Each": "4.30", "Full Price": "34.4000", "Stock Status": "In Stock", "Brand": "ACTIVA", "Category": "Sanitizers and Disinfectants", "Sub Category": "Cleaning Supplies", "Material": "", "Title": "ACTIVA HARD SURFACE WIPES IN CANISTER", "Description": "Activa Hard Surface Wipes in Canister provide a fast and easy way to clean hard surfaces such as desks, doorknobs, bathroom fixtures, garbage cans, telephones, computer keyboards, sinks, chairs, ...", "Images": ["https://cdn11.bigcommerce.com/s-zd141b7qtp/products/46870/images/158452/activa-hard-surface-wipes-in-canister__63498.1709722393.386.513.jpg?c=1"], "Url": "https://directtextilestore.com/ACTIVA-HARD-SURFACE-WIPES-IN-CANISTER"}
{"SKU": "CS-ACTIVA-PT004", "Type": "", "Size": "1/2 FOLD", "Color": "", "Options": {"Main Option": "Options", "Description": "Toilet Seat Covers", "Size": "1/2 FOLD", "CHOOSE PACK SIZE": "Case of (20) Pieces"}, "Price Per Each": "1.71", "Full Price": "34.2900", "Stock Status": "In Stock", "Brand": "ACTIVA", "Category": "Cleaning Supplies", "Sub Category": "Microfiber Cleaning Products", "Material": "", "Title": "ACTIVA Paper Toilet Seat Covers", "Description": "ACTIVA&reg; Paper Toilet Seat Covers offer a more hygienic solution in public restrooms and can help to reduce unwanted litter and unsanitary conditions. These eco-friendly seat covers come in a ...", "Images": ["https://cdn11.bigcommerce.com/s-zd141b7qtp/products/46871/images/158458/activa-paper-toilet-seat-covers__77211.1709722398.386.513.jpg?c=1"], "Url": "https://directtextilestore.com/ACTIVA-Paper-Toilet-Seat-Covers"}
{"SKU": "CS-ACTIVA-PT004_250", "Type": "", "Size": "1/2 FOLD", "Color": "", "Options": {"Main Option": "Options", "Description": "Toilet Seat Covers", "Size": "1/2 FOLD", "CHOOSE PACK SIZE": "Case of (250) Pieces"}, "Price Per Each": "1.71", "Full Price": "428.5700", "Stock Status": "In Stock", "Brand": "ACTIVA", "Category": "Cleaning Supplies", "Sub Category": "Microfiber Cleaning Products", "Material": "", "Title": "ACTIVA Paper Toilet Seat Covers", "Description": "ACTIVA&reg; Paper Toilet Seat Covers offer a more hygienic solution in public restrooms and can help to reduce unwanted litter and unsanitary conditions. These eco-friendly seat covers come in a ...", "Images": ["https://cdn11.bigcommerce.com/s-zd141b7qtp/products/46871/images/158458/activa-paper-toilet-seat-covers__77211.1709722398.386.513.jpg?c=1"], "Url": "https://directtextilestore.com/ACTIVA-Paper-Toilet-Seat-Covers"}
{"SKU": "CS-ACTIVA-AD021", "Type": "", "Size": "500 Sheet Roll", "Color": "", "Options": {"Main Option": "Options", "Description": "Toilet Tissue", "Size": "500 Sheet Roll", "CHOOSE PACK SIZE": "Case of (96) Pieces"}, "Price Per Each": "0.73", "Full Price": "69.8100", "Stock Status": "In Stock", "Brand": "ACTIVA", "Category": "Cleaning Supplies", "Sub Category": "Microfiber Cleaning Products", "Material": "", "Title": "Activa Ultra Premium Toilet Tissue 2/ply", "Description": "ACTIVA&reg; Ultra PremiumTM Toilet Tissue will elevate your restroom experience. Each roll is individually wrapped in an appealing white and green package, making it ideal for a variety of ...", "Images": ["https://cdn11.bigcommerce.com/s-zd141b7qtp/products/46873/images/158671/activa-ultra-premium-toilet-tissue-2ply-activa__57587.1709722704.386.513.jpg?c=1"], "Url": "https://directtextilestore.com/Activa-Ultra-Premium-Toilet-Tissue-2-ply"}
