{"SKU": "CS91-9193", "Type": "", "Size": "1.1 Oz", "Color": "", "Options": {"Main Option": "Aromatherapy Amenities Collection", "Description": "Shampoo", "Size": "1.1 Oz", "Weight/Unit": "0.07 Lbs", "CHOOSE PACK SIZE": "Case of (200) Pieces"}, "Price Per Each": "0.28", "Full Price": "56.6300", "Stock Status": "In Stock", "Brand": "Aromatherapy", "Category": "Shampoo", "Sub Category": "Conditioner", "Material": "", "Title": "Aromatherapy Wholesale Hotel Amenities", "Description": "Introducing Aromatherapy Wholesale Hotel Amenities Collection, a line of premium guest amenities designed to impress and provide the ultimate in-room spa experience.This hotel shampoo and ...", "Images": ["https://cdn11.bigcommerce.com/s-zd141b7qtp/products/47787/images/153339/aromatherapy-wholesale-hotel-amenities__17650.1706026085.386.513.jpg?c=1", "https://cdn11.bigcommerce.com/s-zd141b7qtp/products/47787/images/148314/aromatherapy-wholesale-hotel-amenities__33965.1706019132.386.513.jpg?c=1", "https://cdn11.bigcommerce.com/s-zd141b7qtp/products/47787/images/146777/aromatherapy-wholesale-hotel-amenities__37068.1706017054.386.513.jpg?c=1", "https://cdn11.bigcommerce.com/s-zd141b7qtp/products/47787/images/151602/aromatherapy-wholesale-hotel-amenities__70585.1706023706.386.513.jpg?c=1", "https://cdn11.bigcommerce.com/s-zd141b7qtp/product_images/attribute_rule_images/303472_source_1706026132.jpg", "https://cdn11.bigcommerce.com/s-zd141b7qtp/product_images/attribute_rule_images/303473_source_1706022873.jpg", "https://cdn11.bigcommerce.com/s-zd141b7qtp/product_images/attribute_rule_images/303474_source_1706021699.jpg", "https://cdn11.bigcommerce.com/s-zd141b7qtp/product_images/attribute_rule_images/303475_source_1706023031.jpg"], "Url": "https://directtextilestore.com/aromatherapy-wholesale-hotel-amenities/"}
{"SKU": "CS91-9194", "Type": "", "Size": "1.1 Oz", "Color": "", "Options": {"Main Option": "Aromatherapy Amenities Collection", "Description": "Conditioner", "Size": "1.1 Oz", "Weight/Unit": "0.07 Lbs", "CHOOSE PACK SIZE": "Case of (200) Pieces"}, "Price Per Each": "0.29", "Full Price": "58.0400", "Stock Status": "In Stock", "Brand": "Aromatherapy", "Category": "Shampoo", "Sub Category": "Conditioner", "Material": "", "Title": "Aromatherapy Wholesale Hotel Amenities", "Description": "Introducing Aromatherapy Wholesale Hotel Amenities Collection, a line of premium guest amenities designed to impress and provide the ultimate in-room spa experience.This hotel shampoo and ...", "Images": ["https://cdn11.bigcommerce.com/s-zd141b7qtp/products/47787/images/153339/aromatherapy-wholesale-hotel-amenities__17650.1706026085.386.513.jpg?c=1", "https://cdn11.bigcommerce.com/s-zd141b7qtp/products/47787/images/148314/aromatherapy-wholesale-hotel-amenities__33965.1706019132.386.513.jpg?c=1", "https://cdn11.bigcommerce.com/s-zd141b7qtp/products/47787/images/146777/aromatherapy-wholesale-hotel-amenities__37068.1706017054.386.513.jpg?c=1", "https://cdn11.bigcommerce.com/s-zd141b7qtp/products/47787/images/151602/aromatherapy-wholesale-hotel-amenities__70585.1706023706.386.513.jpg?c=1", "https://cdn11.bigcommerce.com/s-zd141b7qtp/product_images/attribute_rule_images/303472_source_1706026132.jpg", "https://cdn11.bigcommerce.com/s-zd141b7qtp/product_images/attribute_rule_images/303473_source_1706022873.jpg", "https://cdn11.bigcommerce.com/s-zd141b7qtp/product_images/attribute_rule_images/303474_source_1706021699.jpg", "https://cdn11.bigcommerce.com/s-zd141b7qtp/product_images/attribute_rule_images/303475_source_1706023031.jpg"], "Url": "https://directtextilestore.com/aromatherapy-wholesale-hotel-amenities/"}
{"SKU": "CS91-9195", "Type": "", "Size": "1.1 Oz", "Color": "", "Options": {"Main Option": "Aromatherapy Amenities Collection", "Description": "Bath & Shower gel", "Size": "1.1 Oz", "Weight/Unit": "0.07 Lbs", "CHOOSE PACK SIZE": "Case of (200) Pieces"}, "Price Per Each": "0.30", "Full Price": "59.2700", "Stock Status": "In Stock", "Brand": "Aromatherapy", "Category": "Shampoo", "Sub Category": "Conditioner", "Material": "", "Title": "Aromatherapy Wholesale Hotel Amenities", "Description": "Introducing Aromatherapy Wholesale Hotel Amenities Collection, a line of premium guest amenities designed to impress and provide the ultimate in-room spa experience.This hotel shampoo and ...", "Images": ["https://cdn11.bigcommerce.com/s-zd141b7qtp/products/47787/images/153339/aromatherapy-wholesale-hotel-amenities__17650.1706026085.386.513.jpg?c=1", "https://cdn11.bigcommerce.com/s-zd141b7qtp/products/47787/images/148314/aromatherapy-wholesale-hotel-amenities__33965.1706019132.386.513.jpg?c=1", "https://cdn11.bigcommerce.com/s-zd141b7qtp/products/47787/images/146777/aromatherapy-wholesale-hotel-amenities__37068.1706017054.386.513.jpg?c=1", "https://cdn11.bigcommerce.com/s-zd141b7qtp/products/47787/images/151602/aromatherapy-wholesale-hotel-amenities__70585.1706023706.386.513.jpg?c=1", "https://cdn11.bigcommerce.com/s-zd141b7qtp/product_images/attribute_rule_images/303472_source_1706026132.jpg", "https://cdn11.bigcommerce.com/s-zd141b7qtp/product_images/attribute_rule_images/303473_source_1706022873.jpg", "https://cdn11.bigcommerce.com/s-zd141b7qtp/product_images/attribute_rule_images/303474_source_1706021699.jpg", "https://cdn11.bigcommerce.com/s-zd141b7qtp/product_images/attribute_rule_images/303475_source_1706023031.jpg"], "Url": "https://directtextilestore.com/aromatherapy-wholesale-hotel-amenities/"}
{"SKU": "CS91-9196", "Type": "", "Size": "1.1 Oz", "Color": "", "Options": {"Main Option": "Aromatherapy Amenities Collection", "Description": "Body Lotion", "Size": "1.1 Oz", "Weight/Unit": "0.07 Lbs", "CHOOSE PACK SIZE": "Case of (200) Pieces"}, "Price Per Each": "0.29", "Full Price": "58.0000", "Stock Status": "In Stock", "Brand": "Aromatherapy", "Category": "Shampoo", "Sub Category": "Conditioner", "Material": "", "Title": "Aromatherapy Wholesale Hotel Amenities", "Description": "Introducing Aromatherapy Wholesale Hotel Amenities Collection, a line of premium guest amenities designed to impress and provide the ultimate in-room spa experience.This hotel shampoo and ...", "Images": ["https://cdn11.bigcommerce.com/s-zd141b7qtp/products/47787/images/153339/aromatherapy-wholesale-hotel-amenities__17650.1706026085.386.513.jpg?c=1", "https://cdn11.bigcommerce.com/s-zd141b7qtp/products/47787/images/148314/aromatherapy-wholesale-hotel-amenities__33965.1706019132.386.513.jpg?c=1", "https://cdn11.bigcommerce.com/s-zd141b7qtp/products/47787/images/146777/aromatherapy-wholesale-hotel-amenities__37068.1706017054.386.513.jpg?c=1", "https://cdn11.bigcommerce.com/s-zd141b7qtp/products/47787/images/151602/aromatherapy-wholesale-hotel-amenities__70585.1706023706.386.513.jpg?c=1", "https://cdn11.bigcommerce.com/s-zd141b7qtp/product_images/attribute_rule_images/303472_source_1706026132.jpg", "https://cdn11.bigcommerce.com/s-zd141b7qtp/product_images/attribute_rule_images/303473_source_1706022873.jpg", "https://cdn11.bigcommerce.com/s-zd141b7qtp/product_images/attribute_rule_images/303474_source_1706021699.jpg", "https://cdn11.bigcommerce.com/s-zd141b7qtp/product_images/attribute_rule_images/303475_source_1706023031.jpg"], "Url": "https://directtextilestore.com/aromatherapy-wholesale-hotel-amenities/"}
