{"SKU": "BRS-18233", "Type": "", "Size": "16.9 Oz", "Color": "", "Options": {"Main Option": "Options", "Description": "Pump Bottle", "Size": "16.9 Oz", "CHOOSE PACK SIZE": "Case of (6) Pieces"}, "Price Per Each": "7.44", "Full Price": "44.6300", "Stock Status": "In Stock", "Brand": "Cellapy", "Category": "Sanitizers and Disinfectants", "Sub Category": "Cleaning Supplies", "Material": "", "Title": "Dr. Sanitizer Instant Hand Sanitizing Gel", "Description": "Promoting Cellapy's DR. SANITIZER INSTANT HAND SANITIZER: an effective 76% alcohol-based solution that quickly reduces dangerous germs on hands while providing protection against a wide range of ...", "Images": ["https://cdn11.bigcommerce.com/s-zd141b7qtp/products/46342/images/151134/dr-sanitizer-instant-hand-sanitizing-gel-cellapy__60425.1706023083.386.513.jpg?c=1"], "Url": "https://directtextilestore.com/Dr-Sanitizer-Instant-Hand-Sanitizing-Gel"}
