{"SKU": "GRPTTHCOMBO-288", "Type": "", "Size": "Case of (144) Pieces", "Color": "", "Options": {"Main Option": "Colgate", "Description": "Toothbrush/Toothpaste Combo Pack", "CHOOSE PACK SIZE": "Case of (144) Pieces"}, "Price Per Each": "0.76", "Full Price": "109.3600", "Stock Status": "In Stock", "Brand": "Colgate", "Category": "", "Sub Category": "", "Material": "", "Title": "Colgate Toothpaste And Toothbrush - Combo Pack", "Description": "Colgate&reg; Toothbrush/Toothpaste Combo Pack. Each pack contains a toothbrush and a .85 oz toothpaste tube, individually cellophane wrapped for hygiene.Available in bulk cases of 144, this combo ...", "Images": ["https://cdn11.bigcommerce.com/s-zd141b7qtp/products/47877/images/155414/colgate-toothpaste-and-toothbrush-combo-pack__46478.1707127711.386.513.jpg?c=1"], "Url": "https://directtextilestore.com/colgate-toothpaste-and-toothbrush-combo-pack/"}
