{"SKU": "GTGMBLUS30", "Type": "", "Size": "16 X 19", "Color": "Blue Stripe", "Options": {"Main Option": "Golf Towel - 100% Cotton Terry", "Size": "16 X 19", "Color": "Blue Stripe", "Weight/Dz": "30 Oz", "CHOOSE PACK SIZE": "Case of (600) Pieces"}, "Price Per Each": "2.00", "Full Price": "1198.0000", "Stock Status": "In Stock", "Brand": "Direct Textile Store 105", "Category": "Towels", "Sub Category": "Center Stripe Towels", "Material": "100% Cotton", "Title": "Blank Golf Towels Wholesale With Grommet and Hook- Cotton Terry Stripe", "Description": "These Blank Golf Towels Wholesale With Grommet and Hook are Cotton Terry Stripe and perfect for cleaning golf clubs or other golf equipment. These are blank towels and are ready for embroidery to ...", "Images": ["https://cdn11.bigcommerce.com/s-zd141b7qtp/products/48348/images/152400/blank-golf-towels-wholesale-with-grommet-and-hook-cotton-terry-stripe-still-waters-luxury-textiles__21913.1706024790.386.513.jpg?c=1", "https://cdn11.bigcommerce.com/s-zd141b7qtp/products/48348/images/153489/blank-golf-towels-wholesale-with-grommet-and-hook-cotton-terry-stripe-still-waters-luxury-textiles__15412.1706026290.386.513.jpg?c=1", "https://cdn11.bigcommerce.com/s-zd141b7qtp/products/48348/images/149421/blank-golf-towels-wholesale-with-grommet-and-hook-cotton-terry-stripe-still-waters-luxury-textiles__98324.1706020635.386.513.jpg?c=1", "https://cdn11.bigcommerce.com/s-zd141b7qtp/products/48348/images/147688/blank-golf-towels-wholesale-with-grommet-and-hook-cotton-terry-stripe-still-waters-luxury-textiles__68029.1706018284.386.513.jpg?c=1", "https://cdn11.bigcommerce.com/s-zd141b7qtp/products/48348/images/153922/blank-golf-towels-wholesale-with-grommet-and-hook-cotton-terry-stripe-still-waters-luxury-textiles__67290.1706026875.386.513.jpg?c=1", "https://cdn11.bigcommerce.com/s-zd141b7qtp/products/48348/images/147042/blank-golf-towels-wholesale-with-grommet-and-hook-cotton-terry-stripe-still-waters-luxury-textiles__28966.1706017420.386.513.jpg?c=1"], "Url": "https://directtextilestore.com/blank-golf-towels-wholesale-with-grommet-and-hook-cotton-terry-stripe/"}
{"SKU": "GTGMGOLS30", "Type": "", "Size": "16 X 19", "Color": "Gold Stripe", "Options": {"Main Option": "Golf Towel - 100% Cotton Terry", "Size": "16 X 19", "Color": "Gold Stripe", "Weight/Dz": "30 Oz", "CHOOSE PACK SIZE": "Case of (600) Pieces"}, "Price Per Each": "2.00", "Full Price": "1198.0000", "Stock Status": "In Stock", "Brand": "Direct Textile Store 105", "Category": "Towels", "Sub Category": "Center Stripe Towels", "Material": "100% Cotton", "Title": "Blank Golf Towels Wholesale With Grommet and Hook- Cotton Terry Stripe", "Description": "These Blank Golf Towels Wholesale With Grommet and Hook are Cotton Terry Stripe and perfect for cleaning golf clubs or other golf equipment. These are blank towels and are ready for embroidery to ...", "Images": ["https://cdn11.bigcommerce.com/s-zd141b7qtp/products/48348/images/152400/blank-golf-towels-wholesale-with-grommet-and-hook-cotton-terry-stripe-still-waters-luxury-textiles__21913.1706024790.386.513.jpg?c=1", "https://cdn11.bigcommerce.com/s-zd141b7qtp/products/48348/images/153489/blank-golf-towels-wholesale-with-grommet-and-hook-cotton-terry-stripe-still-waters-luxury-textiles__15412.1706026290.386.513.jpg?c=1", "https://cdn11.bigcommerce.com/s-zd141b7qtp/products/48348/images/149421/blank-golf-towels-wholesale-with-grommet-and-hook-cotton-terry-stripe-still-waters-luxury-textiles__98324.1706020635.386.513.jpg?c=1", "https://cdn11.bigcommerce.com/s-zd141b7qtp/products/48348/images/147688/blank-golf-towels-wholesale-with-grommet-and-hook-cotton-terry-stripe-still-waters-luxury-textiles__68029.1706018284.386.513.jpg?c=1", "https://cdn11.bigcommerce.com/s-zd141b7qtp/products/48348/images/153922/blank-golf-towels-wholesale-with-grommet-and-hook-cotton-terry-stripe-still-waters-luxury-textiles__67290.1706026875.386.513.jpg?c=1", "https://cdn11.bigcommerce.com/s-zd141b7qtp/products/48348/images/147042/blank-golf-towels-wholesale-with-grommet-and-hook-cotton-terry-stripe-still-waters-luxury-textiles__28966.1706017420.386.513.jpg?c=1"], "Url": "https://directtextilestore.com/blank-golf-towels-wholesale-with-grommet-and-hook-cotton-terry-stripe/"}
{"SKU": "GTGMGRNST30", "Type": "", "Size": "16 X 19", "Color": "Green Stripe", "Options": {"Main Option": "Golf Towel - 100% Cotton Terry", "Size": "16 X 19", "Color": "Green Stripe", "Weight/Dz": "30 Oz", "CHOOSE PACK SIZE": "Case of (600) Pieces"}, "Price Per Each": "2.00", "Full Price": "1198.0000", "Stock Status": "In Stock", "Brand": "Direct Textile Store 105", "Category": "Towels", "Sub Category": "Center Stripe Towels", "Material": "100% Cotton", "Title": "Blank Golf Towels Wholesale With Grommet and Hook- Cotton Terry Stripe", "Description": "These Blank Golf Towels Wholesale With Grommet and Hook are Cotton Terry Stripe and perfect for cleaning golf clubs or other golf equipment. These are blank towels and are ready for embroidery to ...", "Images": ["https://cdn11.bigcommerce.com/s-zd141b7qtp/products/48348/images/152400/blank-golf-towels-wholesale-with-grommet-and-hook-cotton-terry-stripe-still-waters-luxury-textiles__21913.1706024790.386.513.jpg?c=1", "https://cdn11.bigcommerce.com/s-zd141b7qtp/products/48348/images/153489/blank-golf-towels-wholesale-with-grommet-and-hook-cotton-terry-stripe-still-waters-luxury-textiles__15412.1706026290.386.513.jpg?c=1", "https://cdn11.bigcommerce.com/s-zd141b7qtp/products/48348/images/149421/blank-golf-towels-wholesale-with-grommet-and-hook-cotton-terry-stripe-still-waters-luxury-textiles__98324.1706020635.386.513.jpg?c=1", "https://cdn11.bigcommerce.com/s-zd141b7qtp/products/48348/images/147688/blank-golf-towels-wholesale-with-grommet-and-hook-cotton-terry-stripe-still-waters-luxury-textiles__68029.1706018284.386.513.jpg?c=1", "https://cdn11.bigcommerce.com/s-zd141b7qtp/products/48348/images/153922/blank-golf-towels-wholesale-with-grommet-and-hook-cotton-terry-stripe-still-waters-luxury-textiles__67290.1706026875.386.513.jpg?c=1", "https://cdn11.bigcommerce.com/s-zd141b7qtp/products/48348/images/147042/blank-golf-towels-wholesale-with-grommet-and-hook-cotton-terry-stripe-still-waters-luxury-textiles__28966.1706017420.386.513.jpg?c=1"], "Url": "https://directtextilestore.com/blank-golf-towels-wholesale-with-grommet-and-hook-cotton-terry-stripe/"}
{"SKU": "GTGMWHT30", "Type": "", "Size": "16 X 19", "Color": "White", "Options": {"Main Option": "Golf Towel - 100% Cotton Terry", "Size": "16 X 19", "Color": "White", "Weight/Dz": "30 Oz", "CHOOSE PACK SIZE": "Case of (600) Pieces"}, "Price Per Each": "1.95", "Full Price": "1168.0000", "Stock Status": "In Stock", "Brand": "Direct Textile Store 105", "Category": "Towels", "Sub Category": "Center Stripe Towels", "Material": "100% Cotton", "Title": "Blank Golf Towels Wholesale With Grommet and Hook- Cotton Terry Stripe", "Description": "These Blank Golf Towels Wholesale With Grommet and Hook are Cotton Terry Stripe and perfect for cleaning golf clubs or other golf equipment. These are blank towels and are ready for embroidery to ...", "Images": ["https://cdn11.bigcommerce.com/s-zd141b7qtp/products/48348/images/152400/blank-golf-towels-wholesale-with-grommet-and-hook-cotton-terry-stripe-still-waters-luxury-textiles__21913.1706024790.386.513.jpg?c=1", "https://cdn11.bigcommerce.com/s-zd141b7qtp/products/48348/images/153489/blank-golf-towels-wholesale-with-grommet-and-hook-cotton-terry-stripe-still-waters-luxury-textiles__15412.1706026290.386.513.jpg?c=1", "https://cdn11.bigcommerce.com/s-zd141b7qtp/products/48348/images/149421/blank-golf-towels-wholesale-with-grommet-and-hook-cotton-terry-stripe-still-waters-luxury-textiles__98324.1706020635.386.513.jpg?c=1", "https://cdn11.bigcommerce.com/s-zd141b7qtp/products/48348/images/147688/blank-golf-towels-wholesale-with-grommet-and-hook-cotton-terry-stripe-still-waters-luxury-textiles__68029.1706018284.386.513.jpg?c=1", "https://cdn11.bigcommerce.com/s-zd141b7qtp/products/48348/images/153922/blank-golf-towels-wholesale-with-grommet-and-hook-cotton-terry-stripe-still-waters-luxury-textiles__67290.1706026875.386.513.jpg?c=1", "https://cdn11.bigcommerce.com/s-zd141b7qtp/products/48348/images/147042/blank-golf-towels-wholesale-with-grommet-and-hook-cotton-terry-stripe-still-waters-luxury-textiles__28966.1706017420.386.513.jpg?c=1"], "Url": "https://directtextilestore.com/blank-golf-towels-wholesale-with-grommet-and-hook-cotton-terry-stripe/"}
{"SKU": "GTGMWH24", "Type": "", "Size": "16 X 19", "Color": "White", "Options": {"Main Option": "Golf Towel - 100% Cotton Terry", "Size": "16 X 19", "Color": "White", "Weight/Dz": "24 Oz", "CHOOSE PACK SIZE": "Case of (600) Pieces"}, "Price Per Each": "1.87", "Full Price": "1123.0000", "Stock Status": "In Stock", "Brand": "Direct Textile Store 105", "Category": "Towels", "Sub Category": "Center Stripe Towels", "Material": "100% Cotton", "Title": "Blank Golf Towels Wholesale With Grommet and Hook- Cotton Terry Stripe", "Description": "These Blank Golf Towels Wholesale With Grommet and Hook are Cotton Terry Stripe and perfect for cleaning golf clubs or other golf equipment. These are blank towels and are ready for embroidery to ...", "Images": ["https://cdn11.bigcommerce.com/s-zd141b7qtp/products/48348/images/152400/blank-golf-towels-wholesale-with-grommet-and-hook-cotton-terry-stripe-still-waters-luxury-textiles__21913.1706024790.386.513.jpg?c=1", "https://cdn11.bigcommerce.com/s-zd141b7qtp/products/48348/images/153489/blank-golf-towels-wholesale-with-grommet-and-hook-cotton-terry-stripe-still-waters-luxury-textiles__15412.1706026290.386.513.jpg?c=1", "https://cdn11.bigcommerce.com/s-zd141b7qtp/products/48348/images/149421/blank-golf-towels-wholesale-with-grommet-and-hook-cotton-terry-stripe-still-waters-luxury-textiles__98324.1706020635.386.513.jpg?c=1", "https://cdn11.bigcommerce.com/s-zd141b7qtp/products/48348/images/147688/blank-golf-towels-wholesale-with-grommet-and-hook-cotton-terry-stripe-still-waters-luxury-textiles__68029.1706018284.386.513.jpg?c=1", "https://cdn11.bigcommerce.com/s-zd141b7qtp/products/48348/images/153922/blank-golf-towels-wholesale-with-grommet-and-hook-cotton-terry-stripe-still-waters-luxury-textiles__67290.1706026875.386.513.jpg?c=1", "https://cdn11.bigcommerce.com/s-zd141b7qtp/products/48348/images/147042/blank-golf-towels-wholesale-with-grommet-and-hook-cotton-terry-stripe-still-waters-luxury-textiles__28966.1706017420.386.513.jpg?c=1"], "Url": "https://directtextilestore.com/blank-golf-towels-wholesale-with-grommet-and-hook-cotton-terry-stripe/"}
{"SKU": "SLT-CFTR6888CW", "Type": "", "Size": "Twin 68 X 88", "Color": "White", "Options": {"Main Option": "Blanket", "Color": "White", "Size": "Twin 68 X 88", "CHOOSE PACK SIZE": "Pack of (1)"}, "Price Per Each": "39.91", "Full Price": "39.9100", "Stock Status": "In Stock", "Brand": "Direct Textile Store 105", "Category": "Blankets", "Sub Category": "Comforters | Duvets", "Material": "", "Title": "Clara Clark Down Alternative Comforter", "Description": "Clara Clark Double-filled, down alternative, hypoallergenic comforters.  Polyester &amp; Polyester Blend This down alternative comforter is great for year round use and is made from double brushed ...", "Images": ["https://cdn11.bigcommerce.com/s-zd141b7qtp/products/48399/images/152965/clara-clark-down-alternative-comforter-still-waters-luxury-textiles__59296.1706025576.386.513.jpg?c=1", "https://cdn11.bigcommerce.com/s-zd141b7qtp/products/48399/images/147940/clara-clark-down-alternative-comforter-still-waters-luxury-textiles__53942.1706018618.386.513.jpg?c=1"], "Url": "https://directtextilestore.com/clara-clark-down-alternative-comforter/"}
{"SKU": "SLT-CFTR8888CW", "Type": "", "Size": "Queen/Full 88 X 88", "Color": "White", "Options": {"Main Option": "Blanket", "Color": "White", "Size": "Queen/Full 88 X 88", "CHOOSE PACK SIZE": "Pack of (1)"}, "Price Per Each": "47.18", "Full Price": "47.1800", "Stock Status": "In Stock", "Brand": "Direct Textile Store 105", "Category": "Blankets", "Sub Category": "Comforters | Duvets", "Material": "", "Title": "Clara Clark Down Alternative Comforter", "Description": "Clara Clark Double-filled, down alternative, hypoallergenic comforters.  Polyester &amp; Polyester Blend This down alternative comforter is great for year round use and is made from double brushed ...", "Images": ["https://cdn11.bigcommerce.com/s-zd141b7qtp/products/48399/images/152965/clara-clark-down-alternative-comforter-still-waters-luxury-textiles__59296.1706025576.386.513.jpg?c=1", "https://cdn11.bigcommerce.com/s-zd141b7qtp/products/48399/images/147940/clara-clark-down-alternative-comforter-still-waters-luxury-textiles__53942.1706018618.386.513.jpg?c=1"], "Url": "https://directtextilestore.com/clara-clark-down-alternative-comforter/"}
{"SKU": "SLT-CFTR10288CW", "Type": "", "Size": "King 102 X 88", "Color": "White", "Options": {"Main Option": "Blanket", "Color": "White", "Size": "King 102 X 88", "CHOOSE PACK SIZE": "Pack of (1)"}, "Price Per Each": "59.12", "Full Price": "59.1200", "Stock Status": "In Stock", "Brand": "Direct Textile Store 105", "Category": "Blankets", "Sub Category": "Comforters | Duvets", "Material": "", "Title": "Clara Clark Down Alternative Comforter", "Description": "Clara Clark Double-filled, down alternative, hypoallergenic comforters.  Polyester &amp; Polyester Blend This down alternative comforter is great for year round use and is made from double brushed ...", "Images": ["https://cdn11.bigcommerce.com/s-zd141b7qtp/products/48399/images/152965/clara-clark-down-alternative-comforter-still-waters-luxury-textiles__59296.1706025576.386.513.jpg?c=1", "https://cdn11.bigcommerce.com/s-zd141b7qtp/products/48399/images/147940/clara-clark-down-alternative-comforter-still-waters-luxury-textiles__53942.1706018618.386.513.jpg?c=1"], "Url": "https://directtextilestore.com/clara-clark-down-alternative-comforter/"}
{"SKU": "SLT-CFTR8888CG", "Type": "", "Size": "Queen/Full 88 X 88", "Color": "Gray", "Options": {"Main Option": "Blanket", "Color": "Gray", "Size": "Queen/Full 88 X 88", "CHOOSE PACK SIZE": "Pack of (1)"}, "Price Per Each": "47.18", "Full Price": "47.1800", "Stock Status": "In Stock", "Brand": "Direct Textile Store 105", "Category": "Blankets", "Sub Category": "Comforters | Duvets", "Material": "", "Title": "Clara Clark Down Alternative Comforter", "Description": "Clara Clark Double-filled, down alternative, hypoallergenic comforters.  Polyester &amp; Polyester Blend This down alternative comforter is great for year round use and is made from double brushed ...", "Images": ["https://cdn11.bigcommerce.com/s-zd141b7qtp/products/48399/images/152965/clara-clark-down-alternative-comforter-still-waters-luxury-textiles__59296.1706025576.386.513.jpg?c=1", "https://cdn11.bigcommerce.com/s-zd141b7qtp/products/48399/images/147940/clara-clark-down-alternative-comforter-still-waters-luxury-textiles__53942.1706018618.386.513.jpg?c=1"], "Url": "https://directtextilestore.com/clara-clark-down-alternative-comforter/"}
{"SKU": "SLT-CFTR10288CG", "Type": "", "Size": "King 102 X 88", "Color": "Gray", "Options": {"Main Option": "Blanket", "Color": "Gray", "Size": "King 102 X 88", "CHOOSE PACK SIZE": "Pack of (1)"}, "Price Per Each": "59.12", "Full Price": "59.1200", "Stock Status": "In Stock", "Brand": "Direct Textile Store 105", "Category": "Blankets", "Sub Category": "Comforters | Duvets", "Material": "", "Title": "Clara Clark Down Alternative Comforter", "Description": "Clara Clark Double-filled, down alternative, hypoallergenic comforters.  Polyester &amp; Polyester Blend This down alternative comforter is great for year round use and is made from double brushed ...", "Images": ["https://cdn11.bigcommerce.com/s-zd141b7qtp/products/48399/images/152965/clara-clark-down-alternative-comforter-still-waters-luxury-textiles__59296.1706025576.386.513.jpg?c=1", "https://cdn11.bigcommerce.com/s-zd141b7qtp/products/48399/images/147940/clara-clark-down-alternative-comforter-still-waters-luxury-textiles__53942.1706018618.386.513.jpg?c=1"], "Url": "https://directtextilestore.com/clara-clark-down-alternative-comforter/"}
{"SKU": "G-DAC-GR-T-1", "Type": "", "Size": "Pack of (1) - Twin", "Color": "Gray", "Options": {"Select Color": "Gray", "Select Bed Size": "Pack of (1) - Twin"}, "Price Per Each": "39.9100", "Full Price": "39.9100", "Stock Status": "In Stock", "Brand": "Direct Textile Store 105", "Category": "Bed Sheets", "Sub Category": "Blankets", "Material": "Microfiber", "Title": "Goto Down Alternative Comforter", "Description": "Still Water Linens Down Alternative Comforter is an ultra-soft, all-season microfiber comforter with corner tabs to secure your duvet cover. Perfect for your home, or an Air Bnb with its box ...", "Images": ["https://cdn11.bigcommerce.com/s-zd141b7qtp/products/48664/images/158280/goto-down-alternative-comforter-direct-textile-store-105__19658.1709289913.386.513.jpg?c=1", "https://cdn11.bigcommerce.com/s-zd141b7qtp/products/48664/images/158279/goto-down-alternative-comforter-direct-textile-store-105__56319.1709289912.386.513.jpg?c=1", "https://cdn11.bigcommerce.com/s-zd141b7qtp/products/48664/images/158275/goto-down-alternative-comforter-direct-textile-store-105__23927.1709289907.386.513.jpg?c=1"], "Url": "https://directtextilestore.com/goto-down-alternative-comforter/"}
{"SKU": "GTKSE1418-275BLU", "Type": "", "Size": "14 X 18", "Color": "Blue Stripe", "Options": {"Main Option": "Gym Towel", "Stripe Color": "Blue Stripe", "Gsm": "275 Gsm", "Size": "14 X 18", "CHOOSE PACK SIZE": "Sample (1) Piece"}, "Price Per Each": "3.35", "Full Price": "3.3500", "Stock Status": "In Stock", "Brand": "Direct Textile Store 105", "Category": "Towels", "Sub Category": "Microfiber Cleaning Products", "Material": "Microfiber", "Title": "Microfiber Bulk Blank Golf Towels With Grommet and Hook, 14 x 18, 275 gsm", "Description": "Microfiber Bulk Blank Golf Towels with grommet and hook are ideal for cleaning your golf equipment as well as a wide variety of surfaces. Available at low wholesale, bulk pricing. Great to attach ...", "Images": ["https://cdn11.bigcommerce.com/s-zd141b7qtp/products/48347/images/152053/microfiber-bulk-blank-golf-towels-with-grommet-and-hook-14-x-18-275-gsm-still-waters-luxury-textiles__58180.1706024319.386.513.jpg?c=1", "https://cdn11.bigcommerce.com/s-zd141b7qtp/products/48347/images/151377/microfiber-bulk-blank-golf-towels-with-grommet-and-hook-14-x-18-275-gsm-still-waters-luxury-textiles__64171.1706023408.386.513.jpg?c=1", "https://cdn11.bigcommerce.com/s-zd141b7qtp/products/48347/images/147010/microfiber-bulk-blank-golf-towels-with-grommet-and-hook-14-x-18-275-gsm-still-waters-luxury-textiles__13476.1706017385.386.513.jpg?c=1"], "Url": "https://directtextilestore.com/microfiber-bulk-blank-golf-towels-with-grommet-and-hook-14-x-18-275-gsm/"}
{"SKU": "GTKSE1418-275BLU_12", "Type": "", "Size": "14 X 18", "Color": "Blue Stripe", "Options": {"Main Option": "Gym Towel", "Stripe Color": "Blue Stripe", "Gsm": "275 Gsm", "Size": "14 X 18", "CHOOSE PACK SIZE": "Case of (12) Pieces"}, "Price Per Each": "3.35", "Full Price": "40.2600", "Stock Status": "In Stock", "Brand": "Direct Textile Store 105", "Category": "Towels", "Sub Category": "Microfiber Cleaning Products", "Material": "Microfiber", "Title": "Microfiber Bulk Blank Golf Towels With Grommet and Hook, 14 x 18, 275 gsm", "Description": "Microfiber Bulk Blank Golf Towels with grommet and hook are ideal for cleaning your golf equipment as well as a wide variety of surfaces. Available at low wholesale, bulk pricing. Great to attach ...", "Images": ["https://cdn11.bigcommerce.com/s-zd141b7qtp/products/48347/images/152053/microfiber-bulk-blank-golf-towels-with-grommet-and-hook-14-x-18-275-gsm-still-waters-luxury-textiles__58180.1706024319.386.513.jpg?c=1", "https://cdn11.bigcommerce.com/s-zd141b7qtp/products/48347/images/151377/microfiber-bulk-blank-golf-towels-with-grommet-and-hook-14-x-18-275-gsm-still-waters-luxury-textiles__64171.1706023408.386.513.jpg?c=1", "https://cdn11.bigcommerce.com/s-zd141b7qtp/products/48347/images/147010/microfiber-bulk-blank-golf-towels-with-grommet-and-hook-14-x-18-275-gsm-still-waters-luxury-textiles__13476.1706017385.386.513.jpg?c=1"], "Url": "https://directtextilestore.com/microfiber-bulk-blank-golf-towels-with-grommet-and-hook-14-x-18-275-gsm/"}
{"SKU": "GTKSE1418-275BLU_60", "Type": "", "Size": "14 X 18", "Color": "Blue Stripe", "Options": {"Main Option": "Gym Towel", "Stripe Color": "Blue Stripe", "Gsm": "275 Gsm", "Size": "14 X 18", "CHOOSE PACK SIZE": "Case of (60) Pieces"}, "Price Per Each": "3.11", "Full Price": "186.3700", "Stock Status": "In Stock", "Brand": "Direct Textile Store 105", "Category": "Towels", "Sub Category": "Microfiber Cleaning Products", "Material": "Microfiber", "Title": "Microfiber Bulk Blank Golf Towels With Grommet and Hook, 14 x 18, 275 gsm", "Description": "Microfiber Bulk Blank Golf Towels with grommet and hook are ideal for cleaning your golf equipment as well as a wide variety of surfaces. Available at low wholesale, bulk pricing. Great to attach ...", "Images": ["https://cdn11.bigcommerce.com/s-zd141b7qtp/products/48347/images/152053/microfiber-bulk-blank-golf-towels-with-grommet-and-hook-14-x-18-275-gsm-still-waters-luxury-textiles__58180.1706024319.386.513.jpg?c=1", "https://cdn11.bigcommerce.com/s-zd141b7qtp/products/48347/images/151377/microfiber-bulk-blank-golf-towels-with-grommet-and-hook-14-x-18-275-gsm-still-waters-luxury-textiles__64171.1706023408.386.513.jpg?c=1", "https://cdn11.bigcommerce.com/s-zd141b7qtp/products/48347/images/147010/microfiber-bulk-blank-golf-towels-with-grommet-and-hook-14-x-18-275-gsm-still-waters-luxury-textiles__13476.1706017385.386.513.jpg?c=1"], "Url": "https://directtextilestore.com/microfiber-bulk-blank-golf-towels-with-grommet-and-hook-14-x-18-275-gsm/"}
{"SKU": "GTKSE1418-275BLU_240", "Type": "", "Size": "14 X 18", "Color": "Blue Stripe", "Options": {"Main Option": "Gym Towel", "Stripe Color": "Blue Stripe", "Gsm": "275 Gsm", "Size": "14 X 18", "CHOOSE PACK SIZE": "Case of (240) Pieces"}, "Price Per Each": "2.89", "Full Price": "694.0700", "Stock Status": "In Stock", "Brand": "Direct Textile Store 105", "Category": "Towels", "Sub Category": "Microfiber Cleaning Products", "Material": "Microfiber", "Title": "Microfiber Bulk Blank Golf Towels With Grommet and Hook, 14 x 18, 275 gsm", "Description": "Microfiber Bulk Blank Golf Towels with grommet and hook are ideal for cleaning your golf equipment as well as a wide variety of surfaces. Available at low wholesale, bulk pricing. Great to attach ...", "Images": ["https://cdn11.bigcommerce.com/s-zd141b7qtp/products/48347/images/152053/microfiber-bulk-blank-golf-towels-with-grommet-and-hook-14-x-18-275-gsm-still-waters-luxury-textiles__58180.1706024319.386.513.jpg?c=1", "https://cdn11.bigcommerce.com/s-zd141b7qtp/products/48347/images/151377/microfiber-bulk-blank-golf-towels-with-grommet-and-hook-14-x-18-275-gsm-still-waters-luxury-textiles__64171.1706023408.386.513.jpg?c=1", "https://cdn11.bigcommerce.com/s-zd141b7qtp/products/48347/images/147010/microfiber-bulk-blank-golf-towels-with-grommet-and-hook-14-x-18-275-gsm-still-waters-luxury-textiles__13476.1706017385.386.513.jpg?c=1"], "Url": "https://directtextilestore.com/microfiber-bulk-blank-golf-towels-with-grommet-and-hook-14-x-18-275-gsm/"}
{"SKU": "GTKSE1418-275GOL", "Type": "", "Size": "14 X 18", "Color": "Gold Stripe", "Options": {"Main Option": "Gym Towel", "Stripe Color": "Gold Stripe", "Gsm": "275 Gsm", "Size": "14 X 18", "CHOOSE PACK SIZE": "Sample (1) Piece"}, "Price Per Each": "3.35", "Full Price": "3.3500", "Stock Status": "In Stock", "Brand": "Direct Textile Store 105", "Category": "Towels", "Sub Category": "Microfiber Cleaning Products", "Material": "Microfiber", "Title": "Microfiber Bulk Blank Golf Towels With Grommet and Hook, 14 x 18, 275 gsm", "Description": "Microfiber Bulk Blank Golf Towels with grommet and hook are ideal for cleaning your golf equipment as well as a wide variety of surfaces. Available at low wholesale, bulk pricing. Great to attach ...", "Images": ["https://cdn11.bigcommerce.com/s-zd141b7qtp/products/48347/images/152053/microfiber-bulk-blank-golf-towels-with-grommet-and-hook-14-x-18-275-gsm-still-waters-luxury-textiles__58180.1706024319.386.513.jpg?c=1", "https://cdn11.bigcommerce.com/s-zd141b7qtp/products/48347/images/151377/microfiber-bulk-blank-golf-towels-with-grommet-and-hook-14-x-18-275-gsm-still-waters-luxury-textiles__64171.1706023408.386.513.jpg?c=1", "https://cdn11.bigcommerce.com/s-zd141b7qtp/products/48347/images/147010/microfiber-bulk-blank-golf-towels-with-grommet-and-hook-14-x-18-275-gsm-still-waters-luxury-textiles__13476.1706017385.386.513.jpg?c=1"], "Url": "https://directtextilestore.com/microfiber-bulk-blank-golf-towels-with-grommet-and-hook-14-x-18-275-gsm/"}
{"SKU": "GTKSE1418-275GOL_12", "Type": "", "Size": "14 X 18", "Color": "Gold Stripe", "Options": {"Main Option": "Gym Towel", "Stripe Color": "Gold Stripe", "Gsm": "275 Gsm", "Size": "14 X 18", "CHOOSE PACK SIZE": "Case of (12) Pieces"}, "Price Per Each": "3.35", "Full Price": "40.2600", "Stock Status": "In Stock", "Brand": "Direct Textile Store 105", "Category": "Towels", "Sub Category": "Microfiber Cleaning Products", "Material": "Microfiber", "Title": "Microfiber Bulk Blank Golf Towels With Grommet and Hook, 14 x 18, 275 gsm", "Description": "Microfiber Bulk Blank Golf Towels with grommet and hook are ideal for cleaning your golf equipment as well as a wide variety of surfaces. Available at low wholesale, bulk pricing. Great to attach ...", "Images": ["https://cdn11.bigcommerce.com/s-zd141b7qtp/products/48347/images/152053/microfiber-bulk-blank-golf-towels-with-grommet-and-hook-14-x-18-275-gsm-still-waters-luxury-textiles__58180.1706024319.386.513.jpg?c=1", "https://cdn11.bigcommerce.com/s-zd141b7qtp/products/48347/images/151377/microfiber-bulk-blank-golf-towels-with-grommet-and-hook-14-x-18-275-gsm-still-waters-luxury-textiles__64171.1706023408.386.513.jpg?c=1", "https://cdn11.bigcommerce.com/s-zd141b7qtp/products/48347/images/147010/microfiber-bulk-blank-golf-towels-with-grommet-and-hook-14-x-18-275-gsm-still-waters-luxury-textiles__13476.1706017385.386.513.jpg?c=1"], "Url": "https://directtextilestore.com/microfiber-bulk-blank-golf-towels-with-grommet-and-hook-14-x-18-275-gsm/"}
{"SKU": "GTKSE1418-275GOL_60", "Type": "", "Size": "14 X 18", "Color": "Gold Stripe", "Options": {"Main Option": "Gym Towel", "Stripe Color": "Gold Stripe", "Gsm": "275 Gsm", "Size": "14 X 18", "CHOOSE PACK SIZE": "Case of (60) Pieces"}, "Price Per Each": "3.11", "Full Price": "186.3700", "Stock Status": "In Stock", "Brand": "Direct Textile Store 105", "Category": "Towels", "Sub Category": "Microfiber Cleaning Products", "Material": "Microfiber", "Title": "Microfiber Bulk Blank Golf Towels With Grommet and Hook, 14 x 18, 275 gsm", "Description": "Microfiber Bulk Blank Golf Towels with grommet and hook are ideal for cleaning your golf equipment as well as a wide variety of surfaces. Available at low wholesale, bulk pricing. Great to attach ...", "Images": ["https://cdn11.bigcommerce.com/s-zd141b7qtp/products/48347/images/152053/microfiber-bulk-blank-golf-towels-with-grommet-and-hook-14-x-18-275-gsm-still-waters-luxury-textiles__58180.1706024319.386.513.jpg?c=1", "https://cdn11.bigcommerce.com/s-zd141b7qtp/products/48347/images/151377/microfiber-bulk-blank-golf-towels-with-grommet-and-hook-14-x-18-275-gsm-still-waters-luxury-textiles__64171.1706023408.386.513.jpg?c=1", "https://cdn11.bigcommerce.com/s-zd141b7qtp/products/48347/images/147010/microfiber-bulk-blank-golf-towels-with-grommet-and-hook-14-x-18-275-gsm-still-waters-luxury-textiles__13476.1706017385.386.513.jpg?c=1"], "Url": "https://directtextilestore.com/microfiber-bulk-blank-golf-towels-with-grommet-and-hook-14-x-18-275-gsm/"}
{"SKU": "GTKSE1418-275GOL_240", "Type": "", "Size": "14 X 18", "Color": "Gold Stripe", "Options": {"Main Option": "Gym Towel", "Stripe Color": "Gold Stripe", "Gsm": "275 Gsm", "Size": "14 X 18", "CHOOSE PACK SIZE": "Case of (240) Pieces"}, "Price Per Each": "2.89", "Full Price": "694.0700", "Stock Status": "In Stock", "Brand": "Direct Textile Store 105", "Category": "Towels", "Sub Category": "Microfiber Cleaning Products", "Material": "Microfiber", "Title": "Microfiber Bulk Blank Golf Towels With Grommet and Hook, 14 x 18, 275 gsm", "Description": "Microfiber Bulk Blank Golf Towels with grommet and hook are ideal for cleaning your golf equipment as well as a wide variety of surfaces. Available at low wholesale, bulk pricing. Great to attach ...", "Images": ["https://cdn11.bigcommerce.com/s-zd141b7qtp/products/48347/images/152053/microfiber-bulk-blank-golf-towels-with-grommet-and-hook-14-x-18-275-gsm-still-waters-luxury-textiles__58180.1706024319.386.513.jpg?c=1", "https://cdn11.bigcommerce.com/s-zd141b7qtp/products/48347/images/151377/microfiber-bulk-blank-golf-towels-with-grommet-and-hook-14-x-18-275-gsm-still-waters-luxury-textiles__64171.1706023408.386.513.jpg?c=1", "https://cdn11.bigcommerce.com/s-zd141b7qtp/products/48347/images/147010/microfiber-bulk-blank-golf-towels-with-grommet-and-hook-14-x-18-275-gsm-still-waters-luxury-textiles__13476.1706017385.386.513.jpg?c=1"], "Url": "https://directtextilestore.com/microfiber-bulk-blank-golf-towels-with-grommet-and-hook-14-x-18-275-gsm/"}
{"SKU": "GTKSE1418-275GRE", "Type": "", "Size": "14 X 18", "Color": "Green Stripe", "Options": {"Main Option": "Gym Towel", "Stripe Color": "Green Stripe", "Gsm": "275 Gsm", "Size": "14 X 18", "CHOOSE PACK SIZE": "Sample (1) Piece"}, "Price Per Each": "3.35", "Full Price": "3.3500", "Stock Status": "In Stock", "Brand": "Direct Textile Store 105", "Category": "Towels", "Sub Category": "Microfiber Cleaning Products", "Material": "Microfiber", "Title": "Microfiber Bulk Blank Golf Towels With Grommet and Hook, 14 x 18, 275 gsm", "Description": "Microfiber Bulk Blank Golf Towels with grommet and hook are ideal for cleaning your golf equipment as well as a wide variety of surfaces. Available at low wholesale, bulk pricing. Great to attach ...", "Images": ["https://cdn11.bigcommerce.com/s-zd141b7qtp/products/48347/images/152053/microfiber-bulk-blank-golf-towels-with-grommet-and-hook-14-x-18-275-gsm-still-waters-luxury-textiles__58180.1706024319.386.513.jpg?c=1", "https://cdn11.bigcommerce.com/s-zd141b7qtp/products/48347/images/151377/microfiber-bulk-blank-golf-towels-with-grommet-and-hook-14-x-18-275-gsm-still-waters-luxury-textiles__64171.1706023408.386.513.jpg?c=1", "https://cdn11.bigcommerce.com/s-zd141b7qtp/products/48347/images/147010/microfiber-bulk-blank-golf-towels-with-grommet-and-hook-14-x-18-275-gsm-still-waters-luxury-textiles__13476.1706017385.386.513.jpg?c=1"], "Url": "https://directtextilestore.com/microfiber-bulk-blank-golf-towels-with-grommet-and-hook-14-x-18-275-gsm/"}
{"SKU": "GTKSE1418-275GRE_12", "Type": "", "Size": "14 X 18", "Color": "Green Stripe", "Options": {"Main Option": "Gym Towel", "Stripe Color": "Green Stripe", "Gsm": "275 Gsm", "Size": "14 X 18", "CHOOSE PACK SIZE": "Case of (12) Pieces"}, "Price Per Each": "3.35", "Full Price": "40.2600", "Stock Status": "In Stock", "Brand": "Direct Textile Store 105", "Category": "Towels", "Sub Category": "Microfiber Cleaning Products", "Material": "Microfiber", "Title": "Microfiber Bulk Blank Golf Towels With Grommet and Hook, 14 x 18, 275 gsm", "Description": "Microfiber Bulk Blank Golf Towels with grommet and hook are ideal for cleaning your golf equipment as well as a wide variety of surfaces. Available at low wholesale, bulk pricing. Great to attach ...", "Images": ["https://cdn11.bigcommerce.com/s-zd141b7qtp/products/48347/images/152053/microfiber-bulk-blank-golf-towels-with-grommet-and-hook-14-x-18-275-gsm-still-waters-luxury-textiles__58180.1706024319.386.513.jpg?c=1", "https://cdn11.bigcommerce.com/s-zd141b7qtp/products/48347/images/151377/microfiber-bulk-blank-golf-towels-with-grommet-and-hook-14-x-18-275-gsm-still-waters-luxury-textiles__64171.1706023408.386.513.jpg?c=1", "https://cdn11.bigcommerce.com/s-zd141b7qtp/products/48347/images/147010/microfiber-bulk-blank-golf-towels-with-grommet-and-hook-14-x-18-275-gsm-still-waters-luxury-textiles__13476.1706017385.386.513.jpg?c=1"], "Url": "https://directtextilestore.com/microfiber-bulk-blank-golf-towels-with-grommet-and-hook-14-x-18-275-gsm/"}
{"SKU": "GTKSE1418-275GRE_60", "Type": "", "Size": "14 X 18", "Color": "Green Stripe", "Options": {"Main Option": "Gym Towel", "Stripe Color": "Green Stripe", "Gsm": "275 Gsm", "Size": "14 X 18", "CHOOSE PACK SIZE": "Case of (60) Pieces"}, "Price Per Each": "3.11", "Full Price": "186.3700", "Stock Status": "In Stock", "Brand": "Direct Textile Store 105", "Category": "Towels", "Sub Category": "Microfiber Cleaning Products", "Material": "Microfiber", "Title": "Microfiber Bulk Blank Golf Towels With Grommet and Hook, 14 x 18, 275 gsm", "Description": "Microfiber Bulk Blank Golf Towels with grommet and hook are ideal for cleaning your golf equipment as well as a wide variety of surfaces. Available at low wholesale, bulk pricing. Great to attach ...", "Images": ["https://cdn11.bigcommerce.com/s-zd141b7qtp/products/48347/images/152053/microfiber-bulk-blank-golf-towels-with-grommet-and-hook-14-x-18-275-gsm-still-waters-luxury-textiles__58180.1706024319.386.513.jpg?c=1", "https://cdn11.bigcommerce.com/s-zd141b7qtp/products/48347/images/151377/microfiber-bulk-blank-golf-towels-with-grommet-and-hook-14-x-18-275-gsm-still-waters-luxury-textiles__64171.1706023408.386.513.jpg?c=1", "https://cdn11.bigcommerce.com/s-zd141b7qtp/products/48347/images/147010/microfiber-bulk-blank-golf-towels-with-grommet-and-hook-14-x-18-275-gsm-still-waters-luxury-textiles__13476.1706017385.386.513.jpg?c=1"], "Url": "https://directtextilestore.com/microfiber-bulk-blank-golf-towels-with-grommet-and-hook-14-x-18-275-gsm/"}
{"SKU": "GTKSE1418-275GRE_240", "Type": "", "Size": "14 X 18", "Color": "Green Stripe", "Options": {"Main Option": "Gym Towel", "Stripe Color": "Green Stripe", "Gsm": "275 Gsm", "Size": "14 X 18", "CHOOSE PACK SIZE": "Case of (240) Pieces"}, "Price Per Each": "2.89", "Full Price": "694.0700", "Stock Status": "In Stock", "Brand": "Direct Textile Store 105", "Category": "Towels", "Sub Category": "Microfiber Cleaning Products", "Material": "Microfiber", "Title": "Microfiber Bulk Blank Golf Towels With Grommet and Hook, 14 x 18, 275 gsm", "Description": "Microfiber Bulk Blank Golf Towels with grommet and hook are ideal for cleaning your golf equipment as well as a wide variety of surfaces. Available at low wholesale, bulk pricing. Great to attach ...", "Images": ["https://cdn11.bigcommerce.com/s-zd141b7qtp/products/48347/images/152053/microfiber-bulk-blank-golf-towels-with-grommet-and-hook-14-x-18-275-gsm-still-waters-luxury-textiles__58180.1706024319.386.513.jpg?c=1", "https://cdn11.bigcommerce.com/s-zd141b7qtp/products/48347/images/151377/microfiber-bulk-blank-golf-towels-with-grommet-and-hook-14-x-18-275-gsm-still-waters-luxury-textiles__64171.1706023408.386.513.jpg?c=1", "https://cdn11.bigcommerce.com/s-zd141b7qtp/products/48347/images/147010/microfiber-bulk-blank-golf-towels-with-grommet-and-hook-14-x-18-275-gsm-still-waters-luxury-textiles__13476.1706017385.386.513.jpg?c=1"], "Url": "https://directtextilestore.com/microfiber-bulk-blank-golf-towels-with-grommet-and-hook-14-x-18-275-gsm/"}
{"SKU": "GT1616BLU12", "Type": "", "Size": "16 X 16", "Color": "", "Options": {"Main Option": "Options", "Description": "Blue", "Gsm Weight": "230 Gsm", "Size": "16 X 16", "CHOOSE PACK SIZE": "Pack of (12) Pieces"}, "Price Per Each": "2.84", "Full Price": "34.0200", "Stock Status": "In Stock", "Brand": "Direct Textile Store 105", "Category": "Towels", "Sub Category": "Bar Mop Towels", "Material": "Microfiber", "Title": "Microfiber Golf Towels With Grommet and Hook, blank, 16 x 16, 230 gsm", "Description": "Wholesale 16 x 16 microfiber golf towels with grommet and hook, allow for careful treatment of golf equipment. These are blank golf towels with grommets and hooks and are designed to be gentle and ...", "Images": ["https://cdn11.bigcommerce.com/s-zd141b7qtp/products/48349/images/153146/microfiber-golf-towels-with-grommet-and-hook-blank-16-x-16-230-gsm-still-waters-luxury-textiles__07932.1706025834.386.513.jpg?c=1", "https://cdn11.bigcommerce.com/s-zd141b7qtp/products/48349/images/151564/microfiber-golf-towels-with-grommet-and-hook-blank-16-x-16-230-gsm-still-waters-luxury-textiles__21094.1706023664.386.513.jpg?c=1", "https://cdn11.bigcommerce.com/s-zd141b7qtp/products/48349/images/150299/microfiber-golf-towels-with-grommet-and-hook-blank-16-x-16-230-gsm-still-waters-luxury-textiles__78437.1706021781.386.513.jpg?c=1", "https://cdn11.bigcommerce.com/s-zd141b7qtp/products/48349/images/148277/microfiber-golf-towels-with-grommet-and-hook-blank-16-x-16-230-gsm-still-waters-luxury-textiles__34648.1706019091.386.513.jpg?c=1"], "Url": "https://directtextilestore.com/microfiber-golf-towels-with-grommet-and-hook-blank-16-x-16-230-gsm/"}
{"SKU": "GT1616BLU12_240", "Type": "", "Size": "16 X 16", "Color": "", "Options": {"Main Option": "Options", "Description": "Blue", "Gsm Weight": "230 Gsm", "Size": "16 X 16", "CHOOSE PACK SIZE": "Case of (240) Pieces"}, "Price Per Each": "2.44", "Full Price": "586.4800", "Stock Status": "In Stock", "Brand": "Direct Textile Store 105", "Category": "Towels", "Sub Category": "Bar Mop Towels", "Material": "Microfiber", "Title": "Microfiber Golf Towels With Grommet and Hook, blank, 16 x 16, 230 gsm", "Description": "Wholesale 16 x 16 microfiber golf towels with grommet and hook, allow for careful treatment of golf equipment. These are blank golf towels with grommets and hooks and are designed to be gentle and ...", "Images": ["https://cdn11.bigcommerce.com/s-zd141b7qtp/products/48349/images/153146/microfiber-golf-towels-with-grommet-and-hook-blank-16-x-16-230-gsm-still-waters-luxury-textiles__07932.1706025834.386.513.jpg?c=1", "https://cdn11.bigcommerce.com/s-zd141b7qtp/products/48349/images/151564/microfiber-golf-towels-with-grommet-and-hook-blank-16-x-16-230-gsm-still-waters-luxury-textiles__21094.1706023664.386.513.jpg?c=1", "https://cdn11.bigcommerce.com/s-zd141b7qtp/products/48349/images/150299/microfiber-golf-towels-with-grommet-and-hook-blank-16-x-16-230-gsm-still-waters-luxury-textiles__78437.1706021781.386.513.jpg?c=1", "https://cdn11.bigcommerce.com/s-zd141b7qtp/products/48349/images/148277/microfiber-golf-towels-with-grommet-and-hook-blank-16-x-16-230-gsm-still-waters-luxury-textiles__34648.1706019091.386.513.jpg?c=1"], "Url": "https://directtextilestore.com/microfiber-golf-towels-with-grommet-and-hook-blank-16-x-16-230-gsm/"}
{"SKU": "GT1616GRE12", "Type": "", "Size": "16 X 16", "Color": "", "Options": {"Main Option": "Options", "Description": "Green", "Gsm Weight": "230 Gsm", "Size": "16 X 16", "CHOOSE PACK SIZE": "Pack of (12) Pieces"}, "Price Per Each": "2.84", "Full Price": "34.0200", "Stock Status": "In Stock", "Brand": "Direct Textile Store 105", "Category": "Towels", "Sub Category": "Bar Mop Towels", "Material": "Microfiber", "Title": "Microfiber Golf Towels With Grommet and Hook, blank, 16 x 16, 230 gsm", "Description": "Wholesale 16 x 16 microfiber golf towels with grommet and hook, allow for careful treatment of golf equipment. These are blank golf towels with grommets and hooks and are designed to be gentle and ...", "Images": ["https://cdn11.bigcommerce.com/s-zd141b7qtp/products/48349/images/153146/microfiber-golf-towels-with-grommet-and-hook-blank-16-x-16-230-gsm-still-waters-luxury-textiles__07932.1706025834.386.513.jpg?c=1", "https://cdn11.bigcommerce.com/s-zd141b7qtp/products/48349/images/151564/microfiber-golf-towels-with-grommet-and-hook-blank-16-x-16-230-gsm-still-waters-luxury-textiles__21094.1706023664.386.513.jpg?c=1", "https://cdn11.bigcommerce.com/s-zd141b7qtp/products/48349/images/150299/microfiber-golf-towels-with-grommet-and-hook-blank-16-x-16-230-gsm-still-waters-luxury-textiles__78437.1706021781.386.513.jpg?c=1", "https://cdn11.bigcommerce.com/s-zd141b7qtp/products/48349/images/148277/microfiber-golf-towels-with-grommet-and-hook-blank-16-x-16-230-gsm-still-waters-luxury-textiles__34648.1706019091.386.513.jpg?c=1"], "Url": "https://directtextilestore.com/microfiber-golf-towels-with-grommet-and-hook-blank-16-x-16-230-gsm/"}
{"SKU": "GT1616GRE12_240", "Type": "", "Size": "16 X 16", "Color": "", "Options": {"Main Option": "Options", "Description": "Green", "Gsm Weight": "230 Gsm", "Size": "16 X 16", "CHOOSE PACK SIZE": "Case of (240) Pieces"}, "Price Per Each": "2.44", "Full Price": "586.4800", "Stock Status": "In Stock", "Brand": "Direct Textile Store 105", "Category": "Towels", "Sub Category": "Bar Mop Towels", "Material": "Microfiber", "Title": "Microfiber Golf Towels With Grommet and Hook, blank, 16 x 16, 230 gsm", "Description": "Wholesale 16 x 16 microfiber golf towels with grommet and hook, allow for careful treatment of golf equipment. These are blank golf towels with grommets and hooks and are designed to be gentle and ...", "Images": ["https://cdn11.bigcommerce.com/s-zd141b7qtp/products/48349/images/153146/microfiber-golf-towels-with-grommet-and-hook-blank-16-x-16-230-gsm-still-waters-luxury-textiles__07932.1706025834.386.513.jpg?c=1", "https://cdn11.bigcommerce.com/s-zd141b7qtp/products/48349/images/151564/microfiber-golf-towels-with-grommet-and-hook-blank-16-x-16-230-gsm-still-waters-luxury-textiles__21094.1706023664.386.513.jpg?c=1", "https://cdn11.bigcommerce.com/s-zd141b7qtp/products/48349/images/150299/microfiber-golf-towels-with-grommet-and-hook-blank-16-x-16-230-gsm-still-waters-luxury-textiles__78437.1706021781.386.513.jpg?c=1", "https://cdn11.bigcommerce.com/s-zd141b7qtp/products/48349/images/148277/microfiber-golf-towels-with-grommet-and-hook-blank-16-x-16-230-gsm-still-waters-luxury-textiles__34648.1706019091.386.513.jpg?c=1"], "Url": "https://directtextilestore.com/microfiber-golf-towels-with-grommet-and-hook-blank-16-x-16-230-gsm/"}
{"SKU": "GT1616PIK12", "Type": "", "Size": "16 X 16", "Color": "", "Options": {"Main Option": "Options", "Description": "Pink", "Gsm Weight": "230 Gsm", "Size": "16 X 16", "CHOOSE PACK SIZE": "Pack of (12) Pieces"}, "Price Per Each": "2.84", "Full Price": "34.0200", "Stock Status": "In Stock", "Brand": "Direct Textile Store 105", "Category": "Towels", "Sub Category": "Bar Mop Towels", "Material": "Microfiber", "Title": "Microfiber Golf Towels With Grommet and Hook, blank, 16 x 16, 230 gsm", "Description": "Wholesale 16 x 16 microfiber golf towels with grommet and hook, allow for careful treatment of golf equipment. These are blank golf towels with grommets and hooks and are designed to be gentle and ...", "Images": ["https://cdn11.bigcommerce.com/s-zd141b7qtp/products/48349/images/153146/microfiber-golf-towels-with-grommet-and-hook-blank-16-x-16-230-gsm-still-waters-luxury-textiles__07932.1706025834.386.513.jpg?c=1", "https://cdn11.bigcommerce.com/s-zd141b7qtp/products/48349/images/151564/microfiber-golf-towels-with-grommet-and-hook-blank-16-x-16-230-gsm-still-waters-luxury-textiles__21094.1706023664.386.513.jpg?c=1", "https://cdn11.bigcommerce.com/s-zd141b7qtp/products/48349/images/150299/microfiber-golf-towels-with-grommet-and-hook-blank-16-x-16-230-gsm-still-waters-luxury-textiles__78437.1706021781.386.513.jpg?c=1", "https://cdn11.bigcommerce.com/s-zd141b7qtp/products/48349/images/148277/microfiber-golf-towels-with-grommet-and-hook-blank-16-x-16-230-gsm-still-waters-luxury-textiles__34648.1706019091.386.513.jpg?c=1"], "Url": "https://directtextilestore.com/microfiber-golf-towels-with-grommet-and-hook-blank-16-x-16-230-gsm/"}
{"SKU": "GT1616PIK12_240", "Type": "", "Size": "16 X 16", "Color": "", "Options": {"Main Option": "Options", "Description": "Pink", "Gsm Weight": "230 Gsm", "Size": "16 X 16", "CHOOSE PACK SIZE": "Case of (240) Pieces"}, "Price Per Each": "2.44", "Full Price": "586.4800", "Stock Status": "In Stock", "Brand": "Direct Textile Store 105", "Category": "Towels", "Sub Category": "Bar Mop Towels", "Material": "Microfiber", "Title": "Microfiber Golf Towels With Grommet and Hook, blank, 16 x 16, 230 gsm", "Description": "Wholesale 16 x 16 microfiber golf towels with grommet and hook, allow for careful treatment of golf equipment. These are blank golf towels with grommets and hooks and are designed to be gentle and ...", "Images": ["https://cdn11.bigcommerce.com/s-zd141b7qtp/products/48349/images/153146/microfiber-golf-towels-with-grommet-and-hook-blank-16-x-16-230-gsm-still-waters-luxury-textiles__07932.1706025834.386.513.jpg?c=1", "https://cdn11.bigcommerce.com/s-zd141b7qtp/products/48349/images/151564/microfiber-golf-towels-with-grommet-and-hook-blank-16-x-16-230-gsm-still-waters-luxury-textiles__21094.1706023664.386.513.jpg?c=1", "https://cdn11.bigcommerce.com/s-zd141b7qtp/products/48349/images/150299/microfiber-golf-towels-with-grommet-and-hook-blank-16-x-16-230-gsm-still-waters-luxury-textiles__78437.1706021781.386.513.jpg?c=1", "https://cdn11.bigcommerce.com/s-zd141b7qtp/products/48349/images/148277/microfiber-golf-towels-with-grommet-and-hook-blank-16-x-16-230-gsm-still-waters-luxury-textiles__34648.1706019091.386.513.jpg?c=1"], "Url": "https://directtextilestore.com/microfiber-golf-towels-with-grommet-and-hook-blank-16-x-16-230-gsm/"}
{"SKU": "GT1616YEL12", "Type": "", "Size": "16 X 16", "Color": "", "Options": {"Main Option": "Options", "Description": "Yellow", "Gsm Weight": "230 Gsm", "Size": "16 X 16", "CHOOSE PACK SIZE": "Pack of (12) Pieces"}, "Price Per Each": "2.84", "Full Price": "34.0200", "Stock Status": "In Stock", "Brand": "Direct Textile Store 105", "Category": "Towels", "Sub Category": "Bar Mop Towels", "Material": "Microfiber", "Title": "Microfiber Golf Towels With Grommet and Hook, blank, 16 x 16, 230 gsm", "Description": "Wholesale 16 x 16 microfiber golf towels with grommet and hook, allow for careful treatment of golf equipment. These are blank golf towels with grommets and hooks and are designed to be gentle and ...", "Images": ["https://cdn11.bigcommerce.com/s-zd141b7qtp/products/48349/images/153146/microfiber-golf-towels-with-grommet-and-hook-blank-16-x-16-230-gsm-still-waters-luxury-textiles__07932.1706025834.386.513.jpg?c=1", "https://cdn11.bigcommerce.com/s-zd141b7qtp/products/48349/images/151564/microfiber-golf-towels-with-grommet-and-hook-blank-16-x-16-230-gsm-still-waters-luxury-textiles__21094.1706023664.386.513.jpg?c=1", "https://cdn11.bigcommerce.com/s-zd141b7qtp/products/48349/images/150299/microfiber-golf-towels-with-grommet-and-hook-blank-16-x-16-230-gsm-still-waters-luxury-textiles__78437.1706021781.386.513.jpg?c=1", "https://cdn11.bigcommerce.com/s-zd141b7qtp/products/48349/images/148277/microfiber-golf-towels-with-grommet-and-hook-blank-16-x-16-230-gsm-still-waters-luxury-textiles__34648.1706019091.386.513.jpg?c=1"], "Url": "https://directtextilestore.com/microfiber-golf-towels-with-grommet-and-hook-blank-16-x-16-230-gsm/"}
{"SKU": "GT1616YEL12_240", "Type": "", "Size": "16 X 16", "Color": "", "Options": {"Main Option": "Options", "Description": "Yellow", "Gsm Weight": "230 Gsm", "Size": "16 X 16", "CHOOSE PACK SIZE": "Case of (240) Pieces"}, "Price Per Each": "2.44", "Full Price": "586.4800", "Stock Status": "In Stock", "Brand": "Direct Textile Store 105", "Category": "Towels", "Sub Category": "Bar Mop Towels", "Material": "Microfiber", "Title": "Microfiber Golf Towels With Grommet and Hook, blank, 16 x 16, 230 gsm", "Description": "Wholesale 16 x 16 microfiber golf towels with grommet and hook, allow for careful treatment of golf equipment. These are blank golf towels with grommets and hooks and are designed to be gentle and ...", "Images": ["https://cdn11.bigcommerce.com/s-zd141b7qtp/products/48349/images/153146/microfiber-golf-towels-with-grommet-and-hook-blank-16-x-16-230-gsm-still-waters-luxury-textiles__07932.1706025834.386.513.jpg?c=1", "https://cdn11.bigcommerce.com/s-zd141b7qtp/products/48349/images/151564/microfiber-golf-towels-with-grommet-and-hook-blank-16-x-16-230-gsm-still-waters-luxury-textiles__21094.1706023664.386.513.jpg?c=1", "https://cdn11.bigcommerce.com/s-zd141b7qtp/products/48349/images/150299/microfiber-golf-towels-with-grommet-and-hook-blank-16-x-16-230-gsm-still-waters-luxury-textiles__78437.1706021781.386.513.jpg?c=1", "https://cdn11.bigcommerce.com/s-zd141b7qtp/products/48349/images/148277/microfiber-golf-towels-with-grommet-and-hook-blank-16-x-16-230-gsm-still-waters-luxury-textiles__34648.1706019091.386.513.jpg?c=1"], "Url": "https://directtextilestore.com/microfiber-golf-towels-with-grommet-and-hook-blank-16-x-16-230-gsm/"}
{"SKU": "SLT-SC7272KPW", "Type": "", "Size": "72W X 72L", "Color": "White", "Options": {"Main Option": "Shower Curtain", "Color": "White", "Size": "72W X 72L", "CHOOSE PACK SIZE": "Pack of (1) Piece"}, "Price Per Each": "18.00", "Full Price": "18.0000", "Stock Status": "In Stock", "Brand": "Direct Textile Store 105", "Category": "Shower Curtains", "Sub Category": "Vinyl Shower Curtains", "Material": "", "Title": "Pebble Finish Vinyl Shower Curtain by Still Waters", "Description": "Transform your shower experience with this Pebble Finish Vinyl Shower Curtain, expertly designed with rugged 10 Gauge heavy-weight vinyl. The shower curtain features a pebble finish to add a bit ...", "Images": ["https://cdn11.bigcommerce.com/s-zd141b7qtp/products/48388/images/150765/pebble-finish-vinyl-shower-curtain-by-still-waters-still-waters-luxury-textiles__02430.1706022563.386.513.jpg?c=1", "https://cdn11.bigcommerce.com/s-zd141b7qtp/products/48388/images/150295/pebble-finish-vinyl-shower-curtain-by-still-waters-still-waters-luxury-textiles__23728.1706021777.386.513.jpg?c=1"], "Url": "https://directtextilestore.com/pebble-finish-vinyl-shower-curtain-by-still-waters/"}
{"SKU": "SLT-SC7272KPB", "Type": "", "Size": "72W X 72L", "Color": "Beige", "Options": {"Main Option": "Shower Curtain", "Color": "Beige", "Size": "72W X 72L", "CHOOSE PACK SIZE": "Pack of (1) Piece"}, "Price Per Each": "18.00", "Full Price": "18.0000", "Stock Status": "In Stock", "Brand": "Direct Textile Store 105", "Category": "Shower Curtains", "Sub Category": "Vinyl Shower Curtains", "Material": "", "Title": "Pebble Finish Vinyl Shower Curtain by Still Waters", "Description": "Transform your shower experience with this Pebble Finish Vinyl Shower Curtain, expertly designed with rugged 10 Gauge heavy-weight vinyl. The shower curtain features a pebble finish to add a bit ...", "Images": ["https://cdn11.bigcommerce.com/s-zd141b7qtp/products/48388/images/150765/pebble-finish-vinyl-shower-curtain-by-still-waters-still-waters-luxury-textiles__02430.1706022563.386.513.jpg?c=1", "https://cdn11.bigcommerce.com/s-zd141b7qtp/products/48388/images/150295/pebble-finish-vinyl-shower-curtain-by-still-waters-still-waters-luxury-textiles__23728.1706021777.386.513.jpg?c=1"], "Url": "https://directtextilestore.com/pebble-finish-vinyl-shower-curtain-by-still-waters/"}
{"SKU": "SLT-NPK2121AB6-1", "Type": "", "Size": "21 X 21", "Color": "White", "Options": {"Main Option": "Napkin", "Color": "White", "Size": "21 X 21", "CHOOSE PACK SIZE": "Pack of (6) Pieces"}, "Price Per Each": "2.08", "Full Price": "12.4600", "Stock Status": "In Stock", "Brand": "Direct Textile Store 105", "Category": "Napkins", "Sub Category": "Table Linens", "Material": "100% Spun Polyester", "Title": "Still Water Black Linen Dinner Napkins - 100% Polyester", "Description": "Upgrade your table setting with Still Water Linen Dinner Napkins, meticulously crafted napkins made from durable 100% Spun Polyester fabric. These napkins are designed for longevity, capable of ...", "Images": ["https://cdn11.bigcommerce.com/s-zd141b7qtp/products/48412/images/154252/still-waters-black-linen-dinner-napkins-100percent-polyester-still-waters-luxury-textiles__37055.1709054261.386.513.jpg?c=1", "https://cdn11.bigcommerce.com/s-zd141b7qtp/products/48412/images/154221/still-waters-black-linen-dinner-napkins-100percent-polyester-still-waters-luxury-textiles__50051.1709054261.386.513.jpg?c=1", "https://cdn11.bigcommerce.com/s-zd141b7qtp/products/48412/images/154247/still-waters-black-linen-dinner-napkins-100percent-polyester-still-waters-luxury-textiles__46726.1709054261.386.513.jpg?c=1", "https://cdn11.bigcommerce.com/s-zd141b7qtp/products/48412/images/154229/still-waters-black-linen-dinner-napkins-100percent-polyester-still-waters-luxury-textiles__11974.1709054261.386.513.jpg?c=1"], "Url": "https://directtextilestore.com/still-water-black-linen-dinner-napkins-100-polyester/"}
{"SKU": "SLT-NPK2121AB6-1_12", "Type": "", "Size": "21 X 21", "Color": "White", "Options": {"Main Option": "Napkin", "Color": "White", "Size": "21 X 21", "CHOOSE PACK SIZE": "Pack of (12) Pieces"}, "Price Per Each": "1.65", "Full Price": "19.7800", "Stock Status": "In Stock", "Brand": "Direct Textile Store 105", "Category": "Napkins", "Sub Category": "Table Linens", "Material": "100% Spun Polyester", "Title": "Still Water Black Linen Dinner Napkins - 100% Polyester", "Description": "Upgrade your table setting with Still Water Linen Dinner Napkins, meticulously crafted napkins made from durable 100% Spun Polyester fabric. These napkins are designed for longevity, capable of ...", "Images": ["https://cdn11.bigcommerce.com/s-zd141b7qtp/products/48412/images/154252/still-waters-black-linen-dinner-napkins-100percent-polyester-still-waters-luxury-textiles__37055.1709054261.386.513.jpg?c=1", "https://cdn11.bigcommerce.com/s-zd141b7qtp/products/48412/images/154221/still-waters-black-linen-dinner-napkins-100percent-polyester-still-waters-luxury-textiles__50051.1709054261.386.513.jpg?c=1", "https://cdn11.bigcommerce.com/s-zd141b7qtp/products/48412/images/154247/still-waters-black-linen-dinner-napkins-100percent-polyester-still-waters-luxury-textiles__46726.1709054261.386.513.jpg?c=1", "https://cdn11.bigcommerce.com/s-zd141b7qtp/products/48412/images/154229/still-waters-black-linen-dinner-napkins-100percent-polyester-still-waters-luxury-textiles__11974.1709054261.386.513.jpg?c=1"], "Url": "https://directtextilestore.com/still-water-black-linen-dinner-napkins-100-polyester/"}
{"SKU": "SLT-NPK2121AB6-1_60", "Type": "", "Size": "21 X 21", "Color": "White", "Options": {"Main Option": "Napkin", "Color": "White", "Size": "21 X 21", "CHOOSE PACK SIZE": "Pack of (60) Pieces"}, "Price Per Each": "1.60", "Full Price": "95.8800", "Stock Status": "In Stock", "Brand": "Direct Textile Store 105", "Category": "Napkins", "Sub Category": "Table Linens", "Material": "100% Spun Polyester", "Title": "Still Water Black Linen Dinner Napkins - 100% Polyester", "Description": "Upgrade your table setting with Still Water Linen Dinner Napkins, meticulously crafted napkins made from durable 100% Spun Polyester fabric. These napkins are designed for longevity, capable of ...", "Images": ["https://cdn11.bigcommerce.com/s-zd141b7qtp/products/48412/images/154252/still-waters-black-linen-dinner-napkins-100percent-polyester-still-waters-luxury-textiles__37055.1709054261.386.513.jpg?c=1", "https://cdn11.bigcommerce.com/s-zd141b7qtp/products/48412/images/154221/still-waters-black-linen-dinner-napkins-100percent-polyester-still-waters-luxury-textiles__50051.1709054261.386.513.jpg?c=1", "https://cdn11.bigcommerce.com/s-zd141b7qtp/products/48412/images/154247/still-waters-black-linen-dinner-napkins-100percent-polyester-still-waters-luxury-textiles__46726.1709054261.386.513.jpg?c=1", "https://cdn11.bigcommerce.com/s-zd141b7qtp/products/48412/images/154229/still-waters-black-linen-dinner-napkins-100percent-polyester-still-waters-luxury-textiles__11974.1709054261.386.513.jpg?c=1"], "Url": "https://directtextilestore.com/still-water-black-linen-dinner-napkins-100-polyester/"}
{"SKU": "SLT-NPK1826AW6", "Type": "", "Size": "18 X 26", "Color": "", "Options": {"Main Option": "Napkin", "Description": "White W/Red Stripe", "Size": "18 X 26", "CHOOSE PACK SIZE": "Pack of (6) Pieces"}, "Price Per Each": "2.14", "Full Price": "12.8200", "Stock Status": "In Stock", "Brand": "Direct Textile Store 105", "Category": "Towels", "Sub Category": "Napkins", "Material": "100% Cotton", "Title": "Still Water Cotton Bistro Napkin With Red Stripes", "Description": "These 100% cotton bistro napkins are constructed with a twill weave. This white cotton napkin with red stripes is perfect for many uses such as a home dinner party, your restaurant, or even a dish ...", "Images": ["https://cdn11.bigcommerce.com/s-zd141b7qtp/products/48381/images/153905/still-waters-cotton-bistro-napkin-with-red-stripes-still-waters-luxury-textiles__61449.1709054043.386.513.jpg?c=1", "https://cdn11.bigcommerce.com/s-zd141b7qtp/products/48381/images/147978/still-waters-cotton-bistro-napkin-with-red-stripes-still-waters-luxury-textiles__20310.1709054043.386.513.jpg?c=1", "https://cdn11.bigcommerce.com/s-zd141b7qtp/products/48381/images/151427/still-waters-cotton-bistro-napkin-with-red-stripes-still-waters-luxury-textiles__10708.1709054043.386.513.jpg?c=1"], "Url": "https://directtextilestore.com/still-water-cotton-bistro-napkin-with-red-stripes/"}
{"SKU": "SLT-NPK1826AW6_12", "Type": "", "Size": "18 X 26", "Color": "", "Options": {"Main Option": "Napkin", "Description": "White W/Red Stripe", "Size": "18 X 26", "CHOOSE PACK SIZE": "Pack of (12) Pieces"}, "Price Per Each": "1.86", "Full Price": "22.3600", "Stock Status": "In Stock", "Brand": "Direct Textile Store 105", "Category": "Towels", "Sub Category": "Napkins", "Material": "100% Cotton", "Title": "Still Water Cotton Bistro Napkin With Red Stripes", "Description": "These 100% cotton bistro napkins are constructed with a twill weave. This white cotton napkin with red stripes is perfect for many uses such as a home dinner party, your restaurant, or even a dish ...", "Images": ["https://cdn11.bigcommerce.com/s-zd141b7qtp/products/48381/images/153905/still-waters-cotton-bistro-napkin-with-red-stripes-still-waters-luxury-textiles__61449.1709054043.386.513.jpg?c=1", "https://cdn11.bigcommerce.com/s-zd141b7qtp/products/48381/images/147978/still-waters-cotton-bistro-napkin-with-red-stripes-still-waters-luxury-textiles__20310.1709054043.386.513.jpg?c=1", "https://cdn11.bigcommerce.com/s-zd141b7qtp/products/48381/images/151427/still-waters-cotton-bistro-napkin-with-red-stripes-still-waters-luxury-textiles__10708.1709054043.386.513.jpg?c=1"], "Url": "https://directtextilestore.com/still-water-cotton-bistro-napkin-with-red-stripes/"}
{"SKU": "SLT-NPK1826AW6_60", "Type": "", "Size": "18 X 26", "Color": "", "Options": {"Main Option": "Napkin", "Description": "White W/Red Stripe", "Size": "18 X 26", "CHOOSE PACK SIZE": "Pack of (60) Pieces"}, "Price Per Each": "1.64", "Full Price": "98.6500", "Stock Status": "In Stock", "Brand": "Direct Textile Store 105", "Category": "Towels", "Sub Category": "Napkins", "Material": "100% Cotton", "Title": "Still Water Cotton Bistro Napkin With Red Stripes", "Description": "These 100% cotton bistro napkins are constructed with a twill weave. This white cotton napkin with red stripes is perfect for many uses such as a home dinner party, your restaurant, or even a dish ...", "Images": ["https://cdn11.bigcommerce.com/s-zd141b7qtp/products/48381/images/153905/still-waters-cotton-bistro-napkin-with-red-stripes-still-waters-luxury-textiles__61449.1709054043.386.513.jpg?c=1", "https://cdn11.bigcommerce.com/s-zd141b7qtp/products/48381/images/147978/still-waters-cotton-bistro-napkin-with-red-stripes-still-waters-luxury-textiles__20310.1709054043.386.513.jpg?c=1", "https://cdn11.bigcommerce.com/s-zd141b7qtp/products/48381/images/151427/still-waters-cotton-bistro-napkin-with-red-stripes-still-waters-luxury-textiles__10708.1709054043.386.513.jpg?c=1"], "Url": "https://directtextilestore.com/still-water-cotton-bistro-napkin-with-red-stripes/"}
{"SKU": "SLT-NPK1822AW6", "Type": "", "Size": "18 X 22", "Color": "", "Options": {"Main Option": "Napkin", "Description": "Black Stripe", "Product Code": "6297", "Size": "18 X 22", "CHOOSE PACK SIZE": "Pack of (6) Pieces"}, "Price Per Each": "3.48", "Full Price": "20.8700", "Stock Status": "In Stock", "Brand": "Direct Textile Store 105", "Category": "Napkins", "Sub Category": "Bistro Napkins", "Material": "100% Spun Polyester", "Title": "Still Water Striped Bistro Napkins", "Description": "Transform your restaurant's atmosphere with Still Water Striped Bistro Napkins, showcasing a modern and chic aesthetic. These top-tier cloth napkins effortlessly blend sophistication and softness, ...", "Images": ["https://cdn11.bigcommerce.com/s-zd141b7qtp/products/48382/images/147196/still-waters-striped-bistro-napkins-still-waters-luxury-textiles__25309.1709054114.386.513.jpg?c=1", "https://cdn11.bigcommerce.com/s-zd141b7qtp/products/48382/images/147024/still-waters-striped-bistro-napkins-still-waters-luxury-textiles__17788.1709054114.386.513.jpg?c=1", "https://cdn11.bigcommerce.com/s-zd141b7qtp/products/48382/images/146773/still-waters-striped-bistro-napkins-still-waters-luxury-textiles__33158.1709054114.386.513.jpg?c=1"], "Url": "https://directtextilestore.com/still-water-striped-bistro-napkins/"}
{"SKU": "SLT-NPK1822AW6_12", "Type": "", "Size": "18 X 22", "Color": "", "Options": {"Main Option": "Napkin", "Description": "Black Stripe", "Product Code": "6297", "Size": "18 X 22", "CHOOSE PACK SIZE": "Pack of (12) Pieces"}, "Price Per Each": "2.90", "Full Price": "34.7700", "Stock Status": "In Stock", "Brand": "Direct Textile Store 105", "Category": "Napkins", "Sub Category": "Bistro Napkins", "Material": "100% Spun Polyester", "Title": "Still Water Striped Bistro Napkins", "Description": "Transform your restaurant's atmosphere with Still Water Striped Bistro Napkins, showcasing a modern and chic aesthetic. These top-tier cloth napkins effortlessly blend sophistication and softness, ...", "Images": ["https://cdn11.bigcommerce.com/s-zd141b7qtp/products/48382/images/147196/still-waters-striped-bistro-napkins-still-waters-luxury-textiles__25309.1709054114.386.513.jpg?c=1", "https://cdn11.bigcommerce.com/s-zd141b7qtp/products/48382/images/147024/still-waters-striped-bistro-napkins-still-waters-luxury-textiles__17788.1709054114.386.513.jpg?c=1", "https://cdn11.bigcommerce.com/s-zd141b7qtp/products/48382/images/146773/still-waters-striped-bistro-napkins-still-waters-luxury-textiles__33158.1709054114.386.513.jpg?c=1"], "Url": "https://directtextilestore.com/still-water-striped-bistro-napkins/"}
{"SKU": "SLT-NPK1822AW6_60", "Type": "", "Size": "18 X 22", "Color": "", "Options": {"Main Option": "Napkin", "Description": "Black Stripe", "Product Code": "6297", "Size": "18 X 22", "CHOOSE PACK SIZE": "Pack of (60) Pieces"}, "Price Per Each": "2.67", "Full Price": "160.4900", "Stock Status": "In Stock", "Brand": "Direct Textile Store 105", "Category": "Napkins", "Sub Category": "Bistro Napkins", "Material": "100% Spun Polyester", "Title": "Still Water Striped Bistro Napkins", "Description": "Transform your restaurant's atmosphere with Still Water Striped Bistro Napkins, showcasing a modern and chic aesthetic. These top-tier cloth napkins effortlessly blend sophistication and softness, ...", "Images": ["https://cdn11.bigcommerce.com/s-zd141b7qtp/products/48382/images/147196/still-waters-striped-bistro-napkins-still-waters-luxury-textiles__25309.1709054114.386.513.jpg?c=1", "https://cdn11.bigcommerce.com/s-zd141b7qtp/products/48382/images/147024/still-waters-striped-bistro-napkins-still-waters-luxury-textiles__17788.1709054114.386.513.jpg?c=1", "https://cdn11.bigcommerce.com/s-zd141b7qtp/products/48382/images/146773/still-waters-striped-bistro-napkins-still-waters-luxury-textiles__33158.1709054114.386.513.jpg?c=1"], "Url": "https://directtextilestore.com/still-water-striped-bistro-napkins/"}
{"SKU": "SLT-NPK2121AW6", "Type": "", "Size": "21 X 21", "Color": "White", "Options": {"Main Option": "Napkin", "Color": "White", "Size": "21 X 21", "CHOOSE PACK SIZE": "Pack of (6) Pieces"}, "Price Per Each": "2.08", "Full Price": "12.4600", "Stock Status": "In Stock", "Brand": "Direct Textile Store 105", "Category": "Napkins", "Sub Category": "Table Linens", "Material": "100% Spun Polyester", "Title": "Still Water White Linen Dinner Napkins - 100% Polyester", "Description": "Upgrade your table setting with Still Water Linen Dinner Napkins, meticulously crafted napkins made from durable 100% Spun Polyester fabric. These napkins are designed for longevity, capable of ...", "Images": ["https://cdn11.bigcommerce.com/s-zd141b7qtp/products/48387/images/153273/still-waters-white-linen-dinner-napkins-100percent-polyester-still-waters-luxury-textiles__16191.1709054192.386.513.jpg?c=1", "https://cdn11.bigcommerce.com/s-zd141b7qtp/products/48387/images/150845/still-waters-white-linen-dinner-napkins-100percent-polyester-still-waters-luxury-textiles__09309.1709054192.386.513.jpg?c=1", "https://cdn11.bigcommerce.com/s-zd141b7qtp/products/48387/images/151724/still-waters-white-linen-dinner-napkins-100percent-polyester-still-waters-luxury-textiles__65739.1709054192.386.513.jpg?c=1", "https://cdn11.bigcommerce.com/s-zd141b7qtp/products/48387/images/148293/still-waters-white-linen-dinner-napkins-100percent-polyester-still-waters-luxury-textiles__07334.1709054192.386.513.jpg?c=1"], "Url": "https://directtextilestore.com/still-water-white-linen-dinner-napkins-100-polyester/"}
{"SKU": "SLT-NPK2121AW6_12", "Type": "", "Size": "21 X 21", "Color": "White", "Options": {"Main Option": "Napkin", "Color": "White", "Size": "21 X 21", "CHOOSE PACK SIZE": "Pack of (12) Pieces"}, "Price Per Each": "1.65", "Full Price": "19.7800", "Stock Status": "In Stock", "Brand": "Direct Textile Store 105", "Category": "Napkins", "Sub Category": "Table Linens", "Material": "100% Spun Polyester", "Title": "Still Water White Linen Dinner Napkins - 100% Polyester", "Description": "Upgrade your table setting with Still Water Linen Dinner Napkins, meticulously crafted napkins made from durable 100% Spun Polyester fabric. These napkins are designed for longevity, capable of ...", "Images": ["https://cdn11.bigcommerce.com/s-zd141b7qtp/products/48387/images/153273/still-waters-white-linen-dinner-napkins-100percent-polyester-still-waters-luxury-textiles__16191.1709054192.386.513.jpg?c=1", "https://cdn11.bigcommerce.com/s-zd141b7qtp/products/48387/images/150845/still-waters-white-linen-dinner-napkins-100percent-polyester-still-waters-luxury-textiles__09309.1709054192.386.513.jpg?c=1", "https://cdn11.bigcommerce.com/s-zd141b7qtp/products/48387/images/151724/still-waters-white-linen-dinner-napkins-100percent-polyester-still-waters-luxury-textiles__65739.1709054192.386.513.jpg?c=1", "https://cdn11.bigcommerce.com/s-zd141b7qtp/products/48387/images/148293/still-waters-white-linen-dinner-napkins-100percent-polyester-still-waters-luxury-textiles__07334.1709054192.386.513.jpg?c=1"], "Url": "https://directtextilestore.com/still-water-white-linen-dinner-napkins-100-polyester/"}
{"SKU": "SLT-NPK2121AW6_60", "Type": "", "Size": "21 X 21", "Color": "White", "Options": {"Main Option": "Napkin", "Color": "White", "Size": "21 X 21", "CHOOSE PACK SIZE": "Pack of (60) Pieces"}, "Price Per Each": "1.60", "Full Price": "95.8800", "Stock Status": "In Stock", "Brand": "Direct Textile Store 105", "Category": "Napkins", "Sub Category": "Table Linens", "Material": "100% Spun Polyester", "Title": "Still Water White Linen Dinner Napkins - 100% Polyester", "Description": "Upgrade your table setting with Still Water Linen Dinner Napkins, meticulously crafted napkins made from durable 100% Spun Polyester fabric. These napkins are designed for longevity, capable of ...", "Images": ["https://cdn11.bigcommerce.com/s-zd141b7qtp/products/48387/images/153273/still-waters-white-linen-dinner-napkins-100percent-polyester-still-waters-luxury-textiles__16191.1709054192.386.513.jpg?c=1", "https://cdn11.bigcommerce.com/s-zd141b7qtp/products/48387/images/150845/still-waters-white-linen-dinner-napkins-100percent-polyester-still-waters-luxury-textiles__09309.1709054192.386.513.jpg?c=1", "https://cdn11.bigcommerce.com/s-zd141b7qtp/products/48387/images/151724/still-waters-white-linen-dinner-napkins-100percent-polyester-still-waters-luxury-textiles__65739.1709054192.386.513.jpg?c=1", "https://cdn11.bigcommerce.com/s-zd141b7qtp/products/48387/images/148293/still-waters-white-linen-dinner-napkins-100percent-polyester-still-waters-luxury-textiles__07334.1709054192.386.513.jpg?c=1"], "Url": "https://directtextilestore.com/still-water-white-linen-dinner-napkins-100-polyester/"}
{"SKU": "SLT-SC7272KTW", "Type": "", "Size": "72 X 72", "Color": "", "Options": {"Main Option": "Shower Curtain", "Description": "White", "Size": "72 X 72", "CHOOSE PACK SIZE": "Pack of (1) Piece"}, "Price Per Each": "17.00", "Full Price": "17.0000", "Stock Status": "In Stock", "Brand": "Direct Textile Store 105", "Category": "Shower Curtains", "Sub Category": "Vinyl Shower Curtains", "Material": "", "Title": "Taffeta embossed Vinyl Shower Curtain by Still Waters", "Description": "These Taffeta Embossed Shower Curtains are made of 6 gauge vinyl and will not collect soap residue. They may be used as a stand alone shower curtain or a liner.  Rust Proof Metal Grommets Machine ...", "Images": ["https://cdn11.bigcommerce.com/s-zd141b7qtp/products/48389/images/152327/taffeta-embossed-vinyl-shower-curtain-by-still-waters-still-waters-luxury-textiles__45391.1706024707.386.513.jpg?c=1", "https://cdn11.bigcommerce.com/s-zd141b7qtp/products/48389/images/151822/taffeta-embossed-vinyl-shower-curtain-by-still-waters-still-waters-luxury-textiles__86895.1706024025.386.513.jpg?c=1"], "Url": "https://directtextilestore.com/taffeta-embossed-vinyl-shower-curtain-by-still-waters/"}
{"SKU": "SLT-SC7272KTW_3", "Type": "", "Size": "72 X 72", "Color": "", "Options": {"Main Option": "Shower Curtain", "Description": "White", "Size": "72 X 72", "CHOOSE PACK SIZE": "Pack of (3) Pieces"}, "Price Per Each": "16.00", "Full Price": "48.0000", "Stock Status": "In Stock", "Brand": "Direct Textile Store 105", "Category": "Shower Curtains", "Sub Category": "Vinyl Shower Curtains", "Material": "", "Title": "Taffeta embossed Vinyl Shower Curtain by Still Waters", "Description": "These Taffeta Embossed Shower Curtains are made of 6 gauge vinyl and will not collect soap residue. They may be used as a stand alone shower curtain or a liner.  Rust Proof Metal Grommets Machine ...", "Images": ["https://cdn11.bigcommerce.com/s-zd141b7qtp/products/48389/images/152327/taffeta-embossed-vinyl-shower-curtain-by-still-waters-still-waters-luxury-textiles__45391.1706024707.386.513.jpg?c=1", "https://cdn11.bigcommerce.com/s-zd141b7qtp/products/48389/images/151822/taffeta-embossed-vinyl-shower-curtain-by-still-waters-still-waters-luxury-textiles__86895.1706024025.386.513.jpg?c=1"], "Url": "https://directtextilestore.com/taffeta-embossed-vinyl-shower-curtain-by-still-waters/"}
{"SKU": "SLT-SC7272KTB", "Type": "", "Size": "72 X 72", "Color": "", "Options": {"Main Option": "Shower Curtain", "Description": "Beige", "Size": "72 X 72", "CHOOSE PACK SIZE": "Pack of (1) Piece"}, "Price Per Each": "17.00", "Full Price": "17.0000", "Stock Status": "In Stock", "Brand": "Direct Textile Store 105", "Category": "Shower Curtains", "Sub Category": "Vinyl Shower Curtains", "Material": "", "Title": "Taffeta embossed Vinyl Shower Curtain by Still Waters", "Description": "These Taffeta Embossed Shower Curtains are made of 6 gauge vinyl and will not collect soap residue. They may be used as a stand alone shower curtain or a liner.  Rust Proof Metal Grommets Machine ...", "Images": ["https://cdn11.bigcommerce.com/s-zd141b7qtp/products/48389/images/152327/taffeta-embossed-vinyl-shower-curtain-by-still-waters-still-waters-luxury-textiles__45391.1706024707.386.513.jpg?c=1", "https://cdn11.bigcommerce.com/s-zd141b7qtp/products/48389/images/151822/taffeta-embossed-vinyl-shower-curtain-by-still-waters-still-waters-luxury-textiles__86895.1706024025.386.513.jpg?c=1"], "Url": "https://directtextilestore.com/taffeta-embossed-vinyl-shower-curtain-by-still-waters/"}
{"SKU": "SLT-SC7272KTB_3", "Type": "", "Size": "72 X 72", "Color": "", "Options": {"Main Option": "Shower Curtain", "Description": "Beige", "Size": "72 X 72", "CHOOSE PACK SIZE": "Pack of (3) Pieces"}, "Price Per Each": "16.00", "Full Price": "48.0000", "Stock Status": "In Stock", "Brand": "Direct Textile Store 105", "Category": "Shower Curtains", "Sub Category": "Vinyl Shower Curtains", "Material": "", "Title": "Taffeta embossed Vinyl Shower Curtain by Still Waters", "Description": "These Taffeta Embossed Shower Curtains are made of 6 gauge vinyl and will not collect soap residue. They may be used as a stand alone shower curtain or a liner.  Rust Proof Metal Grommets Machine ...", "Images": ["https://cdn11.bigcommerce.com/s-zd141b7qtp/products/48389/images/152327/taffeta-embossed-vinyl-shower-curtain-by-still-waters-still-waters-luxury-textiles__45391.1706024707.386.513.jpg?c=1", "https://cdn11.bigcommerce.com/s-zd141b7qtp/products/48389/images/151822/taffeta-embossed-vinyl-shower-curtain-by-still-waters-still-waters-luxury-textiles__86895.1706024025.386.513.jpg?c=1"], "Url": "https://directtextilestore.com/taffeta-embossed-vinyl-shower-curtain-by-still-waters/"}
