{"SKU": "GEL-IP-XL", "Type": "", "Size": "X-Large  - 21 x 13", "Color": "Blue", "Options": {"Main Option": "Reusable Gel Pack", "Color": "Blue", "Size": "X-Large  - 21 x 13", "CHOOSE PACK SIZE": "Case of (6) Pieces"}, "Price Per Each": "37.30", "Full Price": "223.7900", "Stock Status": "In Stock", "Brand": "Direct Textile Store First Aid", "Category": "Gel Ice Pack", "Sub Category": "", "Material": "", "Title": "Reusable Gel Ice Packs - Bulk", "Description": "Reusable Gel Ice Packs in Bulk, your versatile solution for quick and effective pain relief.These reusable gel ice packs offer both hot and cold therapy to ease muscle strains, migraines, and ...", "Images": ["https://cdn11.bigcommerce.com/s-zd141b7qtp/products/47960/images/151324/reusable-gel-ice-packs-bulk-direct-textile-store-first-aid__42900.1706023335.386.513.jpg?c=1", "https://cdn11.bigcommerce.com/s-zd141b7qtp/products/47960/images/153177/reusable-gel-ice-packs-bulk-direct-textile-store-first-aid__20603.1706025870.386.513.jpg?c=1", "https://cdn11.bigcommerce.com/s-zd141b7qtp/products/47960/images/147782/reusable-gel-ice-packs-bulk-direct-textile-store-first-aid__37577.1706018402.386.513.jpg?c=1", "https://cdn11.bigcommerce.com/s-zd141b7qtp/products/47960/images/152860/reusable-gel-ice-packs-bulk-direct-textile-store-first-aid__30710.1706025444.386.513.jpg?c=1", "https://cdn11.bigcommerce.com/s-zd141b7qtp/products/47960/images/152696/reusable-gel-ice-packs-bulk-direct-textile-store-first-aid__68193.1706025207.386.513.jpg?c=1", "https://cdn11.bigcommerce.com/s-zd141b7qtp/products/47960/images/151524/reusable-gel-ice-packs-bulk-direct-textile-store-first-aid__87080.1706023594.386.513.jpg?c=1", "https://cdn11.bigcommerce.com/s-zd141b7qtp/products/47960/images/149455/reusable-gel-ice-packs-bulk-direct-textile-store-first-aid__27967.1706020673.386.513.jpg?c=1", "https://cdn11.bigcommerce.com/s-zd141b7qtp/products/47960/images/150896/reusable-gel-ice-packs-bulk-direct-textile-store-first-aid__90279.1706022748.386.513.jpg?c=1"], "Url": "https://directtextilestore.com/reusable-gel-ice-packs-bulk/"}
{"SKU": "GEL-IP-L", "Type": "", "Size": "Large - 15 x 11", "Color": "Blue", "Options": {"Main Option": "Reusable Gel Pack", "Color": "Blue", "Size": "Large - 15 x 11", "CHOOSE PACK SIZE": "Case of (10) Pieces"}, "Price Per Each": "22.37", "Full Price": "223.7300", "Stock Status": "In Stock", "Brand": "Direct Textile Store First Aid", "Category": "Gel Ice Pack", "Sub Category": "", "Material": "", "Title": "Reusable Gel Ice Packs - Bulk", "Description": "Reusable Gel Ice Packs in Bulk, your versatile solution for quick and effective pain relief.These reusable gel ice packs offer both hot and cold therapy to ease muscle strains, migraines, and ...", "Images": ["https://cdn11.bigcommerce.com/s-zd141b7qtp/products/47960/images/151324/reusable-gel-ice-packs-bulk-direct-textile-store-first-aid__42900.1706023335.386.513.jpg?c=1", "https://cdn11.bigcommerce.com/s-zd141b7qtp/products/47960/images/153177/reusable-gel-ice-packs-bulk-direct-textile-store-first-aid__20603.1706025870.386.513.jpg?c=1", "https://cdn11.bigcommerce.com/s-zd141b7qtp/products/47960/images/147782/reusable-gel-ice-packs-bulk-direct-textile-store-first-aid__37577.1706018402.386.513.jpg?c=1", "https://cdn11.bigcommerce.com/s-zd141b7qtp/products/47960/images/152860/reusable-gel-ice-packs-bulk-direct-textile-store-first-aid__30710.1706025444.386.513.jpg?c=1", "https://cdn11.bigcommerce.com/s-zd141b7qtp/products/47960/images/152696/reusable-gel-ice-packs-bulk-direct-textile-store-first-aid__68193.1706025207.386.513.jpg?c=1", "https://cdn11.bigcommerce.com/s-zd141b7qtp/products/47960/images/151524/reusable-gel-ice-packs-bulk-direct-textile-store-first-aid__87080.1706023594.386.513.jpg?c=1", "https://cdn11.bigcommerce.com/s-zd141b7qtp/products/47960/images/149455/reusable-gel-ice-packs-bulk-direct-textile-store-first-aid__27967.1706020673.386.513.jpg?c=1", "https://cdn11.bigcommerce.com/s-zd141b7qtp/products/47960/images/150896/reusable-gel-ice-packs-bulk-direct-textile-store-first-aid__90279.1706022748.386.513.jpg?c=1"], "Url": "https://directtextilestore.com/reusable-gel-ice-packs-bulk/"}
{"SKU": "GEL-IP-M", "Type": "", "Size": "Medium - 12 X 8", "Color": "Blue", "Options": {"Main Option": "Reusable Gel Pack", "Color": "Blue", "Size": "Medium - 12 X 8", "CHOOSE PACK SIZE": "Case of (14) Pieces"}, "Price Per Each": "20.88", "Full Price": "292.3300", "Stock Status": "In Stock", "Brand": "Direct Textile Store First Aid", "Category": "Gel Ice Pack", "Sub Category": "", "Material": "", "Title": "Reusable Gel Ice Packs - Bulk", "Description": "Reusable Gel Ice Packs in Bulk, your versatile solution for quick and effective pain relief.These reusable gel ice packs offer both hot and cold therapy to ease muscle strains, migraines, and ...", "Images": ["https://cdn11.bigcommerce.com/s-zd141b7qtp/products/47960/images/151324/reusable-gel-ice-packs-bulk-direct-textile-store-first-aid__42900.1706023335.386.513.jpg?c=1", "https://cdn11.bigcommerce.com/s-zd141b7qtp/products/47960/images/153177/reusable-gel-ice-packs-bulk-direct-textile-store-first-aid__20603.1706025870.386.513.jpg?c=1", "https://cdn11.bigcommerce.com/s-zd141b7qtp/products/47960/images/147782/reusable-gel-ice-packs-bulk-direct-textile-store-first-aid__37577.1706018402.386.513.jpg?c=1", "https://cdn11.bigcommerce.com/s-zd141b7qtp/products/47960/images/152860/reusable-gel-ice-packs-bulk-direct-textile-store-first-aid__30710.1706025444.386.513.jpg?c=1", "https://cdn11.bigcommerce.com/s-zd141b7qtp/products/47960/images/152696/reusable-gel-ice-packs-bulk-direct-textile-store-first-aid__68193.1706025207.386.513.jpg?c=1", "https://cdn11.bigcommerce.com/s-zd141b7qtp/products/47960/images/151524/reusable-gel-ice-packs-bulk-direct-textile-store-first-aid__87080.1706023594.386.513.jpg?c=1", "https://cdn11.bigcommerce.com/s-zd141b7qtp/products/47960/images/149455/reusable-gel-ice-packs-bulk-direct-textile-store-first-aid__27967.1706020673.386.513.jpg?c=1", "https://cdn11.bigcommerce.com/s-zd141b7qtp/products/47960/images/150896/reusable-gel-ice-packs-bulk-direct-textile-store-first-aid__90279.1706022748.386.513.jpg?c=1"], "Url": "https://directtextilestore.com/reusable-gel-ice-packs-bulk/"}
