{"SKU": "PRO16179", "Type": "", "Size": "35 x 70", "Color": "Aqua", "Options": {"Main Option": "Bath Towel Set of 2", "Size": "35 x 70", "Color": "Aqua", "CHOOSE PACK SIZE": "Case of (9) Sets"}, "Price Per Each": "27.46", "Full Price": "247.1300", "Stock Status": "In Stock", "Brand": "Direct Textile Store 104", "Category": "Towels", "Sub Category": "Hospital/Healthcare Towels", "Material": "100% Cotton", "Title": "Cambridge Jumbo Hotel Bath Towels - Set of 2", "Description": "Cambridge Jumbo Hotel Bath Towels - Set of 2. Crafted from luxurious Turkish cotton to envelop you in unparalleled comfort and luxury after every shower.Indulge in the softness and absorbency of ...", "Images": ["https://cdn11.bigcommerce.com/s-zd141b7qtp/products/48646/images/158140/cambridge-jumbo-hotel-bath-towels-set-of-2-direct-textile-store-104__92515.1709116879.386.513.jpg?c=1", "https://cdn11.bigcommerce.com/s-zd141b7qtp/products/48646/images/158144/cambridge-jumbo-hotel-bath-towels-set-of-2-direct-textile-store-104__09693.1709116883.386.513.jpg?c=1", "https://cdn11.bigcommerce.com/s-zd141b7qtp/products/48646/images/158142/cambridge-jumbo-hotel-bath-towels-set-of-2-direct-textile-store-104__07107.1709116881.386.513.jpg?c=1", "https://cdn11.bigcommerce.com/s-zd141b7qtp/products/48646/images/158150/cambridge-jumbo-hotel-bath-towels-set-of-2-direct-textile-store-104__70370.1709116985.386.513.jpg?c=1", "https://cdn11.bigcommerce.com/s-zd141b7qtp/products/48646/images/158132/cambridge-jumbo-hotel-bath-towels-set-of-2-direct-textile-store-104__12526.1709116871.386.513.jpg?c=1", "https://cdn11.bigcommerce.com/s-zd141b7qtp/products/48646/images/158134/cambridge-jumbo-hotel-bath-towels-set-of-2-direct-textile-store-104__21369.1709116873.386.513.jpg?c=1", "https://cdn11.bigcommerce.com/s-zd141b7qtp/products/48646/images/158137/cambridge-jumbo-hotel-bath-towels-set-of-2-direct-textile-store-104__57009.1709116876.386.513.jpg?c=1"], "Url": "https://directtextilestore.com/cambridge-jumbo-hotel-bath-towels-set-of-2/"}
{"SKU": "PRO16180", "Type": "", "Size": "35 x 70", "Color": "Blue", "Options": {"Main Option": "Bath Towel Set of 2", "Size": "35 x 70", "Color": "Blue", "CHOOSE PACK SIZE": "Case of (9) Sets"}, "Price Per Each": "27.46", "Full Price": "247.1300", "Stock Status": "In Stock", "Brand": "Direct Textile Store 104", "Category": "Towels", "Sub Category": "Hospital/Healthcare Towels", "Material": "100% Cotton", "Title": "Cambridge Jumbo Hotel Bath Towels - Set of 2", "Description": "Cambridge Jumbo Hotel Bath Towels - Set of 2. Crafted from luxurious Turkish cotton to envelop you in unparalleled comfort and luxury after every shower.Indulge in the softness and absorbency of ...", "Images": ["https://cdn11.bigcommerce.com/s-zd141b7qtp/products/48646/images/158140/cambridge-jumbo-hotel-bath-towels-set-of-2-direct-textile-store-104__92515.1709116879.386.513.jpg?c=1", "https://cdn11.bigcommerce.com/s-zd141b7qtp/products/48646/images/158144/cambridge-jumbo-hotel-bath-towels-set-of-2-direct-textile-store-104__09693.1709116883.386.513.jpg?c=1", "https://cdn11.bigcommerce.com/s-zd141b7qtp/products/48646/images/158142/cambridge-jumbo-hotel-bath-towels-set-of-2-direct-textile-store-104__07107.1709116881.386.513.jpg?c=1", "https://cdn11.bigcommerce.com/s-zd141b7qtp/products/48646/images/158150/cambridge-jumbo-hotel-bath-towels-set-of-2-direct-textile-store-104__70370.1709116985.386.513.jpg?c=1", "https://cdn11.bigcommerce.com/s-zd141b7qtp/products/48646/images/158132/cambridge-jumbo-hotel-bath-towels-set-of-2-direct-textile-store-104__12526.1709116871.386.513.jpg?c=1", "https://cdn11.bigcommerce.com/s-zd141b7qtp/products/48646/images/158134/cambridge-jumbo-hotel-bath-towels-set-of-2-direct-textile-store-104__21369.1709116873.386.513.jpg?c=1", "https://cdn11.bigcommerce.com/s-zd141b7qtp/products/48646/images/158137/cambridge-jumbo-hotel-bath-towels-set-of-2-direct-textile-store-104__57009.1709116876.386.513.jpg?c=1"], "Url": "https://directtextilestore.com/cambridge-jumbo-hotel-bath-towels-set-of-2/"}
{"SKU": "PRO16181", "Type": "", "Size": "35 x 70", "Color": "Chocolate", "Options": {"Main Option": "Bath Towel Set of 2", "Size": "35 x 70", "Color": "Chocolate", "CHOOSE PACK SIZE": "Case of (9) Sets"}, "Price Per Each": "27.46", "Full Price": "247.1300", "Stock Status": "In Stock", "Brand": "Direct Textile Store 104", "Category": "Towels", "Sub Category": "Hospital/Healthcare Towels", "Material": "100% Cotton", "Title": "Cambridge Jumbo Hotel Bath Towels - Set of 2", "Description": "Cambridge Jumbo Hotel Bath Towels - Set of 2. Crafted from luxurious Turkish cotton to envelop you in unparalleled comfort and luxury after every shower.Indulge in the softness and absorbency of ...", "Images": ["https://cdn11.bigcommerce.com/s-zd141b7qtp/products/48646/images/158140/cambridge-jumbo-hotel-bath-towels-set-of-2-direct-textile-store-104__92515.1709116879.386.513.jpg?c=1", "https://cdn11.bigcommerce.com/s-zd141b7qtp/products/48646/images/158144/cambridge-jumbo-hotel-bath-towels-set-of-2-direct-textile-store-104__09693.1709116883.386.513.jpg?c=1", "https://cdn11.bigcommerce.com/s-zd141b7qtp/products/48646/images/158142/cambridge-jumbo-hotel-bath-towels-set-of-2-direct-textile-store-104__07107.1709116881.386.513.jpg?c=1", "https://cdn11.bigcommerce.com/s-zd141b7qtp/products/48646/images/158150/cambridge-jumbo-hotel-bath-towels-set-of-2-direct-textile-store-104__70370.1709116985.386.513.jpg?c=1", "https://cdn11.bigcommerce.com/s-zd141b7qtp/products/48646/images/158132/cambridge-jumbo-hotel-bath-towels-set-of-2-direct-textile-store-104__12526.1709116871.386.513.jpg?c=1", "https://cdn11.bigcommerce.com/s-zd141b7qtp/products/48646/images/158134/cambridge-jumbo-hotel-bath-towels-set-of-2-direct-textile-store-104__21369.1709116873.386.513.jpg?c=1", "https://cdn11.bigcommerce.com/s-zd141b7qtp/products/48646/images/158137/cambridge-jumbo-hotel-bath-towels-set-of-2-direct-textile-store-104__57009.1709116876.386.513.jpg?c=1"], "Url": "https://directtextilestore.com/cambridge-jumbo-hotel-bath-towels-set-of-2/"}
{"SKU": "PRO16182", "Type": "", "Size": "35 x 70", "Color": "Gray", "Options": {"Main Option": "Bath Towel Set of 2", "Size": "35 x 70", "Color": "Gray", "CHOOSE PACK SIZE": "Case of (9) Sets"}, "Price Per Each": "27.46", "Full Price": "247.1300", "Stock Status": "In Stock", "Brand": "Direct Textile Store 104", "Category": "Towels", "Sub Category": "Hospital/Healthcare Towels", "Material": "100% Cotton", "Title": "Cambridge Jumbo Hotel Bath Towels - Set of 2", "Description": "Cambridge Jumbo Hotel Bath Towels - Set of 2. Crafted from luxurious Turkish cotton to envelop you in unparalleled comfort and luxury after every shower.Indulge in the softness and absorbency of ...", "Images": ["https://cdn11.bigcommerce.com/s-zd141b7qtp/products/48646/images/158140/cambridge-jumbo-hotel-bath-towels-set-of-2-direct-textile-store-104__92515.1709116879.386.513.jpg?c=1", "https://cdn11.bigcommerce.com/s-zd141b7qtp/products/48646/images/158144/cambridge-jumbo-hotel-bath-towels-set-of-2-direct-textile-store-104__09693.1709116883.386.513.jpg?c=1", "https://cdn11.bigcommerce.com/s-zd141b7qtp/products/48646/images/158142/cambridge-jumbo-hotel-bath-towels-set-of-2-direct-textile-store-104__07107.1709116881.386.513.jpg?c=1", "https://cdn11.bigcommerce.com/s-zd141b7qtp/products/48646/images/158150/cambridge-jumbo-hotel-bath-towels-set-of-2-direct-textile-store-104__70370.1709116985.386.513.jpg?c=1", "https://cdn11.bigcommerce.com/s-zd141b7qtp/products/48646/images/158132/cambridge-jumbo-hotel-bath-towels-set-of-2-direct-textile-store-104__12526.1709116871.386.513.jpg?c=1", "https://cdn11.bigcommerce.com/s-zd141b7qtp/products/48646/images/158134/cambridge-jumbo-hotel-bath-towels-set-of-2-direct-textile-store-104__21369.1709116873.386.513.jpg?c=1", "https://cdn11.bigcommerce.com/s-zd141b7qtp/products/48646/images/158137/cambridge-jumbo-hotel-bath-towels-set-of-2-direct-textile-store-104__57009.1709116876.386.513.jpg?c=1"], "Url": "https://directtextilestore.com/cambridge-jumbo-hotel-bath-towels-set-of-2/"}
{"SKU": "PRO16186", "Type": "", "Size": "35 x 70", "Color": "Navy", "Options": {"Main Option": "Bath Towel Set of 2", "Size": "35 x 70", "Color": "Navy", "CHOOSE PACK SIZE": "Case of (9) Sets"}, "Price Per Each": "27.46", "Full Price": "247.1300", "Stock Status": "In Stock", "Brand": "Direct Textile Store 104", "Category": "Towels", "Sub Category": "Hospital/Healthcare Towels", "Material": "100% Cotton", "Title": "Cambridge Jumbo Hotel Bath Towels - Set of 2", "Description": "Cambridge Jumbo Hotel Bath Towels - Set of 2. Crafted from luxurious Turkish cotton to envelop you in unparalleled comfort and luxury after every shower.Indulge in the softness and absorbency of ...", "Images": ["https://cdn11.bigcommerce.com/s-zd141b7qtp/products/48646/images/158140/cambridge-jumbo-hotel-bath-towels-set-of-2-direct-textile-store-104__92515.1709116879.386.513.jpg?c=1", "https://cdn11.bigcommerce.com/s-zd141b7qtp/products/48646/images/158144/cambridge-jumbo-hotel-bath-towels-set-of-2-direct-textile-store-104__09693.1709116883.386.513.jpg?c=1", "https://cdn11.bigcommerce.com/s-zd141b7qtp/products/48646/images/158142/cambridge-jumbo-hotel-bath-towels-set-of-2-direct-textile-store-104__07107.1709116881.386.513.jpg?c=1", "https://cdn11.bigcommerce.com/s-zd141b7qtp/products/48646/images/158150/cambridge-jumbo-hotel-bath-towels-set-of-2-direct-textile-store-104__70370.1709116985.386.513.jpg?c=1", "https://cdn11.bigcommerce.com/s-zd141b7qtp/products/48646/images/158132/cambridge-jumbo-hotel-bath-towels-set-of-2-direct-textile-store-104__12526.1709116871.386.513.jpg?c=1", "https://cdn11.bigcommerce.com/s-zd141b7qtp/products/48646/images/158134/cambridge-jumbo-hotel-bath-towels-set-of-2-direct-textile-store-104__21369.1709116873.386.513.jpg?c=1", "https://cdn11.bigcommerce.com/s-zd141b7qtp/products/48646/images/158137/cambridge-jumbo-hotel-bath-towels-set-of-2-direct-textile-store-104__57009.1709116876.386.513.jpg?c=1"], "Url": "https://directtextilestore.com/cambridge-jumbo-hotel-bath-towels-set-of-2/"}
{"SKU": "PRO17064", "Type": "", "Size": "35 x 70", "Color": "Green", "Options": {"Main Option": "Bath Towel Set of 2", "Size": "35 x 70", "Color": "Green", "CHOOSE PACK SIZE": "Case of (9) Sets"}, "Price Per Each": "27.46", "Full Price": "247.1300", "Stock Status": "In Stock", "Brand": "Direct Textile Store 104", "Category": "Towels", "Sub Category": "Hospital/Healthcare Towels", "Material": "100% Cotton", "Title": "Cambridge Jumbo Hotel Bath Towels - Set of 2", "Description": "Cambridge Jumbo Hotel Bath Towels - Set of 2. Crafted from luxurious Turkish cotton to envelop you in unparalleled comfort and luxury after every shower.Indulge in the softness and absorbency of ...", "Images": ["https://cdn11.bigcommerce.com/s-zd141b7qtp/products/48646/images/158140/cambridge-jumbo-hotel-bath-towels-set-of-2-direct-textile-store-104__92515.1709116879.386.513.jpg?c=1", "https://cdn11.bigcommerce.com/s-zd141b7qtp/products/48646/images/158144/cambridge-jumbo-hotel-bath-towels-set-of-2-direct-textile-store-104__09693.1709116883.386.513.jpg?c=1", "https://cdn11.bigcommerce.com/s-zd141b7qtp/products/48646/images/158142/cambridge-jumbo-hotel-bath-towels-set-of-2-direct-textile-store-104__07107.1709116881.386.513.jpg?c=1", "https://cdn11.bigcommerce.com/s-zd141b7qtp/products/48646/images/158150/cambridge-jumbo-hotel-bath-towels-set-of-2-direct-textile-store-104__70370.1709116985.386.513.jpg?c=1", "https://cdn11.bigcommerce.com/s-zd141b7qtp/products/48646/images/158132/cambridge-jumbo-hotel-bath-towels-set-of-2-direct-textile-store-104__12526.1709116871.386.513.jpg?c=1", "https://cdn11.bigcommerce.com/s-zd141b7qtp/products/48646/images/158134/cambridge-jumbo-hotel-bath-towels-set-of-2-direct-textile-store-104__21369.1709116873.386.513.jpg?c=1", "https://cdn11.bigcommerce.com/s-zd141b7qtp/products/48646/images/158137/cambridge-jumbo-hotel-bath-towels-set-of-2-direct-textile-store-104__57009.1709116876.386.513.jpg?c=1"], "Url": "https://directtextilestore.com/cambridge-jumbo-hotel-bath-towels-set-of-2/"}
{"SKU": "PRO17065", "Type": "", "Size": "35 x 70", "Color": "Stone", "Options": {"Main Option": "Bath Towel Set of 2", "Size": "35 x 70", "Color": "Stone", "CHOOSE PACK SIZE": "Case of (9) Sets"}, "Price Per Each": "27.46", "Full Price": "247.1300", "Stock Status": "In Stock", "Brand": "Direct Textile Store 104", "Category": "Towels", "Sub Category": "Hospital/Healthcare Towels", "Material": "100% Cotton", "Title": "Cambridge Jumbo Hotel Bath Towels - Set of 2", "Description": "Cambridge Jumbo Hotel Bath Towels - Set of 2. Crafted from luxurious Turkish cotton to envelop you in unparalleled comfort and luxury after every shower.Indulge in the softness and absorbency of ...", "Images": ["https://cdn11.bigcommerce.com/s-zd141b7qtp/products/48646/images/158140/cambridge-jumbo-hotel-bath-towels-set-of-2-direct-textile-store-104__92515.1709116879.386.513.jpg?c=1", "https://cdn11.bigcommerce.com/s-zd141b7qtp/products/48646/images/158144/cambridge-jumbo-hotel-bath-towels-set-of-2-direct-textile-store-104__09693.1709116883.386.513.jpg?c=1", "https://cdn11.bigcommerce.com/s-zd141b7qtp/products/48646/images/158142/cambridge-jumbo-hotel-bath-towels-set-of-2-direct-textile-store-104__07107.1709116881.386.513.jpg?c=1", "https://cdn11.bigcommerce.com/s-zd141b7qtp/products/48646/images/158150/cambridge-jumbo-hotel-bath-towels-set-of-2-direct-textile-store-104__70370.1709116985.386.513.jpg?c=1", "https://cdn11.bigcommerce.com/s-zd141b7qtp/products/48646/images/158132/cambridge-jumbo-hotel-bath-towels-set-of-2-direct-textile-store-104__12526.1709116871.386.513.jpg?c=1", "https://cdn11.bigcommerce.com/s-zd141b7qtp/products/48646/images/158134/cambridge-jumbo-hotel-bath-towels-set-of-2-direct-textile-store-104__21369.1709116873.386.513.jpg?c=1", "https://cdn11.bigcommerce.com/s-zd141b7qtp/products/48646/images/158137/cambridge-jumbo-hotel-bath-towels-set-of-2-direct-textile-store-104__57009.1709116876.386.513.jpg?c=1"], "Url": "https://directtextilestore.com/cambridge-jumbo-hotel-bath-towels-set-of-2/"}
{"SKU": "PRO16442", "Type": "", "Size": "27 X 54 | 16 X 28 | 12 X 12", "Color": "Birch", "Options": {"Main Option": "Bath Towel Set of 6", "Description": "2x Bath Towels, Hand Towels, Washcloths", "Size": "27 X 54 | 16 X 28 | 12 X 12", "Color": "Birch", "CHOOSE PACK SIZE": "Case of (10) Sets"}, "Price Per Each": "19.58", "Full Price": "195.8200", "Stock Status": "In Stock", "Brand": "Direct Textile Store 104", "Category": "Towels", "Sub Category": "Hospital/Healthcare Towels", "Material": "100% Combed Cotton", "Title": "Hardwick Jacquard Bulk Bath Towels - Set Of 6", "Description": "Hardwick Jacquard Bulk Bath Towels - Set Of 6, a luxurious addition to any bathroom that promises both style and functionality. Crafted with meticulous attention to detail, the Hardwick Collection ...", "Images": ["https://cdn11.bigcommerce.com/s-zd141b7qtp/products/48645/images/158135/hardwick-jacquard-bulk-bath-towels-set-of-6-direct-textile-store-104__17837.1709116874.386.513.jpg?c=1", "https://cdn11.bigcommerce.com/s-zd141b7qtp/products/48645/images/158145/hardwick-jacquard-bulk-bath-towels-set-of-6-direct-textile-store-104__75605.1709116884.386.513.jpg?c=1"], "Url": "https://directtextilestore.com/hardwick-jacquard-bulk-bath-towels-set-of-6/"}
{"SKU": "PRO16454", "Type": "", "Size": "20 X 30", "Color": "Clay", "Options": {"Main Option": "Bath Mat Set of 2", "Description": "2x Bath Mat", "Size": "20 X 30", "Color": "Clay", "CHOOSE PACK SIZE": "Case of (24) Sets"}, "Price Per Each": "11.24", "Full Price": "269.7900", "Stock Status": "In Stock", "Brand": "Direct Textile Store 104", "Category": "Towels", "Sub Category": "Hospital/Healthcare Towels", "Material": "100% Combed Cotton", "Title": "Hardwick Jacquard Bulk Bath Towels - Set Of 6", "Description": "Hardwick Jacquard Bulk Bath Towels - Set Of 6, a luxurious addition to any bathroom that promises both style and functionality. Crafted with meticulous attention to detail, the Hardwick Collection ...", "Images": ["https://cdn11.bigcommerce.com/s-zd141b7qtp/products/48645/images/158135/hardwick-jacquard-bulk-bath-towels-set-of-6-direct-textile-store-104__17837.1709116874.386.513.jpg?c=1", "https://cdn11.bigcommerce.com/s-zd141b7qtp/products/48645/images/158145/hardwick-jacquard-bulk-bath-towels-set-of-6-direct-textile-store-104__75605.1709116884.386.513.jpg?c=1"], "Url": "https://directtextilestore.com/hardwick-jacquard-bulk-bath-towels-set-of-6/"}
{"SKU": "PRO16452", "Type": "", "Size": "20 X 30", "Color": "Gray", "Options": {"Main Option": "Bath Mat Set of 2", "Description": "2x Bath Mat", "Size": "20 X 30", "Color": "Gray", "CHOOSE PACK SIZE": "Case of (24) Sets"}, "Price Per Each": "11.24", "Full Price": "269.7900", "Stock Status": "In Stock", "Brand": "Direct Textile Store 104", "Category": "Towels", "Sub Category": "Hospital/Healthcare Towels", "Material": "100% Combed Cotton", "Title": "Hardwick Jacquard Bulk Bath Towels - Set Of 6", "Description": "Hardwick Jacquard Bulk Bath Towels - Set Of 6, a luxurious addition to any bathroom that promises both style and functionality. Crafted with meticulous attention to detail, the Hardwick Collection ...", "Images": ["https://cdn11.bigcommerce.com/s-zd141b7qtp/products/48645/images/158135/hardwick-jacquard-bulk-bath-towels-set-of-6-direct-textile-store-104__17837.1709116874.386.513.jpg?c=1", "https://cdn11.bigcommerce.com/s-zd141b7qtp/products/48645/images/158145/hardwick-jacquard-bulk-bath-towels-set-of-6-direct-textile-store-104__75605.1709116884.386.513.jpg?c=1"], "Url": "https://directtextilestore.com/hardwick-jacquard-bulk-bath-towels-set-of-6/"}
{"SKU": "PRO16841", "Type": "", "Size": "30 X 54 | 16 X 27 | 12 X 12", "Color": "Gray", "Options": {"Main Option": "Bath Towel Set", "Description": "2x Bath Towels, Hand Towels, Washcloths", "Size": "30 X 54 | 16 X 27 | 12 X 12", "Color": "Gray", "CHOOSE PACK SIZE": "Case of (10) Sets"}, "Price Per Each": "19.58", "Full Price": "195.8200", "Stock Status": "In Stock", "Brand": "Direct Textile Store 104", "Category": "Towels", "Sub Category": "Hospital/Healthcare Towels", "Material": "100% Ringspun Cotton", "Title": "MeiTal Wholesale Bath Towels - Set of 6", "Description": "MeiTal Wholesale Bath Towels - Set of 6. The MeiTal 6 Piece Towel Set, a versatile addition to any bathroom that offers the perfect blend of luxury and practicality. Crafted with care, these hotel ...", "Images": ["https://cdn11.bigcommerce.com/s-zd141b7qtp/products/48644/images/158138/meital-wholesale-bath-towels-set-of-6-direct-textile-store-104__08335.1709116877.386.513.jpg?c=1", "https://cdn11.bigcommerce.com/s-zd141b7qtp/products/48644/images/158143/meital-wholesale-bath-towels-set-of-6-direct-textile-store-104__77931.1709116882.386.513.jpg?c=1", "https://cdn11.bigcommerce.com/s-zd141b7qtp/products/48644/images/158151/meital-wholesale-bath-towels-set-of-6-direct-textile-store-104__31091.1709116986.386.513.jpg?c=1", "https://cdn11.bigcommerce.com/s-zd141b7qtp/products/48644/images/158133/meital-wholesale-bath-towels-set-of-6-direct-textile-store-104__24066.1709116872.386.513.jpg?c=1", "https://cdn11.bigcommerce.com/s-zd141b7qtp/products/48644/images/158147/meital-wholesale-bath-towels-set-of-6-direct-textile-store-104__42722.1709116981.386.513.jpg?c=1", "https://cdn11.bigcommerce.com/s-zd141b7qtp/products/48644/images/158141/meital-wholesale-bath-towels-set-of-6-direct-textile-store-104__37352.1709116880.386.513.jpg?c=1", "https://cdn11.bigcommerce.com/s-zd141b7qtp/products/48644/images/158139/meital-wholesale-bath-towels-set-of-6-direct-textile-store-104__60198.1709116878.386.513.jpg?c=1", "https://cdn11.bigcommerce.com/s-zd141b7qtp/products/48644/images/158149/meital-wholesale-bath-towels-set-of-6-direct-textile-store-104__90224.1709116984.386.513.jpg?c=1"], "Url": "https://directtextilestore.com/meital-wholesale-bath-towels-set-of-6/"}
{"SKU": "PRO16843", "Type": "", "Size": "30 X 54 | 16 X 27 | 12 X 12", "Color": "Pink", "Options": {"Main Option": "Bath Towel Set", "Description": "2x Bath Towels, Hand Towels, Washcloths", "Size": "30 X 54 | 16 X 27 | 12 X 12", "Color": "Pink", "CHOOSE PACK SIZE": "Case of (10) Sets"}, "Price Per Each": "19.58", "Full Price": "195.8200", "Stock Status": "In Stock", "Brand": "Direct Textile Store 104", "Category": "Towels", "Sub Category": "Hospital/Healthcare Towels", "Material": "100% Ringspun Cotton", "Title": "MeiTal Wholesale Bath Towels - Set of 6", "Description": "MeiTal Wholesale Bath Towels - Set of 6. The MeiTal 6 Piece Towel Set, a versatile addition to any bathroom that offers the perfect blend of luxury and practicality. Crafted with care, these hotel ...", "Images": ["https://cdn11.bigcommerce.com/s-zd141b7qtp/products/48644/images/158138/meital-wholesale-bath-towels-set-of-6-direct-textile-store-104__08335.1709116877.386.513.jpg?c=1", "https://cdn11.bigcommerce.com/s-zd141b7qtp/products/48644/images/158143/meital-wholesale-bath-towels-set-of-6-direct-textile-store-104__77931.1709116882.386.513.jpg?c=1", "https://cdn11.bigcommerce.com/s-zd141b7qtp/products/48644/images/158151/meital-wholesale-bath-towels-set-of-6-direct-textile-store-104__31091.1709116986.386.513.jpg?c=1", "https://cdn11.bigcommerce.com/s-zd141b7qtp/products/48644/images/158133/meital-wholesale-bath-towels-set-of-6-direct-textile-store-104__24066.1709116872.386.513.jpg?c=1", "https://cdn11.bigcommerce.com/s-zd141b7qtp/products/48644/images/158147/meital-wholesale-bath-towels-set-of-6-direct-textile-store-104__42722.1709116981.386.513.jpg?c=1", "https://cdn11.bigcommerce.com/s-zd141b7qtp/products/48644/images/158141/meital-wholesale-bath-towels-set-of-6-direct-textile-store-104__37352.1709116880.386.513.jpg?c=1", "https://cdn11.bigcommerce.com/s-zd141b7qtp/products/48644/images/158139/meital-wholesale-bath-towels-set-of-6-direct-textile-store-104__60198.1709116878.386.513.jpg?c=1", "https://cdn11.bigcommerce.com/s-zd141b7qtp/products/48644/images/158149/meital-wholesale-bath-towels-set-of-6-direct-textile-store-104__90224.1709116984.386.513.jpg?c=1"], "Url": "https://directtextilestore.com/meital-wholesale-bath-towels-set-of-6/"}
{"SKU": "PRO161086", "Type": "", "Size": "30 X 54 | 16 X 27 | 12 X 12", "Color": "White", "Options": {"Main Option": "Bath Towel Set", "Description": "2x Bath Towels, Hand Towels, Washcloths", "Size": "30 X 54 | 16 X 27 | 12 X 12", "Color": "White", "CHOOSE PACK SIZE": "Case of (10) Sets"}, "Price Per Each": "19.58", "Full Price": "195.8200", "Stock Status": "In Stock", "Brand": "Direct Textile Store 104", "Category": "Towels", "Sub Category": "Hospital/Healthcare Towels", "Material": "100% Ringspun Cotton", "Title": "MeiTal Wholesale Bath Towels - Set of 6", "Description": "MeiTal Wholesale Bath Towels - Set of 6. The MeiTal 6 Piece Towel Set, a versatile addition to any bathroom that offers the perfect blend of luxury and practicality. Crafted with care, these hotel ...", "Images": ["https://cdn11.bigcommerce.com/s-zd141b7qtp/products/48644/images/158138/meital-wholesale-bath-towels-set-of-6-direct-textile-store-104__08335.1709116877.386.513.jpg?c=1", "https://cdn11.bigcommerce.com/s-zd141b7qtp/products/48644/images/158143/meital-wholesale-bath-towels-set-of-6-direct-textile-store-104__77931.1709116882.386.513.jpg?c=1", "https://cdn11.bigcommerce.com/s-zd141b7qtp/products/48644/images/158151/meital-wholesale-bath-towels-set-of-6-direct-textile-store-104__31091.1709116986.386.513.jpg?c=1", "https://cdn11.bigcommerce.com/s-zd141b7qtp/products/48644/images/158133/meital-wholesale-bath-towels-set-of-6-direct-textile-store-104__24066.1709116872.386.513.jpg?c=1", "https://cdn11.bigcommerce.com/s-zd141b7qtp/products/48644/images/158147/meital-wholesale-bath-towels-set-of-6-direct-textile-store-104__42722.1709116981.386.513.jpg?c=1", "https://cdn11.bigcommerce.com/s-zd141b7qtp/products/48644/images/158141/meital-wholesale-bath-towels-set-of-6-direct-textile-store-104__37352.1709116880.386.513.jpg?c=1", "https://cdn11.bigcommerce.com/s-zd141b7qtp/products/48644/images/158139/meital-wholesale-bath-towels-set-of-6-direct-textile-store-104__60198.1709116878.386.513.jpg?c=1", "https://cdn11.bigcommerce.com/s-zd141b7qtp/products/48644/images/158149/meital-wholesale-bath-towels-set-of-6-direct-textile-store-104__90224.1709116984.386.513.jpg?c=1"], "Url": "https://directtextilestore.com/meital-wholesale-bath-towels-set-of-6/"}
{"SKU": "PRO16560", "Type": "", "Size": "30 X 54 | 16 X 27 | 12 X 12", "Color": "Blue", "Options": {"Main Option": "Bath Towel Set", "Description": "2x Bath Towels, Hand Towels, Washcloths", "Size": "30 X 54 | 16 X 27 | 12 X 12", "Color": "Blue", "CHOOSE PACK SIZE": "Case of (10) Sets"}, "Price Per Each": "19.58", "Full Price": "195.8200", "Stock Status": "In Stock", "Brand": "Direct Textile Store 104", "Category": "Towels", "Sub Category": "Hospital/Healthcare Towels", "Material": "100% Ringspun Cotton", "Title": "MeiTal Wholesale Bath Towels - Set of 6", "Description": "MeiTal Wholesale Bath Towels - Set of 6. The MeiTal 6 Piece Towel Set, a versatile addition to any bathroom that offers the perfect blend of luxury and practicality. Crafted with care, these hotel ...", "Images": ["https://cdn11.bigcommerce.com/s-zd141b7qtp/products/48644/images/158138/meital-wholesale-bath-towels-set-of-6-direct-textile-store-104__08335.1709116877.386.513.jpg?c=1", "https://cdn11.bigcommerce.com/s-zd141b7qtp/products/48644/images/158143/meital-wholesale-bath-towels-set-of-6-direct-textile-store-104__77931.1709116882.386.513.jpg?c=1", "https://cdn11.bigcommerce.com/s-zd141b7qtp/products/48644/images/158151/meital-wholesale-bath-towels-set-of-6-direct-textile-store-104__31091.1709116986.386.513.jpg?c=1", "https://cdn11.bigcommerce.com/s-zd141b7qtp/products/48644/images/158133/meital-wholesale-bath-towels-set-of-6-direct-textile-store-104__24066.1709116872.386.513.jpg?c=1", "https://cdn11.bigcommerce.com/s-zd141b7qtp/products/48644/images/158147/meital-wholesale-bath-towels-set-of-6-direct-textile-store-104__42722.1709116981.386.513.jpg?c=1", "https://cdn11.bigcommerce.com/s-zd141b7qtp/products/48644/images/158141/meital-wholesale-bath-towels-set-of-6-direct-textile-store-104__37352.1709116880.386.513.jpg?c=1", "https://cdn11.bigcommerce.com/s-zd141b7qtp/products/48644/images/158139/meital-wholesale-bath-towels-set-of-6-direct-textile-store-104__60198.1709116878.386.513.jpg?c=1", "https://cdn11.bigcommerce.com/s-zd141b7qtp/products/48644/images/158149/meital-wholesale-bath-towels-set-of-6-direct-textile-store-104__90224.1709116984.386.513.jpg?c=1"], "Url": "https://directtextilestore.com/meital-wholesale-bath-towels-set-of-6/"}
{"SKU": "PRO16566", "Type": "", "Size": "30 X 54 | 16 X 27 | 12 X 12", "Color": "Ivory", "Options": {"Main Option": "Bath Towel Set", "Description": "2x Bath Towels, Hand Towels, Washcloths", "Size": "30 X 54 | 16 X 27 | 12 X 12", "Color": "Ivory", "CHOOSE PACK SIZE": "Case of (10) Sets"}, "Price Per Each": "19.58", "Full Price": "195.8200", "Stock Status": "In Stock", "Brand": "Direct Textile Store 104", "Category": "Towels", "Sub Category": "Hospital/Healthcare Towels", "Material": "100% Ringspun Cotton", "Title": "MeiTal Wholesale Bath Towels - Set of 6", "Description": "MeiTal Wholesale Bath Towels - Set of 6. The MeiTal 6 Piece Towel Set, a versatile addition to any bathroom that offers the perfect blend of luxury and practicality. Crafted with care, these hotel ...", "Images": ["https://cdn11.bigcommerce.com/s-zd141b7qtp/products/48644/images/158138/meital-wholesale-bath-towels-set-of-6-direct-textile-store-104__08335.1709116877.386.513.jpg?c=1", "https://cdn11.bigcommerce.com/s-zd141b7qtp/products/48644/images/158143/meital-wholesale-bath-towels-set-of-6-direct-textile-store-104__77931.1709116882.386.513.jpg?c=1", "https://cdn11.bigcommerce.com/s-zd141b7qtp/products/48644/images/158151/meital-wholesale-bath-towels-set-of-6-direct-textile-store-104__31091.1709116986.386.513.jpg?c=1", "https://cdn11.bigcommerce.com/s-zd141b7qtp/products/48644/images/158133/meital-wholesale-bath-towels-set-of-6-direct-textile-store-104__24066.1709116872.386.513.jpg?c=1", "https://cdn11.bigcommerce.com/s-zd141b7qtp/products/48644/images/158147/meital-wholesale-bath-towels-set-of-6-direct-textile-store-104__42722.1709116981.386.513.jpg?c=1", "https://cdn11.bigcommerce.com/s-zd141b7qtp/products/48644/images/158141/meital-wholesale-bath-towels-set-of-6-direct-textile-store-104__37352.1709116880.386.513.jpg?c=1", "https://cdn11.bigcommerce.com/s-zd141b7qtp/products/48644/images/158139/meital-wholesale-bath-towels-set-of-6-direct-textile-store-104__60198.1709116878.386.513.jpg?c=1", "https://cdn11.bigcommerce.com/s-zd141b7qtp/products/48644/images/158149/meital-wholesale-bath-towels-set-of-6-direct-textile-store-104__90224.1709116984.386.513.jpg?c=1"], "Url": "https://directtextilestore.com/meital-wholesale-bath-towels-set-of-6/"}
{"SKU": "PRO16548", "Type": "", "Size": "20 X 33", "Color": "Aqua", "Options": {"Main Option": "Bath Mat Set", "Description": "2x Bath Mat", "Size": "20 X 33", "Color": "Aqua", "CHOOSE PACK SIZE": "Case of (24) Sets"}, "Price Per Each": "11.24", "Full Price": "269.7900", "Stock Status": "In Stock", "Brand": "Direct Textile Store 104", "Category": "Towels", "Sub Category": "Hospital/Healthcare Towels", "Material": "100% Ringspun Cotton", "Title": "MeiTal Wholesale Bath Towels - Set of 6", "Description": "MeiTal Wholesale Bath Towels - Set of 6. The MeiTal 6 Piece Towel Set, a versatile addition to any bathroom that offers the perfect blend of luxury and practicality. Crafted with care, these hotel ...", "Images": ["https://cdn11.bigcommerce.com/s-zd141b7qtp/products/48644/images/158138/meital-wholesale-bath-towels-set-of-6-direct-textile-store-104__08335.1709116877.386.513.jpg?c=1", "https://cdn11.bigcommerce.com/s-zd141b7qtp/products/48644/images/158143/meital-wholesale-bath-towels-set-of-6-direct-textile-store-104__77931.1709116882.386.513.jpg?c=1", "https://cdn11.bigcommerce.com/s-zd141b7qtp/products/48644/images/158151/meital-wholesale-bath-towels-set-of-6-direct-textile-store-104__31091.1709116986.386.513.jpg?c=1", "https://cdn11.bigcommerce.com/s-zd141b7qtp/products/48644/images/158133/meital-wholesale-bath-towels-set-of-6-direct-textile-store-104__24066.1709116872.386.513.jpg?c=1", "https://cdn11.bigcommerce.com/s-zd141b7qtp/products/48644/images/158147/meital-wholesale-bath-towels-set-of-6-direct-textile-store-104__42722.1709116981.386.513.jpg?c=1", "https://cdn11.bigcommerce.com/s-zd141b7qtp/products/48644/images/158141/meital-wholesale-bath-towels-set-of-6-direct-textile-store-104__37352.1709116880.386.513.jpg?c=1", "https://cdn11.bigcommerce.com/s-zd141b7qtp/products/48644/images/158139/meital-wholesale-bath-towels-set-of-6-direct-textile-store-104__60198.1709116878.386.513.jpg?c=1", "https://cdn11.bigcommerce.com/s-zd141b7qtp/products/48644/images/158149/meital-wholesale-bath-towels-set-of-6-direct-textile-store-104__90224.1709116984.386.513.jpg?c=1"], "Url": "https://directtextilestore.com/meital-wholesale-bath-towels-set-of-6/"}
{"SKU": "PRO16524", "Type": "", "Size": "20 X 33", "Color": "Dark Blue", "Options": {"Main Option": "Bath Mat Set", "Description": "2x Bath Mat", "Size": "20 X 33", "Color": "Dark Blue", "CHOOSE PACK SIZE": "Case of (24) Sets"}, "Price Per Each": "11.24", "Full Price": "269.7900", "Stock Status": "In Stock", "Brand": "Direct Textile Store 104", "Category": "Towels", "Sub Category": "Hospital/Healthcare Towels", "Material": "100% Ringspun Cotton", "Title": "MeiTal Wholesale Bath Towels - Set of 6", "Description": "MeiTal Wholesale Bath Towels - Set of 6. The MeiTal 6 Piece Towel Set, a versatile addition to any bathroom that offers the perfect blend of luxury and practicality. Crafted with care, these hotel ...", "Images": ["https://cdn11.bigcommerce.com/s-zd141b7qtp/products/48644/images/158138/meital-wholesale-bath-towels-set-of-6-direct-textile-store-104__08335.1709116877.386.513.jpg?c=1", "https://cdn11.bigcommerce.com/s-zd141b7qtp/products/48644/images/158143/meital-wholesale-bath-towels-set-of-6-direct-textile-store-104__77931.1709116882.386.513.jpg?c=1", "https://cdn11.bigcommerce.com/s-zd141b7qtp/products/48644/images/158151/meital-wholesale-bath-towels-set-of-6-direct-textile-store-104__31091.1709116986.386.513.jpg?c=1", "https://cdn11.bigcommerce.com/s-zd141b7qtp/products/48644/images/158133/meital-wholesale-bath-towels-set-of-6-direct-textile-store-104__24066.1709116872.386.513.jpg?c=1", "https://cdn11.bigcommerce.com/s-zd141b7qtp/products/48644/images/158147/meital-wholesale-bath-towels-set-of-6-direct-textile-store-104__42722.1709116981.386.513.jpg?c=1", "https://cdn11.bigcommerce.com/s-zd141b7qtp/products/48644/images/158141/meital-wholesale-bath-towels-set-of-6-direct-textile-store-104__37352.1709116880.386.513.jpg?c=1", "https://cdn11.bigcommerce.com/s-zd141b7qtp/products/48644/images/158139/meital-wholesale-bath-towels-set-of-6-direct-textile-store-104__60198.1709116878.386.513.jpg?c=1", "https://cdn11.bigcommerce.com/s-zd141b7qtp/products/48644/images/158149/meital-wholesale-bath-towels-set-of-6-direct-textile-store-104__90224.1709116984.386.513.jpg?c=1"], "Url": "https://directtextilestore.com/meital-wholesale-bath-towels-set-of-6/"}
{"SKU": "PRO16553", "Type": "", "Size": "20 X 33", "Color": "Green", "Options": {"Main Option": "Bath Mat Set", "Description": "2x Bath Mat", "Size": "20 X 33", "Color": "Green", "CHOOSE PACK SIZE": "Case of (24) Sets"}, "Price Per Each": "11.24", "Full Price": "269.7900", "Stock Status": "In Stock", "Brand": "Direct Textile Store 104", "Category": "Towels", "Sub Category": "Hospital/Healthcare Towels", "Material": "100% Ringspun Cotton", "Title": "MeiTal Wholesale Bath Towels - Set of 6", "Description": "MeiTal Wholesale Bath Towels - Set of 6. The MeiTal 6 Piece Towel Set, a versatile addition to any bathroom that offers the perfect blend of luxury and practicality. Crafted with care, these hotel ...", "Images": ["https://cdn11.bigcommerce.com/s-zd141b7qtp/products/48644/images/158138/meital-wholesale-bath-towels-set-of-6-direct-textile-store-104__08335.1709116877.386.513.jpg?c=1", "https://cdn11.bigcommerce.com/s-zd141b7qtp/products/48644/images/158143/meital-wholesale-bath-towels-set-of-6-direct-textile-store-104__77931.1709116882.386.513.jpg?c=1", "https://cdn11.bigcommerce.com/s-zd141b7qtp/products/48644/images/158151/meital-wholesale-bath-towels-set-of-6-direct-textile-store-104__31091.1709116986.386.513.jpg?c=1", "https://cdn11.bigcommerce.com/s-zd141b7qtp/products/48644/images/158133/meital-wholesale-bath-towels-set-of-6-direct-textile-store-104__24066.1709116872.386.513.jpg?c=1", "https://cdn11.bigcommerce.com/s-zd141b7qtp/products/48644/images/158147/meital-wholesale-bath-towels-set-of-6-direct-textile-store-104__42722.1709116981.386.513.jpg?c=1", "https://cdn11.bigcommerce.com/s-zd141b7qtp/products/48644/images/158141/meital-wholesale-bath-towels-set-of-6-direct-textile-store-104__37352.1709116880.386.513.jpg?c=1", "https://cdn11.bigcommerce.com/s-zd141b7qtp/products/48644/images/158139/meital-wholesale-bath-towels-set-of-6-direct-textile-store-104__60198.1709116878.386.513.jpg?c=1", "https://cdn11.bigcommerce.com/s-zd141b7qtp/products/48644/images/158149/meital-wholesale-bath-towels-set-of-6-direct-textile-store-104__90224.1709116984.386.513.jpg?c=1"], "Url": "https://directtextilestore.com/meital-wholesale-bath-towels-set-of-6/"}
{"SKU": "PRO16060", "Type": "", "Size": "30 x 56 | 16 x 27 | 13 x 13", "Color": "Beige", "Options": {"Main Option": "Bath Towel Set of 3", "Size": "30 x 56 | 16 x 27 | 13 x 13", "Color": "Beige", "CHOOSE PACK SIZE": "Case of (18) Sets"}, "Price Per Each": "19.39", "Full Price": "348.9900", "Stock Status": "In Stock", "Brand": "Direct Textile Store 104", "Category": "Towels", "Sub Category": "Hospital/Healthcare Towels", "Material": "100% Cotton", "Title": "Zero Twist Austin Luxury White Hotel Bath Towels - Set of 3", "Description": "Zero Twist Austin Luxury White Hotel Bath Towels - Set of 3. The Austin Luxury White Towel Collection with Beige, Gray, and Green Trim, a set of three towels designed to elevate your bathing ...", "Images": ["https://cdn11.bigcommerce.com/s-zd141b7qtp/products/48647/images/158146/austin-luxury-white-hotel-bath-towels-set-of-3-direct-textile-store-104__30352.1709116885.386.513.jpg?c=1", "https://cdn11.bigcommerce.com/s-zd141b7qtp/products/48647/images/158136/austin-luxury-white-hotel-bath-towels-set-of-3-direct-textile-store-104__86544.1709116875.386.513.jpg?c=1", "https://cdn11.bigcommerce.com/s-zd141b7qtp/products/48647/images/158148/austin-luxury-white-hotel-bath-towels-set-of-3-direct-textile-store-104__97049.1709116983.386.513.jpg?c=1"], "Url": "https://directtextilestore.com/zero-twist-austin-luxury-white-hotel-bath-towels-set-of-3/"}
{"SKU": "PRO16061", "Type": "", "Size": "30 x 56 | 16 x 27 | 13 x 13", "Color": "Gray", "Options": {"Main Option": "Bath Towel Set of 3", "Size": "30 x 56 | 16 x 27 | 13 x 13", "Color": "Gray", "CHOOSE PACK SIZE": "Case of (18) Sets"}, "Price Per Each": "19.39", "Full Price": "348.9900", "Stock Status": "In Stock", "Brand": "Direct Textile Store 104", "Category": "Towels", "Sub Category": "Hospital/Healthcare Towels", "Material": "100% Cotton", "Title": "Zero Twist Austin Luxury White Hotel Bath Towels - Set of 3", "Description": "Zero Twist Austin Luxury White Hotel Bath Towels - Set of 3. The Austin Luxury White Towel Collection with Beige, Gray, and Green Trim, a set of three towels designed to elevate your bathing ...", "Images": ["https://cdn11.bigcommerce.com/s-zd141b7qtp/products/48647/images/158146/austin-luxury-white-hotel-bath-towels-set-of-3-direct-textile-store-104__30352.1709116885.386.513.jpg?c=1", "https://cdn11.bigcommerce.com/s-zd141b7qtp/products/48647/images/158136/austin-luxury-white-hotel-bath-towels-set-of-3-direct-textile-store-104__86544.1709116875.386.513.jpg?c=1", "https://cdn11.bigcommerce.com/s-zd141b7qtp/products/48647/images/158148/austin-luxury-white-hotel-bath-towels-set-of-3-direct-textile-store-104__97049.1709116983.386.513.jpg?c=1"], "Url": "https://directtextilestore.com/zero-twist-austin-luxury-white-hotel-bath-towels-set-of-3/"}
{"SKU": "PRO16062", "Type": "", "Size": "30 x 56 | 16 x 27 | 13 x 13", "Color": "Green", "Options": {"Main Option": "Bath Towel Set of 3", "Size": "30 x 56 | 16 x 27 | 13 x 13", "Color": "Green", "CHOOSE PACK SIZE": "Case of (18) Sets"}, "Price Per Each": "19.39", "Full Price": "348.9900", "Stock Status": "In Stock", "Brand": "Direct Textile Store 104", "Category": "Towels", "Sub Category": "Hospital/Healthcare Towels", "Material": "100% Cotton", "Title": "Zero Twist Austin Luxury White Hotel Bath Towels - Set of 3", "Description": "Zero Twist Austin Luxury White Hotel Bath Towels - Set of 3. The Austin Luxury White Towel Collection with Beige, Gray, and Green Trim, a set of three towels designed to elevate your bathing ...", "Images": ["https://cdn11.bigcommerce.com/s-zd141b7qtp/products/48647/images/158146/austin-luxury-white-hotel-bath-towels-set-of-3-direct-textile-store-104__30352.1709116885.386.513.jpg?c=1", "https://cdn11.bigcommerce.com/s-zd141b7qtp/products/48647/images/158136/austin-luxury-white-hotel-bath-towels-set-of-3-direct-textile-store-104__86544.1709116875.386.513.jpg?c=1", "https://cdn11.bigcommerce.com/s-zd141b7qtp/products/48647/images/158148/austin-luxury-white-hotel-bath-towels-set-of-3-direct-textile-store-104__97049.1709116983.386.513.jpg?c=1"], "Url": "https://directtextilestore.com/zero-twist-austin-luxury-white-hotel-bath-towels-set-of-3/"}
