{"SKU": "CS-120119", "Type": "", "Size": "24 Oz Bottle", "Color": "", "Options": {"Main Option": "Options", "Description": "Spray Bottle", "Size": "24 Oz Bottle", "CHOOSE PACK SIZE": "Case of (12) Pieces"}, "Price Per Each": "1.05", "Full Price": "12.6000", "Stock Status": "In Stock", "Brand": "Direct Textile Store Amenities", "Category": "Cleaning Supplies", "Sub Category": "Microfiber Cleaning Products", "Material": "", "Title": "24 Ounce Spray Bottle - 12 pack", "Description": "24 Ounce Bottle is designed for the easy dilution of concentrated chemicals to enable a user to quickly and accurately make a ready to use formula based on instructions provided on a chemical ...", "Images": ["https://cdn11.bigcommerce.com/s-zd141b7qtp/products/46893/images/158600/24-ounce-spray-bottle-12-pack-direct-textile-store-amenities__65991.1709722638.386.513.jpg?c=1", "https://cdn11.bigcommerce.com/s-zd141b7qtp/products/46893/images/158642/24-ounce-spray-bottle-12-pack-direct-textile-store-amenities__25485.1709722677.386.513.jpg?c=1"], "Url": "https://directtextilestore.com/24-Ounce-Spray-Bottle-12-pack"}
{"SKU": "CS-10597_7758", "Type": "", "Size": "", "Color": "", "Options": {"Select Options": "Box of 50 - 3 Layer Blue Pleated Disposable Mask"}, "Price Per Each": "9.9400", "Full Price": "9.9400", "Stock Status": "In Stock", "Brand": "Direct Textile Store Amenities", "Category": "Face Masks", "Sub Category": "PPE Apparel", "Material": "", "Title": "3 Layer Blue Pleated Disposable Face Mask", "Description": "3 Layer Blue Pleated Disposable Face Mask is suitable for use as a procedure mask, influenza protection face mask, allergy mask, pollen mask, and pollution mask. The 3 Layer Blue Disposable ...", "Images": ["https://cdn11.bigcommerce.com/s-zd141b7qtp/products/46864/images/158506/3-layer-blue-pleated-disposable-face-mask-direct-textile-store-amenities__38563.1709722444.386.513.jpg?c=1"], "Url": "https://directtextilestore.com/3-Layer-Blue-Pleated-Disposable-Face-Mask"}
{"SKU": "CS-SS-BULK-886", "Type": "", "Size": "1 Gallon", "Color": "", "Options": {"Main Option": "Options", "Description": "Hand Soap", "Size": "1 Gallon", "CHOOSE PACK SIZE": "Case of (4) Pieces"}, "Price Per Each": "21.02", "Full Price": "84.0600", "Stock Status": "In Stock", "Brand": "Direct Textile Store Amenities", "Category": "", "Sub Category": "", "Material": "", "Title": "4pck - SoftSoap Antibacterial Hand Soap Gallon", "Description": "SoftSoap Antibacterial Hand Soap, from Colgate-Palmolive is a free rinsing, gentle pH balanced soap formula that comes in an attractive refillable dispenser. Leaves hands clean with a pleasant ...", "Images": ["https://cdn11.bigcommerce.com/s-zd141b7qtp/products/46867/images/158656/4pck-softsoap-antibacterial-hand-soap-gallon-direct-textile-store-amenities__85052.1709722690.386.513.jpg?c=1"], "Url": "https://directtextilestore.com/4pck-SoftSoap-Antibacterial-Hand-Soap-gallon"}
{"SKU": "BRS-18112", "Type": "", "Size": "8Oz", "Color": "", "Options": {"Main Option": "Options", "Description": "8 Oz Bottle", "Size": "8Oz", "CHOOSE PACK SIZE": "Case of (12) Pieces"}, "Price Per Each": "6.61", "Full Price": "79.3200", "Stock Status": "In Stock", "Brand": "Direct Textile Store Amenities", "Category": "Sanitizers and Disinfectants", "Sub Category": "Cleaning Supplies", "Material": "", "Title": "8oz Hand Rx Instant Hand Sanitizing Gel", "Description": "HAND Rx® INSTANT HAND SANITIZER GEL is an antimicrobial gel that contains 62% alcohol to help reduce the number of germs on hands and moisturizers to help keep skin hydrated. Rinsing with water or ...", "Images": ["https://cdn11.bigcommerce.com/s-zd141b7qtp/products/46344/images/159646/8oz-hand-rx-instant-hand-sanitizing-gel-direct-textile-store-amenities__19720.1711020399.386.513.jpg?c=1"], "Url": "https://directtextilestore.com/8oz-Hand-Rx-Instant-Hand-Sanitizing-Gel"}
{"SKU": "1000019471", "Type": "", "Size": "10 Pieces | Pack", "Color": "", "Options": {"Size": "10 Pieces | Pack", "CHOOSE PACK SIZE": "Case of (8) Packs"}, "Price Per Each": "9.68", "Full Price": "77.4600", "Stock Status": "In Stock", "Brand": "Direct Textile Store Amenities", "Category": "Changing Mat", "Sub Category": "", "Material": "", "Title": "Bambo Nature Baby Diaper Changing Mat - 8 Packs", "Description": "Bambo Nature Baby Diaper Changing Mat. Meet the Bambo Nature Diaper Changing Mat, your go-to solution for hassle-free diaper changes anytime, anywhere. Crafted with care, these baby changing mats ...", "Images": ["https://cdn11.bigcommerce.com/s-zd141b7qtp/products/48626/images/156113/bambo-nature-baby-diaper-changing-mat-8-packs-direct-textile-store-amenities__99770.1707473468.386.513.jpg?c=1", "https://cdn11.bigcommerce.com/s-zd141b7qtp/products/48626/images/156117/bambo-nature-baby-diaper-changing-mat-8-packs-direct-textile-store-amenities__18940.1707473473.386.513.jpg?c=1", "https://cdn11.bigcommerce.com/s-zd141b7qtp/products/48626/images/156115/bambo-nature-baby-diaper-changing-mat-8-packs-direct-textile-store-amenities__60026.1707473471.386.513.jpg?c=1"], "Url": "https://directtextilestore.com/bambo-nature-baby-diaper-changing-mat-8-packs/"}
{"SKU": "150248", "Type": "", "Size": "3.4 Oz | Tube", "Color": "", "Options": {"Size": "3.4 Oz | Tube", "CHOOSE PACK SIZE": "Case of (6) Pieces"}, "Price Per Each": "5.56", "Full Price": "33.3600", "Stock Status": "In Stock", "Brand": "Direct Textile Store Amenities", "Category": "Skin Soothing Cream", "Sub Category": "", "Material": "", "Title": "Bambo Nature Love Balm Soothing Cream - Pack Of 6", "Description": "Bambo Nature Love Balm Soothing Cream. Explore the Love Balm Soothing Cream, your solution to banishing diaper rash woes! Formulated to create a breathable protective barrier, this skin soothing ...", "Images": ["https://cdn11.bigcommerce.com/s-zd141b7qtp/products/48623/images/155934/bambo-nature-love-balm-soothing-cream-pack-of-6-direct-textile-store-amenities__64436.1707386861.386.513.jpg?c=1", "https://cdn11.bigcommerce.com/s-zd141b7qtp/products/48623/images/155926/bambo-nature-love-balm-soothing-cream-pack-of-6-direct-textile-store-amenities__57474.1707386853.386.513.jpg?c=1"], "Url": "https://directtextilestore.com/bambo-nature-love-balm-soothing-cream-pack-of-6/"}
{"SKU": "150254", "Type": "", "Size": "4.9 Oz", "Color": "", "Options": {"Size": "4.9 Oz", "CHOOSE PACK SIZE": "Case of (6) Pieces"}, "Price Per Each": "8.48", "Full Price": "50.9000", "Stock Status": "In Stock", "Brand": "Direct Textile Store Amenities", "Category": "Baby Oil", "Sub Category": "Bath Oil", "Material": "", "Title": "Bambo Nature Splish Splash Baby Bath Oil - Pack Of 6", "Description": "Bambo Nature Splish Splash Baby Bath Oil. Meet the Splish Splash Baby Oil, the essential addition to your baby's bath time routine. Formulated with mild, natural, and organic oils, it's gentle on ...", "Images": ["https://cdn11.bigcommerce.com/s-zd141b7qtp/products/48620/images/155917/bambo-nature-splish-splash-baby-bath-oil-pack-of-6-direct-textile-store-amenities__30121.1707386843.386.513.jpg?c=1", "https://cdn11.bigcommerce.com/s-zd141b7qtp/products/48620/images/155913/bambo-nature-splish-splash-baby-bath-oil-pack-of-6-direct-textile-store-amenities__43289.1707386839.386.513.jpg?c=1"], "Url": "https://directtextilestore.com/bambo-nature-splish-splash-baby-bath-oil-pack-of-6/"}
{"SKU": "1000010535", "Type": "", "Size": "16.9 Oz", "Color": "", "Options": {"Size": "16.9 Oz", "CHOOSE PACK SIZE": "Case of (6) Pieces"}, "Price Per Each": "12.23", "Full Price": "73.3900", "Stock Status": "In Stock", "Brand": "Direct Textile Store Amenities", "Category": "Shampoo", "Sub Category": "Baby Shampoo", "Material": "", "Title": "Bambo Nature Tear Free Baby Shampoo - Pack Of 6", "Description": "Bambo Nature Tear Free Baby Shampoo. Meet the Tear Free Baby Shampoo, your ticket to tear free bath times! Crafted with a special formula, this natural baby shampoo protects your baby's delicate ...", "Images": ["https://cdn11.bigcommerce.com/s-zd141b7qtp/products/48624/images/155942/bambo-nature-tear-free-baby-shampoo-pack-of-6-direct-textile-store-amenities__25254.1707386869.386.513.jpg?c=1", "https://cdn11.bigcommerce.com/s-zd141b7qtp/products/48624/images/155935/bambo-nature-tear-free-baby-shampoo-pack-of-6-direct-textile-store-amenities__32311.1707386862.386.513.jpg?c=1"], "Url": "https://directtextilestore.com/bambo-nature-tear-free-baby-shampoo-pack-of-6/"}
{"SKU": "1999914029", "Type": "", "Size": "64 Pieces | Pack", "Color": "", "Options": {"Size": "64 Pieces | Pack", "CHOOSE PACK SIZE": "Case of (12) Packs"}, "Price Per Each": "3.58", "Full Price": "42.9900", "Stock Status": "In Stock", "Brand": "Direct Textile Store Amenities", "Category": "Baby Wipes", "Sub Category": "", "Material": "", "Title": "Bambo Nature Water Baby Wipes In Bulk", "Description": "Bambo Nature Water Baby Wipes In Bulk. Explore the Bambo Nature non toxic baby wipes, your trusted companion for gentle and effective baby care. Crafted with care, these bulk baby wipes are USDA ...", "Images": ["https://cdn11.bigcommerce.com/s-zd141b7qtp/products/48625/images/156119/bambo-nature-water-baby-wipes-in-bulk-direct-textile-store-amenities__13361.1707473475.386.513.jpg?c=1", "https://cdn11.bigcommerce.com/s-zd141b7qtp/products/48625/images/156121/bambo-nature-water-baby-wipes-in-bulk-direct-textile-store-amenities__20231.1707473477.386.513.jpg?c=1", "https://cdn11.bigcommerce.com/s-zd141b7qtp/products/48625/images/156120/bambo-nature-water-baby-wipes-in-bulk-direct-textile-store-amenities__49514.1707473476.386.513.jpg?c=1", "https://cdn11.bigcommerce.com/s-zd141b7qtp/products/48625/images/156116/bambo-nature-water-baby-wipes-in-bulk-direct-textile-store-amenities__43689.1707473472.386.513.jpg?c=1", "https://cdn11.bigcommerce.com/s-zd141b7qtp/products/48625/images/156114/bambo-nature-water-baby-wipes-in-bulk-direct-textile-store-amenities__08713.1707473470.386.513.jpg?c=1", "https://cdn11.bigcommerce.com/s-zd141b7qtp/products/48625/images/156118/bambo-nature-water-baby-wipes-in-bulk-direct-textile-store-amenities__55488.1707473474.386.513.jpg?c=1"], "Url": "https://directtextilestore.com/bambo-nature-water-baby-wipes-in-bulk/"}
{"SKU": "150246", "Type": "", "Size": "5 Oz", "Color": "", "Options": {"Size": "5 Oz", "CHOOSE PACK SIZE": "Case of (6) Pieces"}, "Price Per Each": "4.93", "Full Price": "29.5800", "Stock Status": "In Stock", "Brand": "Direct Textile Store Amenities", "Category": "Hair And Body Wash", "Sub Category": "Body Wash", "Material": "", "Title": "Bath Buddy Hair And Body Wash - Pack Of 6", "Description": "Bath Buddy Hair And Body Wash. Meet the Bambo Nature Bath Buddy Hair And Body Wash, the ultimate bath time companion for the whole family. This ultra-gentle, fragrance-free bulk body wash is ...", "Images": ["https://cdn11.bigcommerce.com/s-zd141b7qtp/products/48621/images/155936/bath-buddy-hair-and-body-wash-pack-of-6-direct-textile-store-amenities__18420.1707386863.386.513.jpg?c=1", "https://cdn11.bigcommerce.com/s-zd141b7qtp/products/48621/images/155940/bath-buddy-hair-and-body-wash-pack-of-6-direct-textile-store-amenities__76068.1707386867.386.513.jpg?c=1"], "Url": "https://directtextilestore.com/bath-buddy-hair-and-body-wash-pack-of-6/"}
{"SKU": "CS-AG407_7817", "Type": "", "Size": "", "Color": "", "Options": {"Select Options": "Quantity of 250 - 33 gal Trash Bags"}, "Price Per Each": "24.1900", "Full Price": "24.1900", "Stock Status": "In Stock", "Brand": "Direct Textile Store Amenities", "Category": "Cleaning Supplies", "Sub Category": "Microfiber Cleaning Products", "Material": "", "Title": "Black High Density Plastic Garbage Bags, 33 GAL", "Description": "Black High Density Plastic Garbage Bags in bulk are great for utility carts, cleaning carts, offices, spa and salons, and other commercial areas. Our high density polyethylene (HDPE) trash ...", "Images": ["https://cdn11.bigcommerce.com/s-zd141b7qtp/products/46890/images/158512/black-high-density-plastic-garbage-bags-33-gal-direct-textile-store-amenities__22202.1709722450.386.513.jpg?c=1"], "Url": "https://directtextilestore.com/Black-High-Density-Plastic-Garbage-Bags-33-GAL"}
{"SKU": "CS-15954_7815", "Type": "", "Size": "", "Color": "", "Options": {"Select Options": "Case of 3 Tubs of Bobby Pins"}, "Price Per Each": "13.1300", "Full Price": "13.1300", "Stock Status": "In Stock", "Brand": "Direct Textile Store Amenities", "Category": "", "Sub Category": "", "Material": "", "Title": "Bobby Pins, Black, 2 inch", "Description": "Bobby pins in black and 2 inches come in packs of 300. Ideal for salon use and for event hairstyling.       2 inches   Simulated rubber tips   Crimped style   Black   300 per tub      Packed 3 ...", "Images": ["https://cdn11.bigcommerce.com/s-zd141b7qtp/products/46888/images/158609/bobby-pins-black-2-inch-direct-textile-store-amenities__34984.1709722647.386.513.jpg?c=1"], "Url": "https://directtextilestore.com/Bobby-Pins-Black-2-inch"}
{"SKU": "CS-14075_7746", "Type": "", "Size": "", "Color": "", "Options": {"Select Options": "Case of 2,000 - Cotton Balls"}, "Price Per Each": "26.9300", "Full Price": "26.9300", "Stock Status": "In Stock", "Brand": "Direct Textile Store Amenities", "Category": "", "Sub Category": "", "Material": "100% Cotton", "Title": "Bulk Non-Sterile Cotton Balls - Medium", "Description": "Discover the versatility of Bulk Non-Sterile Cotton Balls, sized medium for a wide range of applications. Each case contains a generous quantity of 2,000 cotton balls, providing an ample supply ...", "Images": ["https://cdn11.bigcommerce.com/s-zd141b7qtp/products/46861/images/158794/bulk-non-sterile-cotton-balls-medium-direct-textile-store-amenities__09822.1709723054.386.513.jpg?c=1"], "Url": "https://directtextilestore.com/Bulk-Non-Sterile-Cotton-Balls-Medium"}
{"SKU": "CS-SUGAR-1794_7773", "Type": "", "Size": "", "Color": "", "Options": {"Select Options": "Case of 2,000 Single Cane Sugar Packets"}, "Price Per Each": "21.3100", "Full Price": "21.3100", "Stock Status": "In Stock", "Brand": "Direct Textile Store Amenities", "Category": "", "Sub Category": "", "Material": "", "Title": "C&H Pure Cane Granulated Sugar", "Description": "C&H® Pure Cane Granulated Sugar is ideal for hotels, salons, spa lounge areas, hotel lobbies, guest rooms or on-the-go. Each individual serving packet of C&H® Pure Cane Granulated Sugar contains ...", "Images": ["https://cdn11.bigcommerce.com/s-zd141b7qtp/products/46876/images/161353/sugar_packets__39964.1712593069.386.513.jpg?c=1", "https://cdn11.bigcommerce.com/s-zd141b7qtp/products/46876/images/161352/sugar_packets_box__29404.1712593069.386.513.jpg?c=1"], "Url": "https://directtextilestore.com/C-H-Pure-Cane-Granulated-Sugar"}
{"SKU": "BRS-1049", "Type": "", "Size": "32Oz", "Color": "", "Options": {"Main Option": "Options", "Description": "Spray Bottle", "Size": "32Oz", "CHOOSE PACK SIZE": "Case of (9) Pieces"}, "Price Per Each": "7.33", "Full Price": "65.9400", "Stock Status": "In Stock", "Brand": "Direct Textile Store Amenities", "Category": "Sanitizers and Disinfectants", "Sub Category": "Disinfectant", "Material": "", "Title": "Clorox Clean-Up Disinfectant Spray Cleaner With Bleach", "Description": "Clorox® Cleanup Commercial Strength 32oz Disinfectant Cleaner with Bleach is a powerful one-step cleaner, disinfectant and stain remover. It eliminates odors caused by bacteria, mold and mildew. ...", "Images": ["https://cdn11.bigcommerce.com/s-zd141b7qtp/products/46346/images/159775/clorox-clean-up-disinfectant-spray-cleaner-with-bleach-direct-textile-store-amenities__63712.1711020617.386.513.jpg?c=1", "https://cdn11.bigcommerce.com/s-zd141b7qtp/products/46346/images/159811/clorox-clean-up-disinfectant-spray-cleaner-with-bleach-direct-textile-store-amenities__99778.1711020652.386.513.jpg?c=1"], "Url": "https://directtextilestore.com/Clorox-Clean-Up-Disinfectant-Spray-Cleaner-With-Bleach"}
{"SKU": "BRS-1050", "Type": "", "Size": "Gallon", "Color": "", "Options": {"Main Option": "Options", "Description": "Jug", "Size": "Gallon", "CHOOSE PACK SIZE": "Case of (4) Pieces"}, "Price Per Each": "16.41", "Full Price": "65.6300", "Stock Status": "In Stock", "Brand": "Direct Textile Store Amenities", "Category": "Sanitizers and Disinfectants", "Sub Category": "Disinfectant", "Material": "", "Title": "Clorox Clean-Up Disinfectant Spray Cleaner With Bleach", "Description": "Clorox® Cleanup Commercial Strength 32oz Disinfectant Cleaner with Bleach is a powerful one-step cleaner, disinfectant and stain remover. It eliminates odors caused by bacteria, mold and mildew. ...", "Images": ["https://cdn11.bigcommerce.com/s-zd141b7qtp/products/46346/images/159775/clorox-clean-up-disinfectant-spray-cleaner-with-bleach-direct-textile-store-amenities__63712.1711020617.386.513.jpg?c=1", "https://cdn11.bigcommerce.com/s-zd141b7qtp/products/46346/images/159811/clorox-clean-up-disinfectant-spray-cleaner-with-bleach-direct-textile-store-amenities__99778.1711020652.386.513.jpg?c=1"], "Url": "https://directtextilestore.com/Clorox-Clean-Up-Disinfectant-Spray-Cleaner-With-Bleach"}
{"SKU": "CS-9717", "Type": "", "Size": ".88 Oz.", "Color": "", "Options": {"Main Option": "Options", "Description": "Colgate Toothpaste Tube - Mint", "Size": ".88 Oz.", "CHOOSE PACK SIZE": "Case of (24) Pieces"}, "Price Per Each": "0.66", "Full Price": "15.7900", "Stock Status": "In Stock", "Brand": "Direct Textile Store Amenities", "Category": "", "Sub Category": "", "Material": "", "Title": "Colgate Toothpaste, Mint", "Description": "Colgate Toothpaste is a must-have for hotel guests and spa and salon locker rooms. Elevate your guests' oral care routine by providing this pre-pasted toothpaste, ensuring a refreshing and ...", "Images": ["https://cdn11.bigcommerce.com/s-zd141b7qtp/products/47281/images/157595/colgate-toothpaste-mint-direct-textile-store-amenities__26747.1708426135.386.513.jpg?c=1", "https://cdn11.bigcommerce.com/s-zd141b7qtp/products/47281/images/157698/colgate-toothpaste-mint-direct-textile-store-amenities__97941.1708426329.386.513.jpg?c=1"], "Url": "https://directtextilestore.com/Colgate-Toothpaste-Mint-in-Bulk-of-24"}
{"SKU": "CS-15548", "Type": "", "Size": ".15 Oz.", "Color": "", "Options": {"Main Option": "Options", "Description": "Colgate Toothpaste Packets - Mint", "Size": ".15 Oz.", "CHOOSE PACK SIZE": "Case of (1000) Pieces"}, "Price Per Each": "0.19", "Full Price": "187.5000", "Stock Status": "In Stock", "Brand": "Direct Textile Store Amenities", "Category": "", "Sub Category": "", "Material": "", "Title": "Colgate Toothpaste, Mint", "Description": "Colgate Toothpaste is a must-have for hotel guests and spa and salon locker rooms. Elevate your guests' oral care routine by providing this pre-pasted toothpaste, ensuring a refreshing and ...", "Images": ["https://cdn11.bigcommerce.com/s-zd141b7qtp/products/47281/images/157595/colgate-toothpaste-mint-direct-textile-store-amenities__26747.1708426135.386.513.jpg?c=1", "https://cdn11.bigcommerce.com/s-zd141b7qtp/products/47281/images/157698/colgate-toothpaste-mint-direct-textile-store-amenities__97941.1708426329.386.513.jpg?c=1"], "Url": "https://directtextilestore.com/Colgate-Toothpaste-Mint-in-Bulk-of-24"}
{"SKU": "BRS-3234_no", "Type": "", "Size": "3 Gallons", "Color": "", "Options": {"Select Size": "3 Gallons"}, "Price Per Each": "82.6900", "Full Price": "82.6900", "Stock Status": "In Stock", "Brand": "Direct Textile Store Amenities", "Category": "Sanitizers and Disinfectants", "Sub Category": "Disinfectant", "Material": "", "Title": "Comet Disinfecting Bathroom Cleaner (3 Gallons)", "Description": "Comet Disinfecting Bathroom Cleaner, a powerful product that effortlessly removes thick soap scum and hard water stains without the need for scrubbing, will elevate your bathroom cleaning routine. ...", "Images": ["https://cdn11.bigcommerce.com/s-zd141b7qtp/products/46349/images/151830/comet-disinfecting-bathroom-cleaner-3-gallons-direct-textile-store-amenities__37714.1706024035.386.513.jpg?c=1"], "Url": "https://directtextilestore.com/Comet-Disinfecting-Bathroom-Cleaner"}
{"SKU": "CS-15785", "Type": "", "Size": "1 Liter", "Color": "", "Options": {"Main Option": "Amenities", "Flavor": "Original Mint", "Size": "1 Liter", "CHOOSE PACK SIZE": "Case of (6) Pieces"}, "Price Per Each": "6.50", "Full Price": "38.9800", "Stock Status": "In Stock", "Brand": "Direct Textile Store Amenities", "Category": "Mouthwash", "Sub Category": "", "Material": "", "Title": "Crest Scope Classic Mouthwash - 6 Pack", "Description": "Crest Scope Classic Mouthwash, which is offered in bulk for condo visitors and spa locker rooms, will enhance your visitors' experience. In scientific testing, this mouthwash was clinically shown ...", "Images": ["https://cdn11.bigcommerce.com/s-zd141b7qtp/products/46899/images/158571/crest-scope-classic-mouthwash-6-pack-direct-textile-store-amenities__21694.1709722507.386.513.jpg?c=1"], "Url": "https://directtextilestore.com/Crest-Scope-Classic-Mouthwash-6-Pack"}
{"SKU": "CS-41134", "Type": "", "Size": "7 Oz Bottle", "Color": "", "Options": {"Main Option": "Options", "Fragrance": "Original Scent", "Size": "7 Oz Bottle", "CHOOSE PACK SIZE": "Case of (18) Pieces"}, "Price Per Each": "2.16", "Full Price": "38.8100", "Stock Status": "In Stock", "Brand": "Direct Textile Store Amenities", "Category": "", "Sub Category": "", "Material": "", "Title": "Dawn Liquid Dishwashing Detergent - 18 Pack", "Description": "Dawn Liquid Dishwashing Detergent is offered in bulk. Great hotel size amenity in disposable packaging that is great for single use. Dawn Liquid Dish Detergent seeks out grease and cleans dishes ...", "Images": ["https://cdn11.bigcommerce.com/s-zd141b7qtp/products/46887/images/158551/dawn-liquid-dishwashing-detergent-18-pack-direct-textile-store-amenities__27630.1709722487.386.513.jpg?c=1"], "Url": "https://directtextilestore.com/Dawn-Liquid-Dishwashing-Detergent-18-Pack"}
{"SKU": "CS-1780", "Type": "", "Size": "100 Razors", "Color": "", "Options": {"Main Option": "Options", "Description": "Twin Blade Razors", "Size": "100 Razors", "CHOOSE PACK SIZE": "Case of (100) Pieces"}, "Price Per Each": "0.13", "Full Price": "12.8300", "Stock Status": "In Stock", "Brand": "Direct Textile Store Amenities", "Category": "", "Sub Category": "", "Material": "", "Title": "Disposable Twin Blade Razors - 100 Pack", "Description": "Experience the superior shaving performance of our bulk Disposable Twin Blade Razors, equipped with two high-quality stainless steel blades and a clear removable safety cap, ensuring a safe and ...", "Images": ["https://cdn11.bigcommerce.com/s-zd141b7qtp/products/46895/images/158492/disposable-twin-blade-razors-100-pack-direct-textile-store-amenities__08436.1709722431.386.513.jpg?c=1"], "Url": "https://directtextilestore.com/Disposable-Twin-Blade-Razors-100-Pack"}
{"SKU": "CS-DIS-GLO-12992-SM", "Type": "", "Size": "Small (+$1.25)", "Color": "", "Options": {"Select Size": "Small (+$1.25)"}, "Price Per Each": "9.3800", "Full Price": "9.3800", "Stock Status": "In Stock", "Brand": "Direct Textile Store Amenities", "Category": "Gloves", "Sub Category": "PPE Apparel", "Material": "", "Title": "Disposable Vinyl Powder Free General Purpose Gloves", "Description": "These Disposable Vinyl Powder-Free General Purpose Gloves are an unparalleled level of safety. These gloves are FDA-compliant and latex-free, with a flexible design and non-sterile construction ...", "Images": ["https://cdn11.bigcommerce.com/s-zd141b7qtp/products/46885/images/158692/disposable-vinyl-powder-free-general-purpose-gloves-direct-textile-store-amenities__97887.1709722723.386.513.jpg?c=1"], "Url": "https://directtextilestore.com/Disposable-Vinyl-Powder-Free-General-Purpose-Gloves"}
{"SKU": "CS-DIS-GLO-12993-MD", "Type": "", "Size": "Medium", "Color": "", "Options": {"Select Size": "Medium"}, "Price Per Each": "8.1300", "Full Price": "8.1300", "Stock Status": "In Stock", "Brand": "Direct Textile Store Amenities", "Category": "Gloves", "Sub Category": "PPE Apparel", "Material": "", "Title": "Disposable Vinyl Powder Free General Purpose Gloves", "Description": "These Disposable Vinyl Powder-Free General Purpose Gloves are an unparalleled level of safety. These gloves are FDA-compliant and latex-free, with a flexible design and non-sterile construction ...", "Images": ["https://cdn11.bigcommerce.com/s-zd141b7qtp/products/46885/images/158692/disposable-vinyl-powder-free-general-purpose-gloves-direct-textile-store-amenities__97887.1709722723.386.513.jpg?c=1"], "Url": "https://directtextilestore.com/Disposable-Vinyl-Powder-Free-General-Purpose-Gloves"}
{"SKU": "CS-DIS-GLO-8493-LG", "Type": "", "Size": "Large", "Color": "", "Options": {"Select Size": "Large"}, "Price Per Each": "8.1300", "Full Price": "8.1300", "Stock Status": "In Stock", "Brand": "Direct Textile Store Amenities", "Category": "Gloves", "Sub Category": "PPE Apparel", "Material": "", "Title": "Disposable Vinyl Powder Free General Purpose Gloves", "Description": "These Disposable Vinyl Powder-Free General Purpose Gloves are an unparalleled level of safety. These gloves are FDA-compliant and latex-free, with a flexible design and non-sterile construction ...", "Images": ["https://cdn11.bigcommerce.com/s-zd141b7qtp/products/46885/images/158692/disposable-vinyl-powder-free-general-purpose-gloves-direct-textile-store-amenities__97887.1709722723.386.513.jpg?c=1"], "Url": "https://directtextilestore.com/Disposable-Vinyl-Powder-Free-General-Purpose-Gloves"}
{"SKU": "CS-DIS-GLO-8494-XL", "Type": "", "Size": "X-Large (+$3.75)", "Color": "", "Options": {"Select Size": "X-Large (+$3.75)"}, "Price Per Each": "11.8800", "Full Price": "11.8800", "Stock Status": "In Stock", "Brand": "Direct Textile Store Amenities", "Category": "Gloves", "Sub Category": "PPE Apparel", "Material": "", "Title": "Disposable Vinyl Powder Free General Purpose Gloves", "Description": "These Disposable Vinyl Powder-Free General Purpose Gloves are an unparalleled level of safety. These gloves are FDA-compliant and latex-free, with a flexible design and non-sterile construction ...", "Images": ["https://cdn11.bigcommerce.com/s-zd141b7qtp/products/46885/images/158692/disposable-vinyl-powder-free-general-purpose-gloves-direct-textile-store-amenities__97887.1709722723.386.513.jpg?c=1"], "Url": "https://directtextilestore.com/Disposable-Vinyl-Powder-Free-General-Purpose-Gloves"}
{"SKU": "CS-AG739_7818", "Type": "", "Size": "", "Color": "", "Options": {"Select Options": "Quantity of 500 - 13 gal Trash Bags"}, "Price Per Each": "46.8600", "Full Price": "46.8600", "Stock Status": "In Stock", "Brand": "Direct Textile Store Amenities", "Category": "Cleaning Supplies", "Sub Category": "Microfiber Cleaning Products", "Material": "", "Title": "Dura-Stuff Blue LLDPE Trash Can Liners, 13 GAL", "Description": "Dura-Stuff Blue LLDPE Trash Can Liners in bulk are great for offices, hotels, spa and salons, and other commercial areas. Because of the unique color blue of this particular plastic, many people ...", "Images": ["https://cdn11.bigcommerce.com/s-zd141b7qtp/products/46891/images/158799/dura-stuff-blue-lldpe-trash-can-liners-13-gal-direct-textile-store-amenities__39370.1709723059.386.513.jpg?c=1"], "Url": "https://directtextilestore.com/Dura-Stuff-Blue-LLDPE-Trash-Can-Liners-13-GAL"}
{"SKU": "CS-CT012_7816", "Type": "", "Size": "", "Color": "", "Options": {"Select Options": "Quantity of 1,000 - 4 gal Trash Bags"}, "Price Per Each": "17.0800", "Full Price": "17.0800", "Stock Status": "In Stock", "Brand": "Direct Textile Store Amenities", "Category": "Cleaning Supplies", "Sub Category": "Microfiber Cleaning Products", "Material": "", "Title": "Dura-Stuff Clear LLDPE Trash Can Liners, 4 GAL", "Description": "Dura-Stuff Clear LLDPE Trash Can Liners in bulk are great for offices, hotel rooms, spa and salons, and other commercial areas. Dura-Stuff Trash Can Liners are made of Low Density Polyethylene ...", "Images": ["https://cdn11.bigcommerce.com/s-zd141b7qtp/products/46889/images/158715/dura-stuff-clear-lldpe-trash-can-liners-4-gal-direct-textile-store-amenities__13734.1709722744.386.513.jpg?c=1"], "Url": "https://directtextilestore.com/Dura-Stuff-Clear-LLDPE-Trash-Can-Liners-4-GAL"}
{"SKU": "CS-DISHMATE-PL9722", "Type": "", "Size": "25 Oz Bottle", "Color": "", "Options": {"Main Option": "Options", "Scent": "Grapefruit", "Size": "25 Oz Bottle", "CHOOSE PACK SIZE": "Case of (6) Pieces"}, "Price Per Each": "4.06", "Full Price": "24.3800", "Stock Status": "In Stock", "Brand": "Direct Textile Store Amenities", "Category": "", "Sub Category": "", "Material": "", "Title": "EARTH FRIENDLY DISHMATE - DISHWASHING DETERGENT", "Description": "Earth Friendly Dishmate Dishwashing Detergent is ideal for long-term care centers, hospitality, foodservice, day care centers, health/fitness centers, delicatessens, coffee shops, and eateries. ...", "Images": ["https://cdn11.bigcommerce.com/s-zd141b7qtp/products/46884/images/158703/earth-friendly-dishmate-dishwashing-detergent-direct-textile-store-amenities__82659.1709722733.386.513.jpg?c=1", "https://cdn11.bigcommerce.com/s-zd141b7qtp/products/46884/images/158593/earth-friendly-dishmate-dishwashing-detergent-direct-textile-store-amenities__57823.1709722529.386.513.jpg?c=1"], "Url": "https://directtextilestore.com/Earth-Friendly-Dishwashing-Detergent"}
{"SKU": "CS-DISHMATE-PL9720/6", "Type": "", "Size": "25 Oz Bottle", "Color": "", "Options": {"Main Option": "Options", "Scent": "Pear", "Size": "25 Oz Bottle", "CHOOSE PACK SIZE": "Case of (6) Pieces"}, "Price Per Each": "4.06", "Full Price": "24.3800", "Stock Status": "In Stock", "Brand": "Direct Textile Store Amenities", "Category": "", "Sub Category": "", "Material": "", "Title": "EARTH FRIENDLY DISHMATE - DISHWASHING DETERGENT", "Description": "Earth Friendly Dishmate Dishwashing Detergent is ideal for long-term care centers, hospitality, foodservice, day care centers, health/fitness centers, delicatessens, coffee shops, and eateries. ...", "Images": ["https://cdn11.bigcommerce.com/s-zd141b7qtp/products/46884/images/158703/earth-friendly-dishmate-dishwashing-detergent-direct-textile-store-amenities__82659.1709722733.386.513.jpg?c=1", "https://cdn11.bigcommerce.com/s-zd141b7qtp/products/46884/images/158593/earth-friendly-dishmate-dishwashing-detergent-direct-textile-store-amenities__57823.1709722529.386.513.jpg?c=1"], "Url": "https://directtextilestore.com/Earth-Friendly-Dishwashing-Detergent"}
{"SKU": "CS14-14255", "Type": "", "Size": "Case of (300) Pieces", "Color": "", "Options": {"Main Option": "Eco Botanics Hotel Amenities Collection", "Description": "Shampoo 0.85 Oz", "Weight/Case": "22 Lbs", "CHOOSE PACK SIZE": "Case of (300) Pieces"}, "Price Per Each": "0.28", "Full Price": "84.9900", "Stock Status": "In Stock", "Brand": "Direct Textile Store Amenities", "Category": "Shampoo", "Sub Category": "Conditioner", "Material": "", "Title": "Eco Botanics Bulk Hotel Amenities", "Description": "Introducing Eco Botanics Bulk Hotel Amenities, the ultimate choice for the hotel and hospitality industry. Let your guests experience the revitalizing effects of these nourishing shampoo and ...", "Images": ["https://cdn11.bigcommerce.com/s-zd141b7qtp/products/47789/images/151590/eco-botanics-bulk-hotel-amenities-direct-textile-store-amenities__17599.1706023694.386.513.jpg?c=1", "https://cdn11.bigcommerce.com/s-zd141b7qtp/products/47789/images/153801/eco-botanics-bulk-hotel-amenities-direct-textile-store-amenities__94207.1706026676.386.513.jpg?c=1", "https://cdn11.bigcommerce.com/s-zd141b7qtp/products/47789/images/148984/eco-botanics-bulk-hotel-amenities-direct-textile-store-amenities__74217.1706020048.386.513.jpg?c=1", "https://cdn11.bigcommerce.com/s-zd141b7qtp/products/47789/images/147174/eco-botanics-bulk-hotel-amenities-direct-textile-store-amenities__24569.1706017588.386.513.jpg?c=1", "https://cdn11.bigcommerce.com/s-zd141b7qtp/products/47789/images/148013/eco-botanics-bulk-hotel-amenities-direct-textile-store-amenities__44255.1706018734.386.513.jpg?c=1"], "Url": "https://directtextilestore.com/eco-botanics-bulk-hotel-amenities/"}
{"SKU": "CS14-14256", "Type": "", "Size": "Case of (300) Pieces", "Color": "", "Options": {"Main Option": "Eco Botanics Hotel Amenities Collection", "Description": "Conditioner 0.85 Oz", "Weight/Case": "22 Lbs", "CHOOSE PACK SIZE": "Case of (300) Pieces"}, "Price Per Each": "0.62", "Full Price": "187.5000", "Stock Status": "In Stock", "Brand": "Direct Textile Store Amenities", "Category": "Shampoo", "Sub Category": "Conditioner", "Material": "", "Title": "Eco Botanics Bulk Hotel Amenities", "Description": "Introducing Eco Botanics Bulk Hotel Amenities, the ultimate choice for the hotel and hospitality industry. Let your guests experience the revitalizing effects of these nourishing shampoo and ...", "Images": ["https://cdn11.bigcommerce.com/s-zd141b7qtp/products/47789/images/151590/eco-botanics-bulk-hotel-amenities-direct-textile-store-amenities__17599.1706023694.386.513.jpg?c=1", "https://cdn11.bigcommerce.com/s-zd141b7qtp/products/47789/images/153801/eco-botanics-bulk-hotel-amenities-direct-textile-store-amenities__94207.1706026676.386.513.jpg?c=1", "https://cdn11.bigcommerce.com/s-zd141b7qtp/products/47789/images/148984/eco-botanics-bulk-hotel-amenities-direct-textile-store-amenities__74217.1706020048.386.513.jpg?c=1", "https://cdn11.bigcommerce.com/s-zd141b7qtp/products/47789/images/147174/eco-botanics-bulk-hotel-amenities-direct-textile-store-amenities__24569.1706017588.386.513.jpg?c=1", "https://cdn11.bigcommerce.com/s-zd141b7qtp/products/47789/images/148013/eco-botanics-bulk-hotel-amenities-direct-textile-store-amenities__44255.1706018734.386.513.jpg?c=1"], "Url": "https://directtextilestore.com/eco-botanics-bulk-hotel-amenities/"}
{"SKU": "CS14-14267", "Type": "", "Size": "Case of (300) Pieces", "Color": "", "Options": {"Main Option": "Eco Botanics Hotel Amenities Collection", "Description": "Body Lotion 0.85 Oz", "Weight/Case": "22 Lbs", "CHOOSE PACK SIZE": "Case of (300) Pieces"}, "Price Per Each": "0.28", "Full Price": "84.0400", "Stock Status": "In Stock", "Brand": "Direct Textile Store Amenities", "Category": "Shampoo", "Sub Category": "Conditioner", "Material": "", "Title": "Eco Botanics Bulk Hotel Amenities", "Description": "Introducing Eco Botanics Bulk Hotel Amenities, the ultimate choice for the hotel and hospitality industry. Let your guests experience the revitalizing effects of these nourishing shampoo and ...", "Images": ["https://cdn11.bigcommerce.com/s-zd141b7qtp/products/47789/images/151590/eco-botanics-bulk-hotel-amenities-direct-textile-store-amenities__17599.1706023694.386.513.jpg?c=1", "https://cdn11.bigcommerce.com/s-zd141b7qtp/products/47789/images/153801/eco-botanics-bulk-hotel-amenities-direct-textile-store-amenities__94207.1706026676.386.513.jpg?c=1", "https://cdn11.bigcommerce.com/s-zd141b7qtp/products/47789/images/148984/eco-botanics-bulk-hotel-amenities-direct-textile-store-amenities__74217.1706020048.386.513.jpg?c=1", "https://cdn11.bigcommerce.com/s-zd141b7qtp/products/47789/images/147174/eco-botanics-bulk-hotel-amenities-direct-textile-store-amenities__24569.1706017588.386.513.jpg?c=1", "https://cdn11.bigcommerce.com/s-zd141b7qtp/products/47789/images/148013/eco-botanics-bulk-hotel-amenities-direct-textile-store-amenities__44255.1706018734.386.513.jpg?c=1"], "Url": "https://directtextilestore.com/eco-botanics-bulk-hotel-amenities/"}
{"SKU": "CS14-14258", "Type": "", "Size": "Case of (300) Pieces", "Color": "", "Options": {"Main Option": "Eco Botanics Hotel Amenities Collection", "Description": "Body Wash 0.85 Oz", "Weight/Case": "22 Lbs", "CHOOSE PACK SIZE": "Case of (300) Pieces"}, "Price Per Each": "0.28", "Full Price": "84.6000", "Stock Status": "In Stock", "Brand": "Direct Textile Store Amenities", "Category": "Shampoo", "Sub Category": "Conditioner", "Material": "", "Title": "Eco Botanics Bulk Hotel Amenities", "Description": "Introducing Eco Botanics Bulk Hotel Amenities, the ultimate choice for the hotel and hospitality industry. Let your guests experience the revitalizing effects of these nourishing shampoo and ...", "Images": ["https://cdn11.bigcommerce.com/s-zd141b7qtp/products/47789/images/151590/eco-botanics-bulk-hotel-amenities-direct-textile-store-amenities__17599.1706023694.386.513.jpg?c=1", "https://cdn11.bigcommerce.com/s-zd141b7qtp/products/47789/images/153801/eco-botanics-bulk-hotel-amenities-direct-textile-store-amenities__94207.1706026676.386.513.jpg?c=1", "https://cdn11.bigcommerce.com/s-zd141b7qtp/products/47789/images/148984/eco-botanics-bulk-hotel-amenities-direct-textile-store-amenities__74217.1706020048.386.513.jpg?c=1", "https://cdn11.bigcommerce.com/s-zd141b7qtp/products/47789/images/147174/eco-botanics-bulk-hotel-amenities-direct-textile-store-amenities__24569.1706017588.386.513.jpg?c=1", "https://cdn11.bigcommerce.com/s-zd141b7qtp/products/47789/images/148013/eco-botanics-bulk-hotel-amenities-direct-textile-store-amenities__44255.1706018734.386.513.jpg?c=1"], "Url": "https://directtextilestore.com/eco-botanics-bulk-hotel-amenities/"}
{"SKU": "CS14-14253", "Type": "", "Size": "Case of (500) Pieces", "Color": "", "Options": {"Main Option": "Eco Botanics Hotel Amenities Collection", "Description": "Soap Bar  0.89 Oz", "Weight/Case": "31 Lbs", "CHOOSE PACK SIZE": "Case of (500) Pieces"}, "Price Per Each": "0.17", "Full Price": "86.3100", "Stock Status": "In Stock", "Brand": "Direct Textile Store Amenities", "Category": "Shampoo", "Sub Category": "Conditioner", "Material": "", "Title": "Eco Botanics Bulk Hotel Amenities", "Description": "Introducing Eco Botanics Bulk Hotel Amenities, the ultimate choice for the hotel and hospitality industry. Let your guests experience the revitalizing effects of these nourishing shampoo and ...", "Images": ["https://cdn11.bigcommerce.com/s-zd141b7qtp/products/47789/images/151590/eco-botanics-bulk-hotel-amenities-direct-textile-store-amenities__17599.1706023694.386.513.jpg?c=1", "https://cdn11.bigcommerce.com/s-zd141b7qtp/products/47789/images/153801/eco-botanics-bulk-hotel-amenities-direct-textile-store-amenities__94207.1706026676.386.513.jpg?c=1", "https://cdn11.bigcommerce.com/s-zd141b7qtp/products/47789/images/148984/eco-botanics-bulk-hotel-amenities-direct-textile-store-amenities__74217.1706020048.386.513.jpg?c=1", "https://cdn11.bigcommerce.com/s-zd141b7qtp/products/47789/images/147174/eco-botanics-bulk-hotel-amenities-direct-textile-store-amenities__24569.1706017588.386.513.jpg?c=1", "https://cdn11.bigcommerce.com/s-zd141b7qtp/products/47789/images/148013/eco-botanics-bulk-hotel-amenities-direct-textile-store-amenities__44255.1706018734.386.513.jpg?c=1"], "Url": "https://directtextilestore.com/eco-botanics-bulk-hotel-amenities/"}
{"SKU": "CS-1776", "Type": "", "Size": "144 Toothbrushes", "Color": "", "Options": {"Main Option": "Options", "Description": "Toothbrushes", "Size": "144 Toothbrushes", "CHOOSE PACK SIZE": "Case of (144) Pieces"}, "Price Per Each": "0.22", "Full Price": "31.1400", "Stock Status": "In Stock", "Brand": "Direct Textile Store Amenities", "Category": "Toothbrush", "Sub Category": "", "Material": "", "Title": "FreshMint Individually Wrapped Toothbrushes, 43 Tuft - 144 Pack", "Description": "FreshMint bulk toothbrushes individually wrapped, featuring 43 Tufts, designed to elevate hotel guest and spa locker room amenities. Each toothbrush is meticulously hygienically sealed in a ...", "Images": ["https://cdn11.bigcommerce.com/s-zd141b7qtp/products/46898/images/150122/freshmint-individually-wrapped-toothbrushes-43-tuft-144-pack-direct-textile-store-amenities__55703.1706021546.386.513.jpg?c=1"], "Url": "https://directtextilestore.com/FreshMint-Individually-Wrapped-Toothbrushes-43-Tuft-144-Pack"}
{"SKU": "CS-15680", "Type": "", "Size": "0.25 Oz", "Color": "", "Options": {"Main Option": "Options", "Description": "Individually Wrapped", "Size": "0.25 Oz", "CHOOSE PACK SIZE": "Case of (100) Pieces"}, "Price Per Each": "0.09", "Full Price": "9.3800", "Stock Status": "In Stock", "Brand": "Direct Textile Store Amenities", "Category": "", "Sub Category": "", "Material": "", "Title": "Freshscent Shave Cream in Single Use Packets - 100 Packets", "Description": "The convenience and versatility of Freshscent Shave Cream in Single Use Packets, designed to cater to hotel guests, guest room amenities, and spa locker rooms. These compact packets offer a ...", "Images": ["https://cdn11.bigcommerce.com/s-zd141b7qtp/products/46897/images/151903/freshscent-shave-cream-in-single-use-packets-100-packets-direct-textile-store-amenities__09315.1706024132.386.513.jpg?c=1"], "Url": "https://directtextilestore.com/Freshscen-Shave-Cream-in-Single-Use-Packets-100-Packets"}
{"SKU": "BRS-17711_7137", "Type": "", "Size": "480 Wipes", "Color": "", "Options": {"Select Size": "480 Wipes"}, "Price Per Each": "74.0600", "Full Price": "74.0600", "Stock Status": "In Stock", "Brand": "Direct Textile Store Amenities", "Category": "Sanitizers and Disinfectants", "Sub Category": "Cleaning Supplies", "Material": "", "Title": "Hand Sanitizing Wipes Individually Wrapped", "Description": "Instant Hand Sanitizer Wipes kill 99.99% of germs. Antimicrobial, cleans and sanitizes, gentle, safe and effective. Infused with Vitamin E and aloe vera these extra soft wipes gently moisturize ...", "Images": ["https://cdn11.bigcommerce.com/s-zd141b7qtp/products/46345/images/159543/hand-sanitizing-wipes-individually-wrapped-direct-textile-store-amenities__16830.1711020203.386.513.jpg?c=1"], "Url": "https://directtextilestore.com/Hand-Sanitizing-Wipes-Individually-Wrapped"}
{"SKU": "CS630-5614", "Type": "", "Size": "Case of (250) Pieces", "Color": "", "Options": {"Main Option": "Holcombe & Moore Hotel Amenities", "Description": "Soap Bar - 25g", "Weight/Case": "16 Lbs", "CHOOSE PACK SIZE": "Case of (250) Pieces"}, "Price Per Each": "0.19", "Full Price": "48.6600", "Stock Status": "In Stock", "Brand": "Direct Textile Store Amenities", "Category": "Conditioning Shampoo", "Sub Category": "Lotion", "Material": "", "Title": "Holcombe & Moore Bulk Hotel Amenities", "Description": "Introducing the Holcombe &amp; Moore Bulk Hotel Amenities, featuring a range of high-quality products tailored for the hotel and hospitality industry.These Conditioning Shampoo, Lotion, and Soap ...", "Images": ["https://cdn11.bigcommerce.com/s-zd141b7qtp/products/47788/images/147098/holcombe-and-moore-bulk-hotel-amenities-direct-textile-store-amenities__78932.1706017503.386.513.jpg?c=1", "https://cdn11.bigcommerce.com/s-zd141b7qtp/products/47788/images/152431/holcombe-and-moore-bulk-hotel-amenities-direct-textile-store-amenities__52453.1706024852.386.513.jpg?c=1", "https://cdn11.bigcommerce.com/s-zd141b7qtp/products/47788/images/146848/holcombe-and-moore-bulk-hotel-amenities-direct-textile-store-amenities__61118.1706017148.386.513.jpg?c=1", "https://cdn11.bigcommerce.com/s-zd141b7qtp/products/47788/images/151344/holcombe-and-moore-bulk-hotel-amenities-direct-textile-store-amenities__98555.1706023356.386.513.jpg?c=1", "https://cdn11.bigcommerce.com/s-zd141b7qtp/products/47788/images/148132/holcombe-and-moore-bulk-hotel-amenities-direct-textile-store-amenities__80090.1706018887.386.513.jpg?c=1", "https://cdn11.bigcommerce.com/s-zd141b7qtp/products/47788/images/148187/holcombe-and-moore-bulk-hotel-amenities-direct-textile-store-amenities__75492.1706018961.386.513.jpg?c=1", "https://cdn11.bigcommerce.com/s-zd141b7qtp/products/47788/images/149190/holcombe-and-moore-bulk-hotel-amenities-direct-textile-store-amenities__37078.1706020320.386.513.jpg?c=1"], "Url": "https://directtextilestore.com/holcombe-moore-bulk-hotel-amenities/"}
{"SKU": "CS630-631", "Type": "", "Size": "Case of (300) Pieces", "Color": "", "Options": {"Main Option": "Holcombe & Moore Hotel Amenities", "Description": "Shampoo & Conditioner - 1.3 Oz", "Weight/Case": "30 Lbs", "CHOOSE PACK SIZE": "Case of (300) Pieces"}, "Price Per Each": "0.30", "Full Price": "91.0000", "Stock Status": "In Stock", "Brand": "Direct Textile Store Amenities", "Category": "Conditioning Shampoo", "Sub Category": "Lotion", "Material": "", "Title": "Holcombe & Moore Bulk Hotel Amenities", "Description": "Introducing the Holcombe &amp; Moore Bulk Hotel Amenities, featuring a range of high-quality products tailored for the hotel and hospitality industry.These Conditioning Shampoo, Lotion, and Soap ...", "Images": ["https://cdn11.bigcommerce.com/s-zd141b7qtp/products/47788/images/147098/holcombe-and-moore-bulk-hotel-amenities-direct-textile-store-amenities__78932.1706017503.386.513.jpg?c=1", "https://cdn11.bigcommerce.com/s-zd141b7qtp/products/47788/images/152431/holcombe-and-moore-bulk-hotel-amenities-direct-textile-store-amenities__52453.1706024852.386.513.jpg?c=1", "https://cdn11.bigcommerce.com/s-zd141b7qtp/products/47788/images/146848/holcombe-and-moore-bulk-hotel-amenities-direct-textile-store-amenities__61118.1706017148.386.513.jpg?c=1", "https://cdn11.bigcommerce.com/s-zd141b7qtp/products/47788/images/151344/holcombe-and-moore-bulk-hotel-amenities-direct-textile-store-amenities__98555.1706023356.386.513.jpg?c=1", "https://cdn11.bigcommerce.com/s-zd141b7qtp/products/47788/images/148132/holcombe-and-moore-bulk-hotel-amenities-direct-textile-store-amenities__80090.1706018887.386.513.jpg?c=1", "https://cdn11.bigcommerce.com/s-zd141b7qtp/products/47788/images/148187/holcombe-and-moore-bulk-hotel-amenities-direct-textile-store-amenities__75492.1706018961.386.513.jpg?c=1", "https://cdn11.bigcommerce.com/s-zd141b7qtp/products/47788/images/149190/holcombe-and-moore-bulk-hotel-amenities-direct-textile-store-amenities__37078.1706020320.386.513.jpg?c=1"], "Url": "https://directtextilestore.com/holcombe-moore-bulk-hotel-amenities/"}
{"SKU": "CS630-633", "Type": "", "Size": "Case of (300) Pieces", "Color": "", "Options": {"Main Option": "Holcombe & Moore Hotel Amenities", "Description": "Lotion - 1.3 Oz", "Weight/Case": "20 Lbs", "CHOOSE PACK SIZE": "Case of (300) Pieces"}, "Price Per Each": "0.31", "Full Price": "92.0700", "Stock Status": "In Stock", "Brand": "Direct Textile Store Amenities", "Category": "Conditioning Shampoo", "Sub Category": "Lotion", "Material": "", "Title": "Holcombe & Moore Bulk Hotel Amenities", "Description": "Introducing the Holcombe &amp; Moore Bulk Hotel Amenities, featuring a range of high-quality products tailored for the hotel and hospitality industry.These Conditioning Shampoo, Lotion, and Soap ...", "Images": ["https://cdn11.bigcommerce.com/s-zd141b7qtp/products/47788/images/147098/holcombe-and-moore-bulk-hotel-amenities-direct-textile-store-amenities__78932.1706017503.386.513.jpg?c=1", "https://cdn11.bigcommerce.com/s-zd141b7qtp/products/47788/images/152431/holcombe-and-moore-bulk-hotel-amenities-direct-textile-store-amenities__52453.1706024852.386.513.jpg?c=1", "https://cdn11.bigcommerce.com/s-zd141b7qtp/products/47788/images/146848/holcombe-and-moore-bulk-hotel-amenities-direct-textile-store-amenities__61118.1706017148.386.513.jpg?c=1", "https://cdn11.bigcommerce.com/s-zd141b7qtp/products/47788/images/151344/holcombe-and-moore-bulk-hotel-amenities-direct-textile-store-amenities__98555.1706023356.386.513.jpg?c=1", "https://cdn11.bigcommerce.com/s-zd141b7qtp/products/47788/images/148132/holcombe-and-moore-bulk-hotel-amenities-direct-textile-store-amenities__80090.1706018887.386.513.jpg?c=1", "https://cdn11.bigcommerce.com/s-zd141b7qtp/products/47788/images/148187/holcombe-and-moore-bulk-hotel-amenities-direct-textile-store-amenities__75492.1706018961.386.513.jpg?c=1", "https://cdn11.bigcommerce.com/s-zd141b7qtp/products/47788/images/149190/holcombe-and-moore-bulk-hotel-amenities-direct-textile-store-amenities__37078.1706020320.386.513.jpg?c=1"], "Url": "https://directtextilestore.com/holcombe-moore-bulk-hotel-amenities/"}
{"SKU": "CS-18247_7759", "Type": "", "Size": "", "Color": "", "Options": {"Select Options": "Box of 50 - Individually Wrapped Face Mask"}, "Price Per Each": "11.1900", "Full Price": "11.1900", "Stock Status": "In Stock", "Brand": "Direct Textile Store Amenities", "Category": "Face Masks", "Sub Category": "PPE Apparel", "Material": "", "Title": "Individually Wrapped Disposable 3 Ply Face Masks", "Description": "Individually Wrapped Disposable 3 Ply Face Masks are suitable for distribution to guests, clients, workers or students, having them wrapped individually ensures hygiene is kept to the highest ...", "Images": ["https://cdn11.bigcommerce.com/s-zd141b7qtp/products/46865/images/158778/individually-wrapped-disposable-3-ply-face-masks-direct-textile-store-amenities__38834.1709723034.386.513.jpg?c=1"], "Url": "https://directtextilestore.com/Individually-Wrapped-Disposable-3-Ply-Face-Masks"}
{"SKU": "BRS-18139", "Type": "", "Size": "Osfa", "Color": "", "Options": {"Main Option": "Options", "Description": "5 Pack  Of Masks", "Size": "Osfa", "CHOOSE PACK SIZE": "Case of (1) Pieces"}, "Price Per Each": "15.63", "Full Price": "15.6300", "Stock Status": "In Stock", "Brand": "Direct Textile Store Amenities", "Category": "Face Masks", "Sub Category": "PPE Apparel", "Material": "", "Title": "KN95 Particulate Filtration Face Masks", "Description": "KN95 RATED FACE MASKS filter out 95 percent of airborne particles and are highly effective in preventing the transmission of viruses. Our KN95 RATED FACE MASKS are extremely high quality and would ...", "Images": ["https://cdn11.bigcommerce.com/s-zd141b7qtp/products/46341/images/159658/kn95-particulate-filtration-face-masks-direct-textile-store-amenities__80306.1711020411.386.513.jpg?c=1", "https://cdn11.bigcommerce.com/s-zd141b7qtp/products/46341/images/159802/kn95-particulate-filtration-face-masks-direct-textile-store-amenities__67652.1711020644.386.513.jpg?c=1"], "Url": "https://directtextilestore.com/KN95-Particulate-Filtration-Face-Masks"}
{"SKU": "CS-HONEY-12728_7777", "Type": "", "Size": "", "Color": "", "Options": {"Select Options": "Case of 200 Single Honey Packets"}, "Price Per Each": "35.4300", "Full Price": "35.4300", "Stock Status": "In Stock", "Brand": "Direct Textile Store Amenities", "Category": "", "Sub Category": "", "Material": "", "Title": "Kraft Pure Honey Packets", "Description": "Kraft Pure Honey Packets are ideal for hotels, salons, spa lounge areas, hotel lobbies, guest rooms or on-the-go. Kraft Pure Honey Packets are always neat and convenient and perfect for coffee and ...", "Images": ["https://cdn11.bigcommerce.com/s-zd141b7qtp/products/46880/images/161491/honey__62699.1712772051.386.513.jpg?c=1"], "Url": "https://directtextilestore.com/Kraft-Pure-Honey-Packets"}
{"SKU": "12825", "Type": "", "Size": "8 x 7", "Color": "", "Options": {"Main Option": "Amenities", "Description": "Makeup Remover Wipes", "Package": "Packets", "Size": "8 x 7", "CHOOSE PACK SIZE": "Case of (500) Pieces"}, "Price Per Each": "0.17", "Full Price": "87.2400", "Stock Status": "In Stock", "Brand": "Direct Textile Store Amenities", "Category": "Wipes", "Sub Category": "Facial Wipes", "Material": "", "Title": "La Fresh Travel Lite Makeup Remover Wipes", "Description": "Protect your washcloths from makeup stains by providing your guests with the best-selling La Fresh Travel Lite Makeup Remover Wipes, as seen in leading beauty magazines. Highly acclaimed by ...", "Images": ["https://cdn11.bigcommerce.com/s-zd141b7qtp/products/45318/images/160851/la-fresh-travel-lite-makeup-remover-wipes-direct-textile-store-amenities__64063.1712319809.386.513.jpg?c=1"], "Url": "https://directtextilestore.com/La-Fresh-Travel-Lite-Makeup-Remover-Wipes"}
{"SKU": "15546", "Type": "", "Size": "8 x 7", "Color": "", "Options": {"Main Option": "Amenities", "Description": "Makeup Remover Wipes", "Package": "Packets", "Size": "8 x 7", "CHOOSE PACK SIZE": "Case of (50) Pieces"}, "Price Per Each": "0.25", "Full Price": "12.7100", "Stock Status": "In Stock", "Brand": "Direct Textile Store Amenities", "Category": "Wipes", "Sub Category": "Facial Wipes", "Material": "", "Title": "La Fresh Travel Lite Makeup Remover Wipes", "Description": "Protect your washcloths from makeup stains by providing your guests with the best-selling La Fresh Travel Lite Makeup Remover Wipes, as seen in leading beauty magazines. Highly acclaimed by ...", "Images": ["https://cdn11.bigcommerce.com/s-zd141b7qtp/products/45318/images/160851/la-fresh-travel-lite-makeup-remover-wipes-direct-textile-store-amenities__64063.1712319809.386.513.jpg?c=1"], "Url": "https://directtextilestore.com/La-Fresh-Travel-Lite-Makeup-Remover-Wipes"}
{"SKU": "BRS-18080", "Type": "", "Size": "4 Gallons", "Color": "", "Options": {"Select Size": "4 Gallons"}, "Price Per Each": "56.1900", "Full Price": "56.1900", "Stock Status": "In Stock", "Brand": "Direct Textile Store Amenities", "Category": "Sanitizers and Disinfectants", "Sub Category": "Disinfectant", "Material": "", "Title": "Lemon Disinfectant Neutral Cleaner (4 Gallons)", "Description": "Lemon Disinfectant Neutral Cleaner #91101 is a one-step disinfectant, germicidal cleaner and deodorant designed for use on all washable surfaces involved in institutional and commercial sanitation ...", "Images": ["https://cdn11.bigcommerce.com/s-zd141b7qtp/products/46347/images/159564/lemon-disinfectant-neutral-cleaner-4-gallons-direct-textile-store-amenities__99192.1711020222.386.513.jpg?c=1"], "Url": "https://directtextilestore.com/Lemon-Disinfectant-Neutral-Cleaner"}
{"SKU": "NI046", "Type": "", "Size": "10 Oz Cans", "Color": "", "Options": {"Main Option": "Amenities", "Fragrance": "Ocean Breeze", "Size": "10 Oz Cans", "CHOOSE PACK SIZE": "Case of (12) Pieces"}, "Price Per Each": "4.13", "Full Price": "49.5600", "Stock Status": "In Stock", "Brand": "Direct Textile Store Amenities", "Category": "Sanitizers and Disinfectants", "Sub Category": "Cleaning Supplies", "Material": "", "Title": "NiloSmoke Smoke Odor Eliminator", "Description": "Nilosmoke's fast acting, patented odor neutralizer and pleasant fragrance combine to eliminate stale odors caused by cigarette and cigar smoke. It's also highly effective when used after small ...", "Images": ["https://cdn11.bigcommerce.com/s-zd141b7qtp/products/46844/images/158744/nilosmoke-smoke-odor-eliminator-direct-textile-store-amenities__76571.1709722770.386.513.jpg?c=1"], "Url": "https://directtextilestore.com/NiloSmoke-Smoke-Odor-Eliminator"}
{"SKU": "CS-PALM-01410-plus", "Type": "", "Size": "3 Oz Bottle", "Color": "", "Options": {"Main Option": "Options", "Description": "Dishwashing Liquid", "Size": "3 Oz Bottle", "CHOOSE PACK SIZE": "Case of (72) Pieces"}, "Price Per Each": "1.19", "Full Price": "85.3800", "Stock Status": "In Stock", "Brand": "Direct Textile Store Amenities", "Category": "", "Sub Category": "", "Material": "", "Title": "Palmolive Dishwashing Liquid - 72 pack", "Description": "Discover the convenience of Palmolive Dishwashing Liquid, available in an efficient bulk format ideal for hotels. This disposable packaging offers a perfect single-use solution, ensuring ease and ...", "Images": ["https://cdn11.bigcommerce.com/s-zd141b7qtp/products/46883/images/158504/palmolive-dishwashing-liquid-72-pack-direct-textile-store-amenities__67286.1709722442.386.513.jpg?c=1", "https://cdn11.bigcommerce.com/s-zd141b7qtp/products/46883/images/158597/palmolive-dishwashing-liquid-72-pack-direct-textile-store-amenities__58879.1709722635.386.513.jpg?c=1"], "Url": "https://directtextilestore.com/Palmolive-Dishwashing-Liquid-72-pack"}
{"SKU": "BRS-1040", "Type": "", "Size": "(3) 144 oz bottles", "Color": "", "Options": {"Select Size": "(3) 144 oz bottles"}, "Price Per Each": "54.3900", "Full Price": "54.3900", "Stock Status": "In Stock", "Brand": "Direct Textile Store Amenities", "Category": "Sanitizers and Disinfectants", "Sub Category": "Disinfectant", "Material": "", "Title": "PINE-SOL Cleaner, Disinfectant & Deodorizer (3) 144oz Bottles", "Description": "EPA-registered disinfectant formula. Cleans and deodorizes floors, countertops, tile sinks, garbage cans etc. Degreases, cleans and removes soap scum, dirt and stains from hard surfaces. ...", "Images": ["https://cdn11.bigcommerce.com/s-zd141b7qtp/products/46350/images/159671/pine-sol-cleaner-disinfectant-and-deodorizer-3-144oz-bottles-direct-textile-store-amenities__77867.1711020423.386.513.jpg?c=1"], "Url": "https://directtextilestore.com/PINE-SOL-Cleaner-Disinfectant-Deodorizer"}
{"SKU": "CS-15791_7757", "Type": "", "Size": "", "Color": "", "Options": {"Select Options": "Case of 2,500 - 3 oz Waxed Cup"}, "Price Per Each": "101.8800", "Full Price": "101.8800", "Stock Status": "In Stock", "Brand": "Direct Textile Store Amenities", "Category": "", "Sub Category": "", "Material": "", "Title": "Pleated Paper Waxed Cups - 3 oz", "Description": "Suitable for cold liquids. Small sizes are ideal for use in restrooms, guest hotel bathrooms, spa locker rooms, and hospital rooms. Perfect for mouth wash, water, juice, or medicine.    Packed ...", "Images": ["https://cdn11.bigcommerce.com/s-zd141b7qtp/products/46863/images/158569/pleated-paper-waxed-cups-3-oz-direct-textile-store-amenities__55393.1709722505.386.513.jpg?c=1"], "Url": "https://directtextilestore.com/Pleated-Paper-Waxed-Cups-3-oz"}
{"SKU": "CS-15788", "Type": "", "Size": "625 Per Box", "Color": "", "Options": {"Main Option": "Options", "Description": "6 Boxes", "Size": "625 Per Box", "CHOOSE PACK SIZE": "Case of (6) Pieces"}, "Price Per Each": "4.60", "Full Price": "27.6000", "Stock Status": "In Stock", "Brand": "Direct Textile Store Amenities", "Category": "", "Sub Category": "", "Material": "100% Cotton", "Title": "Q-Tips 100% Cotton Swabs - 6 Pack/625 Ct", "Description": "100% Cotton Swab Q-Tips are an essential beauty amenity item that offer unparalleled versatility for a wide range of cosmetic applications. Designed to safely and precisely apply, blend, touch up, ...", "Images": ["https://cdn11.bigcommerce.com/s-zd141b7qtp/products/46894/images/158481/q-tips-100percent-cotton-swabs-6-pack625-ct-direct-textile-store-amenities__36081.1709722421.386.513.jpg?c=1"], "Url": "https://directtextilestore.com/Q-Tips-100-Cotton-Swabs-6-Pack-625-Ct"}
{"SKU": "CS-15821_7814", "Type": "", "Size": "", "Color": "", "Options": {"Select Options": "Quantity of 90 - 4 MM Hair Elastics"}, "Price Per Each": "9.5500", "Full Price": "9.5500", "Stock Status": "In Stock", "Brand": "Direct Textile Store Amenities", "Category": "", "Sub Category": "", "Material": "", "Title": "Scunci No Damage Hair Elastics 4 MM - 90 Pack", "Description": "Scunci effortless beauty no-damage 4mm black elastics are ideal for spa treatment rooms and as guest amenities. Slide into any situation without worrying about hair slippage. An Elastic created ...", "Images": ["https://cdn11.bigcommerce.com/s-zd141b7qtp/products/46900/images/151862/scunci-no-damage-hair-elastics-4-mm-90-pack-direct-textile-store-amenities__76789.1706024074.386.513.jpg?c=1"], "Url": "https://directtextilestore.com/Scunci-No-Damage-Hair-Elastics-4-MM-90-Pack"}
{"SKU": "CS-STIR-JP121_7778", "Type": "", "Size": "", "Color": "", "Options": {"Select Options": "Case of 1,000 5.5\" Coffee Stirrers"}, "Price Per Each": "4.6300", "Full Price": "4.6300", "Stock Status": "In Stock", "Brand": "Direct Textile Store Amenities", "Category": "", "Sub Category": "", "Material": "", "Title": "Small Plastic Coffee Stirrers 5.5inch", "Description": "Small Plastic Coffee Stirrers are ideal for hotels, salons, spa lounge areas, hotel lobbies, guest rooms or on-the-go. Keep your costs down by providing stirrers with your coffee service by ...", "Images": ["https://cdn11.bigcommerce.com/s-zd141b7qtp/products/46881/images/158598/small-plastic-coffee-stirrers-5.5inch-direct-textile-store-amenities__79932.1709722636.386.513.jpg?c=1"], "Url": "https://directtextilestore.com/Small-Plastic-Coffee-Stirrers-5.5inch"}
{"SKU": "CS-17783", "Type": "", "Size": "Pre-Pasted Toothbrush", "Color": "", "Options": {"Main Option": "Options", "Description": "Toothbrushes", "Size": "Pre-Pasted Toothbrush", "CHOOSE PACK SIZE": "Case of (144) Pieces"}, "Price Per Each": "0.43", "Full Price": "61.8800", "Stock Status": "In Stock", "Brand": "Direct Textile Store Amenities", "Category": "", "Sub Category": "", "Material": "", "Title": "Smilesaver Pre-Pasted Disposable Toothbrushes", "Description": "Smilesaver Pre-Pasted Toothbrushes are designed to cater to the needs of hotel guests, as well as spa and salon locker rooms.Unlike other pre-pasted options, these brushes feature a fresh ...", "Images": ["https://cdn11.bigcommerce.com/s-zd141b7qtp/products/46862/images/158822/smilesaver-pre-pasted-disposable-toothbrushes-direct-textile-store-amenities__73857.1709723083.386.513.jpg?c=1"], "Url": "https://directtextilestore.com/Smilesaver-Pre-Pasted-Disposable-Toothbrushes"}
{"SKU": "150247", "Type": "", "Size": "3.4 Oz | Tube", "Color": "", "Options": {"Size": "3.4 Oz | Tube", "CHOOSE PACK SIZE": "Case of (6) Pieces"}, "Price Per Each": "4.67", "Full Price": "28.0100", "Stock Status": "In Stock", "Brand": "Direct Textile Store Amenities", "Category": "Body Lotion", "Sub Category": "Baby Lotion", "Material": "", "Title": "Snuggle Time Bulk Body Lotion For Babies - Pack Of 6", "Description": "Snuggle Time Bulk Body Lotion For Babies. Indulge your little angel with Snuggle Time Body Lotion, the perfect daily moisturizing cream designed with sensitive skin in mind.This baby body lotion ...", "Images": ["https://cdn11.bigcommerce.com/s-zd141b7qtp/products/48622/images/155925/snuggle-time-bulk-body-lotion-for-babies-pack-of-6-direct-textile-store-amenities__75567.1707386852.386.513.jpg?c=1", "https://cdn11.bigcommerce.com/s-zd141b7qtp/products/48622/images/155931/snuggle-time-bulk-body-lotion-for-babies-pack-of-6-direct-textile-store-amenities__04947.1707386858.386.513.jpg?c=1", "https://cdn11.bigcommerce.com/s-zd141b7qtp/products/48622/images/155944/snuggle-time-bulk-body-lotion-for-babies-pack-of-6-direct-textile-store-amenities__27272.1707386871.386.513.jpg?c=1", "https://cdn11.bigcommerce.com/s-zd141b7qtp/products/48622/images/155922/snuggle-time-bulk-body-lotion-for-babies-pack-of-6-direct-textile-store-amenities__45675.1707386848.386.513.jpg?c=1"], "Url": "https://directtextilestore.com/snuggle-time-bulk-body-lotion-for-babies-pack-of-6/"}
{"SKU": "1000010490", "Type": "", "Size": "16.9 Oz | Pump Bottle", "Color": "", "Options": {"Size": "16.9 Oz | Pump Bottle", "CHOOSE PACK SIZE": "Case of (6) Pieces"}, "Price Per Each": "14.71", "Full Price": "88.2800", "Stock Status": "In Stock", "Brand": "Direct Textile Store Amenities", "Category": "Body Lotion", "Sub Category": "Baby Lotion", "Material": "", "Title": "Snuggle Time Bulk Body Lotion For Babies - Pack Of 6", "Description": "Snuggle Time Bulk Body Lotion For Babies. Indulge your little angel with Snuggle Time Body Lotion, the perfect daily moisturizing cream designed with sensitive skin in mind.This baby body lotion ...", "Images": ["https://cdn11.bigcommerce.com/s-zd141b7qtp/products/48622/images/155925/snuggle-time-bulk-body-lotion-for-babies-pack-of-6-direct-textile-store-amenities__75567.1707386852.386.513.jpg?c=1", "https://cdn11.bigcommerce.com/s-zd141b7qtp/products/48622/images/155931/snuggle-time-bulk-body-lotion-for-babies-pack-of-6-direct-textile-store-amenities__04947.1707386858.386.513.jpg?c=1", "https://cdn11.bigcommerce.com/s-zd141b7qtp/products/48622/images/155944/snuggle-time-bulk-body-lotion-for-babies-pack-of-6-direct-textile-store-amenities__27272.1707386871.386.513.jpg?c=1", "https://cdn11.bigcommerce.com/s-zd141b7qtp/products/48622/images/155922/snuggle-time-bulk-body-lotion-for-babies-pack-of-6-direct-textile-store-amenities__45675.1707386848.386.513.jpg?c=1"], "Url": "https://directtextilestore.com/snuggle-time-bulk-body-lotion-for-babies-pack-of-6/"}
{"SKU": "CS-SOLARIS-FT-11516", "Type": "", "Size": "", "Color": "", "Options": {"Select Options": "Case of 36 Tissue Boxes/90 Sheets (+$2.19)"}, "Price Per Each": "40.3100", "Full Price": "40.3100", "Stock Status": "In Stock", "Brand": "Direct Textile Store Amenities", "Category": "Cleaning Supplies", "Sub Category": "Microfiber Cleaning Products", "Material": "", "Title": "Solaris Paper Livi VPG Select Facial Tissue", "Description": "Solaris Paper Livi VPG Select Facial Tissue is well-suited for use on any public or private washroom, counter or desk from those in class A commercial offices and fashionable retail stores, to ...", "Images": ["https://cdn11.bigcommerce.com/s-zd141b7qtp/products/46874/images/158732/solaris-paper-livi-vpg-select-facial-tissue-direct-textile-store-amenities__95614.1709722760.386.513.jpg?c=1", "https://cdn11.bigcommerce.com/s-zd141b7qtp/products/46874/images/158464/solaris-paper-livi-vpg-select-facial-tissue-direct-textile-store-amenities__73647.1709722404.386.513.jpg?c=1"], "Url": "https://directtextilestore.com/Solaris-Paper-Livi-VPG-Select-Facial-Tissue"}
{"SKU": "CS-SOLARIS-FT-11513", "Type": "", "Size": "", "Color": "", "Options": {"Select Options": "Case of 30 Flat Boxes/100 Sheets"}, "Price Per Each": "67.2500", "Full Price": "67.2500", "Stock Status": "In Stock", "Brand": "Direct Textile Store Amenities", "Category": "Cleaning Supplies", "Sub Category": "Microfiber Cleaning Products", "Material": "", "Title": "Solaris Paper Livi VPG Select Facial Tissue", "Description": "Solaris Paper Livi VPG Select Facial Tissue is well-suited for use on any public or private washroom, counter or desk from those in class A commercial offices and fashionable retail stores, to ...", "Images": ["https://cdn11.bigcommerce.com/s-zd141b7qtp/products/46874/images/158732/solaris-paper-livi-vpg-select-facial-tissue-direct-textile-store-amenities__95614.1709722760.386.513.jpg?c=1", "https://cdn11.bigcommerce.com/s-zd141b7qtp/products/46874/images/158464/solaris-paper-livi-vpg-select-facial-tissue-direct-textile-store-amenities__73647.1709722404.386.513.jpg?c=1"], "Url": "https://directtextilestore.com/Solaris-Paper-Livi-VPG-Select-Facial-Tissue"}
{"SKU": "CS-SOLARIS-18755", "Type": "", "Size": "420 Sheet Roll", "Color": "", "Options": {"Main Option": "Options", "Description": "Toilet Tissue", "Size": "420 Sheet Roll", "CHOOSE PACK SIZE": "Case of (60) Pieces"}, "Price Per Each": "1.08", "Full Price": "65.0000", "Stock Status": "In Stock", "Brand": "Direct Textile Store Amenities", "Category": "Cleaning Supplies", "Sub Category": "Microfiber Cleaning Products", "Material": "", "Title": "Solaris Paper Livi VPG Select Toilet Tissue 2/ply", "Description": "Solaris Paper Livi VPG Select Toilet Tissue 2/ply is individually wrapped with an attractive white and blue wrapper that is well-suited for use in any public or private washroom, from those in ...", "Images": ["https://cdn11.bigcommerce.com/s-zd141b7qtp/products/46872/images/158517/solaris-paper-livi-vpg-select-toilet-tissue-2ply-direct-textile-store-amenities__78843.1709722454.386.513.jpg?c=1"], "Url": "https://directtextilestore.com/SOLARIS-PAPER-LIVI-VPG-SELECT-TOILET-TISSUE-2-PLY"}
{"SKU": "CS-SPLENDA-TR036_7776", "Type": "", "Size": "", "Color": "", "Options": {"Select Options": "Case of 1,200 Single Splenda Packets"}, "Price Per Each": "25.8400", "Full Price": "25.8400", "Stock Status": "In Stock", "Brand": "Direct Textile Store Amenities", "Category": "", "Sub Category": "", "Material": "", "Title": "Splenda Sugar Substitute", "Description": "Splenda Sugar Substitute is ideal for hotels, salons, spa lounge areas, hotel lobbies, guest rooms or on-the-go. Splenda Sugar Substitute is a no calorie sweetener. Splenda Sugar Substitute ...", "Images": ["https://cdn11.bigcommerce.com/s-zd141b7qtp/products/46879/images/161032/splenda-sugar-substitute-direct-textile-store-amenities__75184.1712320086.386.513.jpg?c=1", "https://cdn11.bigcommerce.com/s-zd141b7qtp/products/46879/images/161089/splenda-sugar-substitute-direct-textile-store-amenities__25660.1712320155.386.513.jpg?c=1"], "Url": "https://directtextilestore.com/Splenda-Sugar-Substitute"}
{"SKU": "CS-RAW-TR010_7774", "Type": "", "Size": "", "Color": "", "Options": {"Select Options": "Case of 500 Single Sugar in the Raw Packets"}, "Price Per Each": "14.0600", "Full Price": "14.0600", "Stock Status": "In Stock", "Brand": "Direct Textile Store Amenities", "Category": "", "Sub Category": "", "Material": "", "Title": "Sugar-in-the-Raw", "Description": "Sugar-in-the-Raw® is ideal for hotels, salons, spa lounge areas, hotel lobbies, guest rooms or on-the-go. Sugar-in-the-Raw® is not bleached or over processed. Made from natural cane turbinado ...", "Images": ["https://cdn11.bigcommerce.com/s-zd141b7qtp/products/46878/images/161276/sugarinthe_raw_500ct__28085.1712344406.386.513.jpg?c=1", "https://cdn11.bigcommerce.com/s-zd141b7qtp/products/46878/images/161277/sugarintheraw__98667.1712344406.386.513.jpg?c=1"], "Url": "https://directtextilestore.com/Sugar-in-the-Raw"}
{"SKU": "CS-TAZO-TR110", "Type": "", "Size": "", "Color": "", "Options": {"Select Flavor": "Quantity of 120 Calm Tea Bags"}, "Price Per Each": "56.5500", "Full Price": "56.5500", "Stock Status": "In Stock", "Brand": "Direct Textile Store Amenities", "Category": "", "Sub Category": "", "Material": "", "Title": "Tazo Tea - Hot Tea in Filter Bags", "Description": "Give your guests the relaxing cup of Deacf Tazo Tea - Hot Tea in Filter Bags. Ideal for spas, hotel rooms, salons, and hotel lobbies. A cup of fresh brewed Tazo created from filter bags is a ...", "Images": ["https://cdn11.bigcommerce.com/s-zd141b7qtp/products/46904/images/158762/tazo-tea-hot-tea-in-filter-bags-direct-textile-store-amenities__13667.1709723014.386.513.jpg?c=1", "https://cdn11.bigcommerce.com/s-zd141b7qtp/products/46904/images/158601/tazo-tea-hot-tea-in-filter-bags-direct-textile-store-amenities__36621.1709722639.386.513.jpg?c=1", "https://cdn11.bigcommerce.com/s-zd141b7qtp/products/46904/images/158700/tazo-tea-hot-tea-in-filter-bags-direct-textile-store-amenities__82260.1709722730.386.513.jpg?c=1"], "Url": "https://directtextilestore.com/Tazo-Tea-Hot-Tea-in-Filter-Bags"}
{"SKU": "CS-TAZO-TR105", "Type": "", "Size": "", "Color": "", "Options": {"Select Flavor": "Quantity of 120 Refresh Tea Bags"}, "Price Per Each": "58.6300", "Full Price": "58.6300", "Stock Status": "In Stock", "Brand": "Direct Textile Store Amenities", "Category": "", "Sub Category": "", "Material": "", "Title": "Tazo Tea - Hot Tea in Filter Bags", "Description": "Give your guests the relaxing cup of Deacf Tazo Tea - Hot Tea in Filter Bags. Ideal for spas, hotel rooms, salons, and hotel lobbies. A cup of fresh brewed Tazo created from filter bags is a ...", "Images": ["https://cdn11.bigcommerce.com/s-zd141b7qtp/products/46904/images/158762/tazo-tea-hot-tea-in-filter-bags-direct-textile-store-amenities__13667.1709723014.386.513.jpg?c=1", "https://cdn11.bigcommerce.com/s-zd141b7qtp/products/46904/images/158601/tazo-tea-hot-tea-in-filter-bags-direct-textile-store-amenities__36621.1709722639.386.513.jpg?c=1", "https://cdn11.bigcommerce.com/s-zd141b7qtp/products/46904/images/158700/tazo-tea-hot-tea-in-filter-bags-direct-textile-store-amenities__82260.1709722730.386.513.jpg?c=1"], "Url": "https://directtextilestore.com/Tazo-Tea-Hot-Tea-in-Filter-Bags"}
{"SKU": "CS-TAZO-TR140", "Type": "", "Size": "", "Color": "", "Options": {"Select Flavor": "Quantity of 144 Decaf Green Tea Bags"}, "Price Per Each": "45.7600", "Full Price": "45.7600", "Stock Status": "In Stock", "Brand": "Direct Textile Store Amenities", "Category": "", "Sub Category": "", "Material": "", "Title": "Tazo Tea - Hot Tea in Filter Bags", "Description": "Give your guests the relaxing cup of Deacf Tazo Tea - Hot Tea in Filter Bags. Ideal for spas, hotel rooms, salons, and hotel lobbies. A cup of fresh brewed Tazo created from filter bags is a ...", "Images": ["https://cdn11.bigcommerce.com/s-zd141b7qtp/products/46904/images/158762/tazo-tea-hot-tea-in-filter-bags-direct-textile-store-amenities__13667.1709723014.386.513.jpg?c=1", "https://cdn11.bigcommerce.com/s-zd141b7qtp/products/46904/images/158601/tazo-tea-hot-tea-in-filter-bags-direct-textile-store-amenities__36621.1709722639.386.513.jpg?c=1", "https://cdn11.bigcommerce.com/s-zd141b7qtp/products/46904/images/158700/tazo-tea-hot-tea-in-filter-bags-direct-textile-store-amenities__82260.1709722730.386.513.jpg?c=1"], "Url": "https://directtextilestore.com/Tazo-Tea-Hot-Tea-in-Filter-Bags"}
{"SKU": "CS-110230", "Type": "", "Size": "8\" For 24 Oz Bottles", "Color": "White And Blue", "Options": {"Main Option": "Options", "Color": "White And Blue", "Size": "8\" For 24 Oz Bottles", "CHOOSE PACK SIZE": "Case of (12) Pieces"}, "Price Per Each": "0.78", "Full Price": "9.3000", "Stock Status": "In Stock", "Brand": "Direct Textile Store Amenities", "Category": "Cleaning Supplies", "Sub Category": "Microfiber Cleaning Products", "Material": "", "Title": "Trigger Sprayer, Blue/White - 12 Pack", "Description": "This trigger sprayer in blue and white sold in bulk for general purpose use. It is resistant to common janitorial chemicals. The outer body protects piston assembly to prevent damage during use ...", "Images": ["https://cdn11.bigcommerce.com/s-zd141b7qtp/products/46892/images/153834/trigger-sprayer-bluewhite-12-pack-direct-textile-store-amenities__37620.1706026712.386.513.jpg?c=1"], "Url": "https://directtextilestore.com/Trigger-Sprayer-Blue-White-12-Pack"}
{"SKU": "BRS-15349", "Type": "", "Size": {}, "Color": {}, "Options": {}, "Price Per Each": "", "Full Price": "", "Stock Status": "In Stock", "Brand": "Direct Textile Store Amenities", "Category": "Sanitizers and Disinfectants", "Sub Category": "Cleaning Supplies", "Material": {}, "Title": "Triple Bottle Wall Mount Hand Sanitizer Dispensers", "Description": "TRIPLE BOTTLE WALL MOUNT LOCKING INSTANT HAND SANITIZER DISPENSER WALL UNIT is the perfect Hand Sanitizer Station solution. It allows convenient dispensing while the locking feature ensures the ...", "Images": ["https://cdn11.bigcommerce.com/s-zd141b7qtp/products/46343/images/159925/triple-bottle-wall-mount-hand-sanitizer-dispensers-direct-textile-store-amenities__14534.1711020855.386.513.jpg?c=1"], "Url": "https://directtextilestore.com/Triple-Bottle-Wall-Mount-Hand-Sanitizer-Dispensers"}
