{"SKU": "GRPDOV-68899039", "Type": "", "Size": "0.88 Oz.", "Color": "", "Options": {"Main Option": "Amenities", "Description": "Dove Bar Soap", "Size": "0.88 Oz.", "CHOOSE PACK SIZE": "Case of (288) Pieces"}, "Price Per Each": "0.31", "Full Price": "88.3200", "Stock Status": "In Stock", "Brand": "Dove", "Category": "", "Sub Category": "", "Material": "", "Title": "Dove Bar Soap Wholesale, Travel Size Case of 288", "Description": "Direct Textile Store offers travel size Dove Bar Soap Wholesale that is perfect to use for hotel hand soap and body wash. Gentle on skin, these small soap bars in bulk are made with nourishing ...", "Images": ["https://cdn11.bigcommerce.com/s-zd141b7qtp/products/47386/images/152022/dove-bar-soap-wholesale-travel-size-case-of-288__94326.1706024283.386.513.jpg?c=1", "https://cdn11.bigcommerce.com/s-zd141b7qtp/products/47386/images/146692/dove-bar-soap-wholesale-travel-size-case-of-288__39604.1706016939.386.513.jpg?c=1", "https://cdn11.bigcommerce.com/s-zd141b7qtp/products/47386/images/149000/dove-bar-soap-wholesale-travel-size-case-of-288__64252.1706020064.386.513.jpg?c=1"], "Url": "https://directtextilestore.com/Dove-Bar-Soap-Wholesale-Case-of-288"}
{"SKU": "GRPDOV-69706958", "Type": "", "Size": "5L", "Color": "", "Options": {"Main Option": "Amenities", "Description": "Dove Hand Wash", "Size": "5L", "CHOOSE PACK SIZE": "Case of (3) Pieces"}, "Price Per Each": "28.61", "Full Price": "85.8400", "Stock Status": "In Stock", "Brand": "Dove", "Category": "", "Sub Category": "", "Material": "", "Title": "Dove Body Wash in Bulk, 5L - Case of 3", "Description": "Improve your your guests' experience with the exquisite Dove Body Wash Wholesale, a highlight among our low-cost body care items. Dove body washes with nourishing formulations provide a pampering ...", "Images": ["https://cdn11.bigcommerce.com/s-zd141b7qtp/products/47390/images/153360/dove-body-wash-in-bulk-5l-case-of-3__05725.1706026109.386.513.jpg?c=1", "https://cdn11.bigcommerce.com/s-zd141b7qtp/products/47390/images/149508/dove-body-wash-in-bulk-5l-case-of-3__13714.1706020749.386.513.jpg?c=1", "https://cdn11.bigcommerce.com/s-zd141b7qtp/products/47390/images/152006/dove-body-wash-in-bulk-5l-case-of-3__58795.1706024266.386.513.jpg?c=1", "https://cdn11.bigcommerce.com/s-zd141b7qtp/products/47390/images/147864/dove-body-wash-in-bulk-5l-case-of-3__79321.1706018522.386.513.jpg?c=1", "https://cdn11.bigcommerce.com/s-zd141b7qtp/products/47390/images/147707/dove-body-wash-in-bulk-5l-case-of-3__95735.1706018304.386.513.jpg?c=1", "https://cdn11.bigcommerce.com/s-zd141b7qtp/products/47390/images/147030/dove-body-wash-in-bulk-5l-case-of-3__87960.1706017407.386.513.jpg?c=1"], "Url": "https://directtextilestore.com/Dove-Body-Wash-in-Bulk-5L-Case-of-3"}
{"SKU": "GRPDOV-69706955", "Type": "", "Size": "5L", "Color": "", "Options": {"Main Option": "Amenities", "Description": "Dove Body Wash", "Size": "5L", "CHOOSE PACK SIZE": "Case of (3) Pieces"}, "Price Per Each": "28.61", "Full Price": "85.8400", "Stock Status": "In Stock", "Brand": "Dove", "Category": "", "Sub Category": "", "Material": "", "Title": "Dove Body Wash in Bulk, 5L - Case of 3", "Description": "Improve your your guests' experience with the exquisite Dove Body Wash Wholesale, a highlight among our low-cost body care items. Dove body washes with nourishing formulations provide a pampering ...", "Images": ["https://cdn11.bigcommerce.com/s-zd141b7qtp/products/47390/images/153360/dove-body-wash-in-bulk-5l-case-of-3__05725.1706026109.386.513.jpg?c=1", "https://cdn11.bigcommerce.com/s-zd141b7qtp/products/47390/images/149508/dove-body-wash-in-bulk-5l-case-of-3__13714.1706020749.386.513.jpg?c=1", "https://cdn11.bigcommerce.com/s-zd141b7qtp/products/47390/images/152006/dove-body-wash-in-bulk-5l-case-of-3__58795.1706024266.386.513.jpg?c=1", "https://cdn11.bigcommerce.com/s-zd141b7qtp/products/47390/images/147864/dove-body-wash-in-bulk-5l-case-of-3__79321.1706018522.386.513.jpg?c=1", "https://cdn11.bigcommerce.com/s-zd141b7qtp/products/47390/images/147707/dove-body-wash-in-bulk-5l-case-of-3__95735.1706018304.386.513.jpg?c=1", "https://cdn11.bigcommerce.com/s-zd141b7qtp/products/47390/images/147030/dove-body-wash-in-bulk-5l-case-of-3__87960.1706017407.386.513.jpg?c=1"], "Url": "https://directtextilestore.com/Dove-Body-Wash-in-Bulk-5L-Case-of-3"}
{"SKU": "GRPDOV-68739024", "Type": "", "Size": "5L", "Color": "", "Options": {"Main Option": "Amenities", "Description": "Dove Shampoo", "Size": "5L", "CHOOSE PACK SIZE": "Case of (3) Pieces"}, "Price Per Each": "28.61", "Full Price": "85.8400", "Stock Status": "In Stock", "Brand": "Dove", "Category": "", "Sub Category": "", "Material": "", "Title": "Dove Body Wash in Bulk, 5L - Case of 3", "Description": "Improve your your guests' experience with the exquisite Dove Body Wash Wholesale, a highlight among our low-cost body care items. Dove body washes with nourishing formulations provide a pampering ...", "Images": ["https://cdn11.bigcommerce.com/s-zd141b7qtp/products/47390/images/153360/dove-body-wash-in-bulk-5l-case-of-3__05725.1706026109.386.513.jpg?c=1", "https://cdn11.bigcommerce.com/s-zd141b7qtp/products/47390/images/149508/dove-body-wash-in-bulk-5l-case-of-3__13714.1706020749.386.513.jpg?c=1", "https://cdn11.bigcommerce.com/s-zd141b7qtp/products/47390/images/152006/dove-body-wash-in-bulk-5l-case-of-3__58795.1706024266.386.513.jpg?c=1", "https://cdn11.bigcommerce.com/s-zd141b7qtp/products/47390/images/147864/dove-body-wash-in-bulk-5l-case-of-3__79321.1706018522.386.513.jpg?c=1", "https://cdn11.bigcommerce.com/s-zd141b7qtp/products/47390/images/147707/dove-body-wash-in-bulk-5l-case-of-3__95735.1706018304.386.513.jpg?c=1", "https://cdn11.bigcommerce.com/s-zd141b7qtp/products/47390/images/147030/dove-body-wash-in-bulk-5l-case-of-3__87960.1706017407.386.513.jpg?c=1"], "Url": "https://directtextilestore.com/Dove-Body-Wash-in-Bulk-5L-Case-of-3"}
{"SKU": "GRPDOV-68739028", "Type": "", "Size": "5L", "Color": "", "Options": {"Main Option": "Amenities", "Description": "Dove Conditioner", "Size": "5L", "CHOOSE PACK SIZE": "Case of (3) Pieces"}, "Price Per Each": "28.61", "Full Price": "85.8400", "Stock Status": "In Stock", "Brand": "Dove", "Category": "", "Sub Category": "", "Material": "", "Title": "Dove Body Wash in Bulk, 5L - Case of 3", "Description": "Improve your your guests' experience with the exquisite Dove Body Wash Wholesale, a highlight among our low-cost body care items. Dove body washes with nourishing formulations provide a pampering ...", "Images": ["https://cdn11.bigcommerce.com/s-zd141b7qtp/products/47390/images/153360/dove-body-wash-in-bulk-5l-case-of-3__05725.1706026109.386.513.jpg?c=1", "https://cdn11.bigcommerce.com/s-zd141b7qtp/products/47390/images/149508/dove-body-wash-in-bulk-5l-case-of-3__13714.1706020749.386.513.jpg?c=1", "https://cdn11.bigcommerce.com/s-zd141b7qtp/products/47390/images/152006/dove-body-wash-in-bulk-5l-case-of-3__58795.1706024266.386.513.jpg?c=1", "https://cdn11.bigcommerce.com/s-zd141b7qtp/products/47390/images/147864/dove-body-wash-in-bulk-5l-case-of-3__79321.1706018522.386.513.jpg?c=1", "https://cdn11.bigcommerce.com/s-zd141b7qtp/products/47390/images/147707/dove-body-wash-in-bulk-5l-case-of-3__95735.1706018304.386.513.jpg?c=1", "https://cdn11.bigcommerce.com/s-zd141b7qtp/products/47390/images/147030/dove-body-wash-in-bulk-5l-case-of-3__87960.1706017407.386.513.jpg?c=1"], "Url": "https://directtextilestore.com/Dove-Body-Wash-in-Bulk-5L-Case-of-3"}
{"SKU": "GRPDOV-68739026", "Type": "", "Size": "5L", "Color": "", "Options": {"Main Option": "Amenities", "Description": "Dove Body Lotion", "Size": "5L", "CHOOSE PACK SIZE": "Case of (3) Pieces"}, "Price Per Each": "28.61", "Full Price": "85.8400", "Stock Status": "In Stock", "Brand": "Dove", "Category": "", "Sub Category": "", "Material": "", "Title": "Dove Body Wash in Bulk, 5L - Case of 3", "Description": "Improve your your guests' experience with the exquisite Dove Body Wash Wholesale, a highlight among our low-cost body care items. Dove body washes with nourishing formulations provide a pampering ...", "Images": ["https://cdn11.bigcommerce.com/s-zd141b7qtp/products/47390/images/153360/dove-body-wash-in-bulk-5l-case-of-3__05725.1706026109.386.513.jpg?c=1", "https://cdn11.bigcommerce.com/s-zd141b7qtp/products/47390/images/149508/dove-body-wash-in-bulk-5l-case-of-3__13714.1706020749.386.513.jpg?c=1", "https://cdn11.bigcommerce.com/s-zd141b7qtp/products/47390/images/152006/dove-body-wash-in-bulk-5l-case-of-3__58795.1706024266.386.513.jpg?c=1", "https://cdn11.bigcommerce.com/s-zd141b7qtp/products/47390/images/147864/dove-body-wash-in-bulk-5l-case-of-3__79321.1706018522.386.513.jpg?c=1", "https://cdn11.bigcommerce.com/s-zd141b7qtp/products/47390/images/147707/dove-body-wash-in-bulk-5l-case-of-3__95735.1706018304.386.513.jpg?c=1", "https://cdn11.bigcommerce.com/s-zd141b7qtp/products/47390/images/147030/dove-body-wash-in-bulk-5l-case-of-3__87960.1706017407.386.513.jpg?c=1"], "Url": "https://directtextilestore.com/Dove-Body-Wash-in-Bulk-5L-Case-of-3"}
{"SKU": "GRPDOV-68745611", "Type": "", "Size": "1.01 Oz.", "Color": "", "Options": {"Main Option": "Amenities", "Description": "Dove Shampoo", "Size": "1.01 Oz.", "CHOOSE PACK SIZE": "Case of (192) Pieces"}, "Price Per Each": "0.37", "Full Price": "71.6800", "Stock Status": "In Stock", "Brand": "Dove", "Category": "", "Sub Category": "", "Material": "", "Title": "Mini Dove Shampoo and Conditioner in bulk, 1.01 Oz. - Case of 192", "Description": "Strengthen your hospitality game by purchasing our Mini Dove Shampoo and Conditioner in bulk, which comes in compact 1.01 oz bottles packaged in cases of 192. These travel-friendly products ...", "Images": ["https://cdn11.bigcommerce.com/s-zd141b7qtp/products/47392/images/150120/mini-dove-shampoo-and-conditioner-in-bulk-1.01-oz-case-of-192-dove__15379.1706021543.386.513.jpg?c=1", "https://cdn11.bigcommerce.com/s-zd141b7qtp/products/47392/images/149941/mini-dove-shampoo-and-conditioner-in-bulk-1.01-oz-case-of-192-dove__35742.1706021292.386.513.jpg?c=1", "https://cdn11.bigcommerce.com/s-zd141b7qtp/products/47392/images/147975/mini-dove-shampoo-and-conditioner-in-bulk-1.01-oz-case-of-192-dove__29068.1706018657.386.513.jpg?c=1", "https://cdn11.bigcommerce.com/s-zd141b7qtp/products/47392/images/147515/mini-dove-shampoo-and-conditioner-in-bulk-1.01-oz-case-of-192-dove__18022.1706018055.386.513.jpg?c=1", "https://cdn11.bigcommerce.com/s-zd141b7qtp/products/47392/images/147534/mini-dove-shampoo-and-conditioner-in-bulk-1.01-oz-case-of-192-dove__04805.1706018074.386.513.jpg?c=1", "https://cdn11.bigcommerce.com/s-zd141b7qtp/products/47392/images/148824/mini-dove-shampoo-and-conditioner-in-bulk-1.01-oz-case-of-192-dove__09968.1706019820.386.513.jpg?c=1"], "Url": "https://directtextilestore.com/Dove-Shampoo-and-Conditioner-in-Bulk-1.01-Oz.-Case-of-192"}
{"SKU": "GRPDOV-68745613", "Type": "", "Size": "1.01 Oz.", "Color": "", "Options": {"Main Option": "Amenities", "Description": "Dove Conditioner", "Size": "1.01 Oz.", "CHOOSE PACK SIZE": "Case of (192) Pieces"}, "Price Per Each": "0.37", "Full Price": "71.6800", "Stock Status": "In Stock", "Brand": "Dove", "Category": "", "Sub Category": "", "Material": "", "Title": "Mini Dove Shampoo and Conditioner in bulk, 1.01 Oz. - Case of 192", "Description": "Strengthen your hospitality game by purchasing our Mini Dove Shampoo and Conditioner in bulk, which comes in compact 1.01 oz bottles packaged in cases of 192. These travel-friendly products ...", "Images": ["https://cdn11.bigcommerce.com/s-zd141b7qtp/products/47392/images/150120/mini-dove-shampoo-and-conditioner-in-bulk-1.01-oz-case-of-192-dove__15379.1706021543.386.513.jpg?c=1", "https://cdn11.bigcommerce.com/s-zd141b7qtp/products/47392/images/149941/mini-dove-shampoo-and-conditioner-in-bulk-1.01-oz-case-of-192-dove__35742.1706021292.386.513.jpg?c=1", "https://cdn11.bigcommerce.com/s-zd141b7qtp/products/47392/images/147975/mini-dove-shampoo-and-conditioner-in-bulk-1.01-oz-case-of-192-dove__29068.1706018657.386.513.jpg?c=1", "https://cdn11.bigcommerce.com/s-zd141b7qtp/products/47392/images/147515/mini-dove-shampoo-and-conditioner-in-bulk-1.01-oz-case-of-192-dove__18022.1706018055.386.513.jpg?c=1", "https://cdn11.bigcommerce.com/s-zd141b7qtp/products/47392/images/147534/mini-dove-shampoo-and-conditioner-in-bulk-1.01-oz-case-of-192-dove__04805.1706018074.386.513.jpg?c=1", "https://cdn11.bigcommerce.com/s-zd141b7qtp/products/47392/images/148824/mini-dove-shampoo-and-conditioner-in-bulk-1.01-oz-case-of-192-dove__09968.1706019820.386.513.jpg?c=1"], "Url": "https://directtextilestore.com/Dove-Shampoo-and-Conditioner-in-Bulk-1.01-Oz.-Case-of-192"}
{"SKU": "GRPDOV-68745614", "Type": "", "Size": "1.01 Oz.", "Color": "", "Options": {"Main Option": "Amenities", "Description": "Dove Body Lotion", "Size": "1.01 Oz.", "CHOOSE PACK SIZE": "Case of (192) Pieces"}, "Price Per Each": "0.37", "Full Price": "71.6800", "Stock Status": "In Stock", "Brand": "Dove", "Category": "", "Sub Category": "", "Material": "", "Title": "Mini Dove Shampoo and Conditioner in bulk, 1.01 Oz. - Case of 192", "Description": "Strengthen your hospitality game by purchasing our Mini Dove Shampoo and Conditioner in bulk, which comes in compact 1.01 oz bottles packaged in cases of 192. These travel-friendly products ...", "Images": ["https://cdn11.bigcommerce.com/s-zd141b7qtp/products/47392/images/150120/mini-dove-shampoo-and-conditioner-in-bulk-1.01-oz-case-of-192-dove__15379.1706021543.386.513.jpg?c=1", "https://cdn11.bigcommerce.com/s-zd141b7qtp/products/47392/images/149941/mini-dove-shampoo-and-conditioner-in-bulk-1.01-oz-case-of-192-dove__35742.1706021292.386.513.jpg?c=1", "https://cdn11.bigcommerce.com/s-zd141b7qtp/products/47392/images/147975/mini-dove-shampoo-and-conditioner-in-bulk-1.01-oz-case-of-192-dove__29068.1706018657.386.513.jpg?c=1", "https://cdn11.bigcommerce.com/s-zd141b7qtp/products/47392/images/147515/mini-dove-shampoo-and-conditioner-in-bulk-1.01-oz-case-of-192-dove__18022.1706018055.386.513.jpg?c=1", "https://cdn11.bigcommerce.com/s-zd141b7qtp/products/47392/images/147534/mini-dove-shampoo-and-conditioner-in-bulk-1.01-oz-case-of-192-dove__04805.1706018074.386.513.jpg?c=1", "https://cdn11.bigcommerce.com/s-zd141b7qtp/products/47392/images/148824/mini-dove-shampoo-and-conditioner-in-bulk-1.01-oz-case-of-192-dove__09968.1706019820.386.513.jpg?c=1"], "Url": "https://directtextilestore.com/Dove-Shampoo-and-Conditioner-in-Bulk-1.01-Oz.-Case-of-192"}
{"SKU": "GRPDOV-69706969", "Type": "", "Size": "8.11 Oz.", "Color": "", "Options": {"Main Option": "Amenities", "Description": "Dove Hand Wash", "Size": "8.11 Oz.", "CHOOSE PACK SIZE": "Case of (24) Pieces"}, "Price Per Each": "2.88", "Full Price": "69.1200", "Stock Status": "In Stock", "Brand": "Dove", "Category": "", "Sub Category": "", "Material": "", "Title": "Wholesale Dove Body Wash, 8.11 Oz. - Case of 24", "Description": "Experience Wholesale Dove Body Wash, Hand Wash, Shampoo, Conditioner, and Body Lotion collection, carefully formulated to provide a gentle and nourishing cleanse that leaves your skin irresistibly ...", "Images": ["https://cdn11.bigcommerce.com/s-zd141b7qtp/products/47391/images/157253/wholesale-dove-body-wash-8.11-oz-case-of-24-dove__69834.1708425617.386.513.jpg?c=1", "https://cdn11.bigcommerce.com/s-zd141b7qtp/products/47391/images/157820/wholesale-dove-body-wash-8.11-oz-case-of-24-dove__45192.1708426544.386.513.jpg?c=1", "https://cdn11.bigcommerce.com/s-zd141b7qtp/products/47391/images/157602/wholesale-dove-body-wash-8.11-oz-case-of-24-dove__60608.1708426142.386.513.jpg?c=1", "https://cdn11.bigcommerce.com/s-zd141b7qtp/products/47391/images/157538/wholesale-dove-body-wash-8.11-oz-case-of-24-dove__35496.1708426080.386.513.jpg?c=1", "https://cdn11.bigcommerce.com/s-zd141b7qtp/products/47391/images/157646/wholesale-dove-body-wash-8.11-oz-case-of-24-dove__90401.1708426277.386.513.jpg?c=1"], "Url": "https://directtextilestore.com/Wholesale-Dove-Body-Wash-8.11-Oz.-Case-of-24"}
{"SKU": "GRPDOV-68739030", "Type": "", "Size": "8.11 Oz.", "Color": "", "Options": {"Main Option": "Amenities", "Description": "Dove Body Wash", "Size": "8.11 Oz.", "CHOOSE PACK SIZE": "Case of (24) Pieces"}, "Price Per Each": "2.88", "Full Price": "69.1200", "Stock Status": "In Stock", "Brand": "Dove", "Category": "", "Sub Category": "", "Material": "", "Title": "Wholesale Dove Body Wash, 8.11 Oz. - Case of 24", "Description": "Experience Wholesale Dove Body Wash, Hand Wash, Shampoo, Conditioner, and Body Lotion collection, carefully formulated to provide a gentle and nourishing cleanse that leaves your skin irresistibly ...", "Images": ["https://cdn11.bigcommerce.com/s-zd141b7qtp/products/47391/images/157253/wholesale-dove-body-wash-8.11-oz-case-of-24-dove__69834.1708425617.386.513.jpg?c=1", "https://cdn11.bigcommerce.com/s-zd141b7qtp/products/47391/images/157820/wholesale-dove-body-wash-8.11-oz-case-of-24-dove__45192.1708426544.386.513.jpg?c=1", "https://cdn11.bigcommerce.com/s-zd141b7qtp/products/47391/images/157602/wholesale-dove-body-wash-8.11-oz-case-of-24-dove__60608.1708426142.386.513.jpg?c=1", "https://cdn11.bigcommerce.com/s-zd141b7qtp/products/47391/images/157538/wholesale-dove-body-wash-8.11-oz-case-of-24-dove__35496.1708426080.386.513.jpg?c=1", "https://cdn11.bigcommerce.com/s-zd141b7qtp/products/47391/images/157646/wholesale-dove-body-wash-8.11-oz-case-of-24-dove__90401.1708426277.386.513.jpg?c=1"], "Url": "https://directtextilestore.com/Wholesale-Dove-Body-Wash-8.11-Oz.-Case-of-24"}
{"SKU": "GRPDOV-68739031", "Type": "", "Size": "8.11 Oz.", "Color": "", "Options": {"Main Option": "Amenities", "Description": "Dove Shampoo", "Size": "8.11 Oz.", "CHOOSE PACK SIZE": "Case of (24) Pieces"}, "Price Per Each": "2.88", "Full Price": "69.1200", "Stock Status": "In Stock", "Brand": "Dove", "Category": "", "Sub Category": "", "Material": "", "Title": "Wholesale Dove Body Wash, 8.11 Oz. - Case of 24", "Description": "Experience Wholesale Dove Body Wash, Hand Wash, Shampoo, Conditioner, and Body Lotion collection, carefully formulated to provide a gentle and nourishing cleanse that leaves your skin irresistibly ...", "Images": ["https://cdn11.bigcommerce.com/s-zd141b7qtp/products/47391/images/157253/wholesale-dove-body-wash-8.11-oz-case-of-24-dove__69834.1708425617.386.513.jpg?c=1", "https://cdn11.bigcommerce.com/s-zd141b7qtp/products/47391/images/157820/wholesale-dove-body-wash-8.11-oz-case-of-24-dove__45192.1708426544.386.513.jpg?c=1", "https://cdn11.bigcommerce.com/s-zd141b7qtp/products/47391/images/157602/wholesale-dove-body-wash-8.11-oz-case-of-24-dove__60608.1708426142.386.513.jpg?c=1", "https://cdn11.bigcommerce.com/s-zd141b7qtp/products/47391/images/157538/wholesale-dove-body-wash-8.11-oz-case-of-24-dove__35496.1708426080.386.513.jpg?c=1", "https://cdn11.bigcommerce.com/s-zd141b7qtp/products/47391/images/157646/wholesale-dove-body-wash-8.11-oz-case-of-24-dove__90401.1708426277.386.513.jpg?c=1"], "Url": "https://directtextilestore.com/Wholesale-Dove-Body-Wash-8.11-Oz.-Case-of-24"}
{"SKU": "GRPDOV-68739032", "Type": "", "Size": "8.11 Oz.", "Color": "", "Options": {"Main Option": "Amenities", "Description": "Dove Conditioner", "Size": "8.11 Oz.", "CHOOSE PACK SIZE": "Case of (24) Pieces"}, "Price Per Each": "2.88", "Full Price": "69.1200", "Stock Status": "In Stock", "Brand": "Dove", "Category": "", "Sub Category": "", "Material": "", "Title": "Wholesale Dove Body Wash, 8.11 Oz. - Case of 24", "Description": "Experience Wholesale Dove Body Wash, Hand Wash, Shampoo, Conditioner, and Body Lotion collection, carefully formulated to provide a gentle and nourishing cleanse that leaves your skin irresistibly ...", "Images": ["https://cdn11.bigcommerce.com/s-zd141b7qtp/products/47391/images/157253/wholesale-dove-body-wash-8.11-oz-case-of-24-dove__69834.1708425617.386.513.jpg?c=1", "https://cdn11.bigcommerce.com/s-zd141b7qtp/products/47391/images/157820/wholesale-dove-body-wash-8.11-oz-case-of-24-dove__45192.1708426544.386.513.jpg?c=1", "https://cdn11.bigcommerce.com/s-zd141b7qtp/products/47391/images/157602/wholesale-dove-body-wash-8.11-oz-case-of-24-dove__60608.1708426142.386.513.jpg?c=1", "https://cdn11.bigcommerce.com/s-zd141b7qtp/products/47391/images/157538/wholesale-dove-body-wash-8.11-oz-case-of-24-dove__35496.1708426080.386.513.jpg?c=1", "https://cdn11.bigcommerce.com/s-zd141b7qtp/products/47391/images/157646/wholesale-dove-body-wash-8.11-oz-case-of-24-dove__90401.1708426277.386.513.jpg?c=1"], "Url": "https://directtextilestore.com/Wholesale-Dove-Body-Wash-8.11-Oz.-Case-of-24"}
{"SKU": "GRPDOV-68739034", "Type": "", "Size": "8.11 Oz.", "Color": "", "Options": {"Main Option": "Amenities", "Description": "Dove Lotion", "Size": "8.11 Oz.", "CHOOSE PACK SIZE": "Case of (24) Pieces"}, "Price Per Each": "2.88", "Full Price": "69.1200", "Stock Status": "In Stock", "Brand": "Dove", "Category": "", "Sub Category": "", "Material": "", "Title": "Wholesale Dove Body Wash, 8.11 Oz. - Case of 24", "Description": "Experience Wholesale Dove Body Wash, Hand Wash, Shampoo, Conditioner, and Body Lotion collection, carefully formulated to provide a gentle and nourishing cleanse that leaves your skin irresistibly ...", "Images": ["https://cdn11.bigcommerce.com/s-zd141b7qtp/products/47391/images/157253/wholesale-dove-body-wash-8.11-oz-case-of-24-dove__69834.1708425617.386.513.jpg?c=1", "https://cdn11.bigcommerce.com/s-zd141b7qtp/products/47391/images/157820/wholesale-dove-body-wash-8.11-oz-case-of-24-dove__45192.1708426544.386.513.jpg?c=1", "https://cdn11.bigcommerce.com/s-zd141b7qtp/products/47391/images/157602/wholesale-dove-body-wash-8.11-oz-case-of-24-dove__60608.1708426142.386.513.jpg?c=1", "https://cdn11.bigcommerce.com/s-zd141b7qtp/products/47391/images/157538/wholesale-dove-body-wash-8.11-oz-case-of-24-dove__35496.1708426080.386.513.jpg?c=1", "https://cdn11.bigcommerce.com/s-zd141b7qtp/products/47391/images/157646/wholesale-dove-body-wash-8.11-oz-case-of-24-dove__90401.1708426277.386.513.jpg?c=1"], "Url": "https://directtextilestore.com/Wholesale-Dove-Body-Wash-8.11-Oz.-Case-of-24"}
