{"SKU": "ECO751", "Type": "", "Size": ".5 Oz Packet", "Color": "", "Options": {"Main Option": "Amenities", "Description": "Facial Soap -", "Size": ".5 Oz Packet", "CHOOSE PACK SIZE": "Case of (900) Pieces"}, "Price Per Each": "0.16", "Full Price": "146.0000", "Stock Status": "In Stock", "Brand": "EcoEssence", "Category": "Body Soap", "Sub Category": "Cream Lotion", "Material": "", "Title": "EcoEssence Amenity Collection", "Description": "Finally…an affordable Earth-Friendly program! The EcoEssence line of hotel amenities features soaps that are packaged in cornstarch wrappers which will start to break down in a landfill after ...", "Images": ["https://cdn11.bigcommerce.com/s-zd141b7qtp/products/45050/images/160753/ecoessence-amenity-collection__47131.1712319622.386.513.jpg?c=1"], "Url": "https://directtextilestore.com/Eco-Essence-Amentity-Collection"}
{"SKU": "ECO765", "Type": "", "Size": "1.0 Oz Box", "Color": "", "Options": {"Main Option": "Amenities", "Description": "Leaf Shaped Body Soap", "Size": "1.0 Oz Box", "CHOOSE PACK SIZE": "Case of (500) Pieces"}, "Price Per Each": "0.26", "Full Price": "128.1900", "Stock Status": "In Stock", "Brand": "EcoEssence", "Category": "Body Soap", "Sub Category": "Cream Lotion", "Material": "", "Title": "EcoEssence Amenity Collection", "Description": "Finally…an affordable Earth-Friendly program! The EcoEssence line of hotel amenities features soaps that are packaged in cornstarch wrappers which will start to break down in a landfill after ...", "Images": ["https://cdn11.bigcommerce.com/s-zd141b7qtp/products/45050/images/160753/ecoessence-amenity-collection__47131.1712319622.386.513.jpg?c=1"], "Url": "https://directtextilestore.com/Eco-Essence-Amentity-Collection"}
{"SKU": "ECO757", "Type": "", "Size": "1.5 Oz Box", "Color": "", "Options": {"Main Option": "Amenities", "Description": "Leaf Shaped Body Soap", "Size": "1.5 Oz Box", "CHOOSE PACK SIZE": "Case of (300) Pieces"}, "Price Per Each": "0.38", "Full Price": "114.4700", "Stock Status": "In Stock", "Brand": "EcoEssence", "Category": "Body Soap", "Sub Category": "Cream Lotion", "Material": "", "Title": "EcoEssence Amenity Collection", "Description": "Finally…an affordable Earth-Friendly program! The EcoEssence line of hotel amenities features soaps that are packaged in cornstarch wrappers which will start to break down in a landfill after ...", "Images": ["https://cdn11.bigcommerce.com/s-zd141b7qtp/products/45050/images/160753/ecoessence-amenity-collection__47131.1712319622.386.513.jpg?c=1"], "Url": "https://directtextilestore.com/Eco-Essence-Amentity-Collection"}
{"SKU": "ECO223", "Type": "", "Size": "1.0 Oz Tube", "Color": "", "Options": {"Main Option": "Amenities", "Description": "Nourishing Cream Lotion", "Size": "1.0 Oz Tube", "CHOOSE PACK SIZE": "Case of (450) Pieces"}, "Price Per Each": "0.25", "Full Price": "112.8000", "Stock Status": "In Stock", "Brand": "EcoEssence", "Category": "Body Soap", "Sub Category": "Cream Lotion", "Material": "", "Title": "EcoEssence Amenity Collection", "Description": "Finally…an affordable Earth-Friendly program! The EcoEssence line of hotel amenities features soaps that are packaged in cornstarch wrappers which will start to break down in a landfill after ...", "Images": ["https://cdn11.bigcommerce.com/s-zd141b7qtp/products/45050/images/160753/ecoessence-amenity-collection__47131.1712319622.386.513.jpg?c=1"], "Url": "https://directtextilestore.com/Eco-Essence-Amentity-Collection"}
{"SKU": "ECO213", "Type": "", "Size": "1.0 Oz Tube", "Color": "", "Options": {"Main Option": "Amenities", "Description": "Conditioning Shampoo", "Size": "1.0 Oz Tube", "CHOOSE PACK SIZE": "Case of (450) Pieces"}, "Price Per Each": "0.26", "Full Price": "115.4300", "Stock Status": "In Stock", "Brand": "EcoEssence", "Category": "Body Soap", "Sub Category": "Cream Lotion", "Material": "", "Title": "EcoEssence Amenity Collection", "Description": "Finally…an affordable Earth-Friendly program! The EcoEssence line of hotel amenities features soaps that are packaged in cornstarch wrappers which will start to break down in a landfill after ...", "Images": ["https://cdn11.bigcommerce.com/s-zd141b7qtp/products/45050/images/160753/ecoessence-amenity-collection__47131.1712319622.386.513.jpg?c=1"], "Url": "https://directtextilestore.com/Eco-Essence-Amentity-Collection"}
{"SKU": "ECO243", "Type": "", "Size": "1.0 Oz", "Color": "", "Options": {"Main Option": "Amenities", "Description": "Moisturizing Conditioner", "Size": "1.0 Oz", "CHOOSE PACK SIZE": "Case of (450) Pieces"}, "Price Per Each": "0.26", "Full Price": "117.8100", "Stock Status": "In Stock", "Brand": "EcoEssence", "Category": "Body Soap", "Sub Category": "Cream Lotion", "Material": "", "Title": "EcoEssence Amenity Collection", "Description": "Finally…an affordable Earth-Friendly program! The EcoEssence line of hotel amenities features soaps that are packaged in cornstarch wrappers which will start to break down in a landfill after ...", "Images": ["https://cdn11.bigcommerce.com/s-zd141b7qtp/products/45050/images/160753/ecoessence-amenity-collection__47131.1712319622.386.513.jpg?c=1"], "Url": "https://directtextilestore.com/Eco-Essence-Amentity-Collection"}
{"SKU": "ECO833", "Type": "", "Size": "Osfa - In Box", "Color": "", "Options": {"Main Option": "Amenities", "Description": "Shower Cap", "Size": "Osfa - In Box", "CHOOSE PACK SIZE": "Case of (500) Pieces"}, "Price Per Each": "0.14", "Full Price": "68.2100", "Stock Status": "In Stock", "Brand": "EcoEssence", "Category": "Body Soap", "Sub Category": "Cream Lotion", "Material": "", "Title": "EcoEssence Amenity Collection", "Description": "Finally…an affordable Earth-Friendly program! The EcoEssence line of hotel amenities features soaps that are packaged in cornstarch wrappers which will start to break down in a landfill after ...", "Images": ["https://cdn11.bigcommerce.com/s-zd141b7qtp/products/45050/images/160753/ecoessence-amenity-collection__47131.1712319622.386.513.jpg?c=1"], "Url": "https://directtextilestore.com/Eco-Essence-Amentity-Collection"}
