{"SKU": "KITEMRPLA16", "Type": "", "Size": "", "Color": "", "Options": {"Choose Pack": "Case Pack of 1000 Cups"}, "Price Per Each": "171.9600", "Full Price": "171.9600", "Stock Status": "In Stock", "Brand": "Emerald", "Category": "Disposable Cups", "Sub Category": "Paper Cups", "Material": "", "Title": "16 Oz Emerald Compostable Printed Cold Cups", "Description": "16 Oz Emerald Compostable Printed Cold Cups. Experience the epitome of sustainability with Emerald&trade; Compostable PLA Cold Cups. These robust cups, ideal for cold beverages, offer durability ...", "Images": ["https://cdn11.bigcommerce.com/s-zd141b7qtp/products/47915/images/155452/16-oz-emerald-compostable-printed-cold-cups-emerald__77013.1707127752.386.513.jpg?c=1"], "Url": "https://directtextilestore.com/16-oz-emerald-compostable-printed-cold-cups/"}
{"SKU": "KITEMRPLASOUP16", "Type": "", "Size": "", "Color": "", "Options": {"Choose Pack": "Case Pack of 500 Cups"}, "Price Per Each": "212.8800", "Full Price": "212.8800", "Stock Status": "In Stock", "Brand": "Emerald", "Category": "Disposable Cups", "Sub Category": "Soup Cups", "Material": "", "Title": "16 Oz Emerald Disposable Paper Cups", "Description": "16 Oz Emerald Disposable Paper Cups for Soup/Cereal, crafted for sustainability, these Compostable Paper Soup/Cereal Cups from Emerald&trade; are PLA-coated, printed with water-based ink, and BPA ...", "Images": ["https://cdn11.bigcommerce.com/s-zd141b7qtp/products/47912/images/155572/16-oz-emerald-disposable-paper-cups-emerald__48276.1707127961.386.513.jpg?c=1"], "Url": "https://directtextilestore.com/16-oz-emerald-disposable-paper-cups/"}
{"SKU": "KITEMRADV1430", "Type": "", "Size": "", "Color": "", "Options": {"Choose Pack": "Case Pack of 6 Rolls"}, "Price Per Each": "62.8300", "Full Price": "62.8300", "Stock Status": "In Stock", "Brand": "Emerald", "Category": "Cleaning Supplies", "Sub Category": "Tissue Paper", "Material": "", "Title": "2-Ply Centerpull Paper Towel", "Description": "2-Ply Centerpull Paper Towel. Experience convenience with these Centerpull Dispenser Towels, offering 600 sheets per roll and 6 rolls per carton. These paper towel rolls are perfect for ...", "Images": ["https://cdn11.bigcommerce.com/s-zd141b7qtp/products/47903/images/155454/2-ply-centerpull-paper-towel-emerald__12615.1707127754.386.513.jpg?c=1"], "Url": "https://directtextilestore.com/2-ply-centerpull-paper-towel/"}
{"SKU": "KITEMRPLA24", "Type": "", "Size": "", "Color": "", "Options": {"Choose Pack": "Case Pack of 600 Cups"}, "Price Per Each": "234.0800", "Full Price": "234.0800", "Stock Status": "In Stock", "Brand": "Emerald", "Category": "Disposable Cups", "Sub Category": "Paper Cups", "Material": "", "Title": "24 Oz Emerald Compostable Printed Cold Cups", "Description": "24 Oz Emerald Compostable Printed Cold Cups, elevate your beverage service with these Compostable PLA Cold Cups by Emerald&trade;, ideal for a range of cold drinks. These robust and eco-friendly ...", "Images": ["https://cdn11.bigcommerce.com/s-zd141b7qtp/products/47916/images/155449/24-oz-emerald-compostable-printed-cold-cups-emerald__46340.1707127748.386.513.jpg?c=1"], "Url": "https://directtextilestore.com/24-oz-emerald-compostable-printed-cold-cups/"}
{"SKU": "KITEMR3858X3C", "Type": "", "Size": "", "Color": "", "Options": {"Select Options": "Pack of 500 | 55 gal Trash Bags"}, "Price Per Each": "74.2800", "Full Price": "74.2800", "Stock Status": "In Stock", "Brand": "Emerald", "Category": "Cleaning Supplies", "Sub Category": "Trash Can Liner", "Material": "", "Title": "38 x 58 Emerald Clear Trash Can Liners, 55 Gal", "Description": "Emerald Clear Trash Can Liners, 55 gallon trash bags. Maintain cleanliness effortlessly with Emerald Clear Liners for Trash Cans. Sized at 38x58 inches and featuring a thickness of 1.2 mil, these ...", "Images": ["https://cdn11.bigcommerce.com/s-zd141b7qtp/products/47897/images/155341/38-x-58-emerald-clear-trash-can-liners-55-gal-emerald__26188.1707127633.386.513.jpg?c=1"], "Url": "https://directtextilestore.com/38-x-58-emerald-clear-trash-can-liners-55-gal/"}
{"SKU": "KITEMR4046X3C", "Type": "", "Size": "", "Color": "", "Options": {"Select Options": "Pack of 500 | 40-45 gal Trash Bags"}, "Price Per Each": "79.8800", "Full Price": "79.8800", "Stock Status": "In Stock", "Brand": "Emerald", "Category": "Cleaning Supplies", "Sub Category": "Trash Can Liner", "Material": "", "Title": "40 x 46 Emerald Clear Trash Can Liners, 40-45 Gal", "Description": "40 x 46 Emerald Clear Trash Can Liners, 40-45 Gal. Enhance waste disposal efficiency with Emerald Clear Liners for Trash Bins. These bulk liners for trash can, measuring 40 x 46 inches, have a ...", "Images": ["https://cdn11.bigcommerce.com/s-zd141b7qtp/products/47898/images/155636/40-x-46-emerald-clear-trash-can-liners-40-45-gal-emerald__00581.1707128026.386.513.jpg?c=1"], "Url": "https://directtextilestore.com/40-x-46-emerald-clear-trash-can-liners-40-45-gal/"}
{"SKU": "KITEMRPLA9NP", "Type": "", "Size": "", "Color": "", "Options": {"Choose Pack": "Case Pack of 1000 Cups"}, "Price Per Each": "119.3500", "Full Price": "119.3500", "Stock Status": "In Stock", "Brand": "Emerald", "Category": "Disposable Cups", "Sub Category": "", "Material": "", "Title": "9 Oz Emerald Non Printed Cold Cups", "Description": "9 Oz Emerald Non Printed Cold Cups, Elevate your beverage service with Emerald 9 oz. PLA Cold Cups. These non-printed cups are not only functional but also environmentally conscious, being ...", "Images": ["https://cdn11.bigcommerce.com/s-zd141b7qtp/products/47917/images/155485/9-oz-emerald-non-printed-cold-cups-emerald__96015.1707127789.386.513.jpg?c=1"], "Url": "https://directtextilestore.com/9-oz-emerald-non-printed-cold-cups/"}
{"SKU": "KITEMRCL2100", "Type": "", "Size": "", "Color": "", "Options": {"Select Options": "Case Pack of 12 Rolls"}, "Price Per Each": "91.9100", "Full Price": "91.9100", "Stock Status": "In Stock", "Brand": "Emerald", "Category": "Cleaning Supplies", "Sub Category": "Tissue Paper", "Material": "", "Title": "9\" Coreless Jumbo Bath Tissue", "Description": "The 9\" Coreless Jumbo Bath Tissue is a compact and efficient solution for your restroom needs. Designed to fit in tight spaces, this tissue offers convenience without sacrificing quality. With its ...", "Images": ["https://cdn11.bigcommerce.com/s-zd141b7qtp/products/47891/images/155473/9-coreless-jumbo-bath-tissue-emerald__78338.1707127775.386.513.jpg?c=1"], "Url": "https://directtextilestore.com/9-coreless-jumbo-bath-tissue/"}
{"SKU": "KITEMRFORKC", "Type": "", "Size": "", "Color": "", "Options": {"Choose Pack": "Case Pack of 500 Forks"}, "Price Per Each": "54.0600", "Full Price": "54.0600", "Stock Status": "In Stock", "Brand": "Emerald", "Category": "Forks", "Sub Category": "", "Material": "", "Title": "Emerald 100% Compostable Forks", "Description": "Emerald 100% compostable Forks, a green choice for your dining needs. Crafted from PLA, a plant-based plastic, this full-size, heavyweight cutlery is not only biodegradable but also durable, ...", "Images": ["https://cdn11.bigcommerce.com/s-zd141b7qtp/products/47920/images/153607/emerald-100percent-compostable-forks__58419.1706026425.386.513.jpg?c=1"], "Url": "https://directtextilestore.com/emerald-100-compostable-forks/"}
{"SKU": "KITEMRKNIFEC", "Type": "", "Size": "", "Color": "", "Options": {"Choose Pack": "Case Pack of 500 Knives"}, "Price Per Each": "54.0600", "Full Price": "54.0600", "Stock Status": "In Stock", "Brand": "Emerald", "Category": "Knives", "Sub Category": "", "Material": "", "Title": "Emerald 100% Compostable Plastic Knives", "Description": "Emerald 100% Compostable Plastic Knives, a sustainable choice for your dining needs. Crafted from PLA, a plant-based plastic, this full-size, heavyweight cutlery is not only biodegradable but also ...", "Images": ["https://cdn11.bigcommerce.com/s-zd141b7qtp/products/47921/images/155385/emerald-100percent-compostable-plastic-knives__27447.1707127681.386.513.jpg?c=1"], "Url": "https://directtextilestore.com/emerald-100-compostable-plastic-knives/"}
{"SKU": "KITEMRSPOONC", "Type": "", "Size": "", "Color": "", "Options": {"Choose Pack": "Case Pack of 500 Spoon"}, "Price Per Each": "54.0600", "Full Price": "54.0600", "Stock Status": "In Stock", "Brand": "Emerald", "Category": "Spoon", "Sub Category": "", "Material": "", "Title": "Emerald 100% Compostable Spoons", "Description": "Emerald 100% compostable Spoons, are a sustainable choice for your dining needs. Crafted from PLA, a plant-based plastic, this heavyweight cutlery is not only biodegradable but also durable, ...", "Images": ["https://cdn11.bigcommerce.com/s-zd141b7qtp/products/47919/images/155509/emerald-100percent-compostable-spoons__27313.1707127897.386.513.jpg?c=1"], "Url": "https://directtextilestore.com/emerald-100-compostable-spoons/"}
{"SKU": "KITEMRTFTPI-96", "Type": "", "Size": "", "Color": "", "Options": {"Select Options": "Case Pack of 96 Rolls"}, "Price Per Each": "113.0100", "Full Price": "113.0100", "Stock Status": "In Stock", "Brand": "Emerald", "Category": "Cleaning Supplies", "Sub Category": "Tissue Paper", "Material": "", "Title": "Emerald 2 Ply Bagasse Bath Tissue", "Description": "Emerald 2-ply Bagasse Bath Tissue, a sustainable and eco-friendly choice made from 50% TreeFree materials. This high-quality bath tissue offers both comfort and performance while aligning with ...", "Images": ["https://cdn11.bigcommerce.com/s-zd141b7qtp/products/47893/images/155644/emerald-2-ply-bagasse-bath-tissue__18188.1707128113.386.513.jpg?c=1"], "Url": "https://directtextilestore.com/emerald-2-ply-bagasse-bath-tissue/"}
{"SKU": "KITEMR3200-BJM", "Type": "", "Size": "", "Color": "", "Options": {"Select Options": "Case of 30 Boutique Boxes"}, "Price Per Each": "70.3800", "Full Price": "70.3800", "Stock Status": "In Stock", "Brand": "Emerald", "Category": "Cleaning Supplies", "Sub Category": "Tissue Paper", "Material": "", "Title": "Emerald 2 Ply Boutique Box Facial Tissue", "Description": "Emerald 2-ply Boutique Box Facial Tissue, crafted with 70% tree-free materials for an eco-conscious choice. Experience softness and strength while contributing to sustainability. Ideal for hotels, ...", "Images": ["https://cdn11.bigcommerce.com/s-zd141b7qtp/products/47887/images/155537/emerald-2-ply-boutique-box-facial-tissue__36865.1707127927.386.513.jpg?c=1", "https://cdn11.bigcommerce.com/s-zd141b7qtp/products/47887/images/155605/emerald-2-ply-boutique-box-facial-tissue__14105.1707127995.386.513.jpg?c=1"], "Url": "https://directtextilestore.com/emerald-2-ply-boutique-box-facial-tissue/"}
{"SKU": "KITEMR3100-BJM", "Type": "", "Size": "", "Color": "", "Options": {"Select Options": "Case of 30 Flat Boxes"}, "Price Per Each": "59.4200", "Full Price": "59.4200", "Stock Status": "In Stock", "Brand": "Emerald", "Category": "Cleaning Supplies", "Sub Category": "Tissue Paper", "Material": "", "Title": "Emerald 2 Ply Facial Tissue In Flat Box", "Description": "Emerald 2-ply Flat Box Facial Tissue, a sustainable choice with 70% tree-free composition. Soft and absorbent, this facial tissue provides comfort while reducing environmental impact. Perfect for ...", "Images": ["https://cdn11.bigcommerce.com/s-zd141b7qtp/products/47886/images/155567/emerald-2-ply-facial-tissue-in-flat-box__64701.1707127956.386.513.jpg?c=1", "https://cdn11.bigcommerce.com/s-zd141b7qtp/products/47886/images/155548/emerald-2-ply-facial-tissue-in-flat-box__51337.1707127938.386.513.jpg?c=1"], "Url": "https://directtextilestore.com/emerald-2-ply-facial-tissue-in-flat-box/"}
{"SKU": "KITEMR3300B-12", "Type": "", "Size": "", "Color": "", "Options": {"Select Options": "Case of 20 Packs of 12 Pocket Pack Tissue"}, "Price Per Each": "172.2100", "Full Price": "172.2100", "Stock Status": "In Stock", "Brand": "Emerald", "Category": "Cleaning Supplies", "Sub Category": "Tissue Paper", "Material": "", "Title": "Emerald 2 Ply Pocket Pack Facial Tissue", "Description": "Emerald 2-ply Pocket Pack Facial Tissue. Experience the eco-friendly convenience of 2-ply Bagasse Facial Tissue in a compact Pocket Pack. Made from sustainable bagasse material, these tissues ...", "Images": ["https://cdn11.bigcommerce.com/s-zd141b7qtp/products/47888/images/155588/emerald-2-ply-pocket-pack-facial-tissue__58350.1707127978.386.513.jpg?c=1"], "Url": "https://directtextilestore.com/emerald-2-ply-pocket-pack-facial-tissue/"}
{"SKU": "KITEMR5818", "Type": "", "Size": "", "Color": "", "Options": {"Choose Pack": "Case Pack of 3000 Sheets"}, "Price Per Each": "103.9600", "Full Price": "103.9600", "Stock Status": "In Stock", "Brand": "Emerald", "Category": "Paper Napkins", "Sub Category": "Table Napkins", "Material": "", "Title": "Emerald 2-Ply Dinner Napkins", "Description": "Emerald 2-Ply Dinner Napkins. Elevate your dining experience with these Dinner Napkins by Emerald, crafted from 70% TreeFree materials. This case of 3000 paper dinner napkins combines ...", "Images": ["https://cdn11.bigcommerce.com/s-zd141b7qtp/products/47906/images/155564/emerald-2-ply-dinner-napkins__67984.1707127953.386.513.jpg?c=1"], "Url": "https://directtextilestore.com/emerald-2-ply-dinner-napkins/"}
{"SKU": "KITEMRTFHHROLL", "Type": "", "Size": "", "Color": "", "Options": {"Choose Pack": "Case Pack of 30 Rolls"}, "Price Per Each": "72.3300", "Full Price": "72.3300", "Stock Status": "In Stock", "Brand": "Emerald", "Category": "Cleaning Supplies", "Sub Category": "Tissue Paper", "Material": "", "Title": "Emerald 2-Ply Household Paper Towel Rolls", "Description": "Emerald 2-Ply Household Paper Towel Rolls. Enhance your household cleaning routine with these Household Paper Towel Rolls, available in convenient packs of 30.These versatile paper towels provide ...", "Images": ["https://cdn11.bigcommerce.com/s-zd141b7qtp/products/47905/images/155429/emerald-2-ply-household-paper-towel-rolls__54259.1707127728.386.513.jpg?c=1"], "Url": "https://directtextilestore.com/emerald-2-ply-household-paper-towel-rolls/"}
{"SKU": "KITEMRECOPLATE6", "Type": "", "Size": "", "Color": "", "Options": {"Choose Pack": "Case Pack of 500 Plates"}, "Price Per Each": "89.1400", "Full Price": "89.1400", "Stock Status": "In Stock", "Brand": "Emerald", "Category": "Disposable Plates", "Sub Category": "", "Material": "", "Title": "Emerald 6\" Compostable Bagasse Plates", "Description": "Emerald 6\" Compostable Bagasse Plates, a sustainable choice for conscious hospitality establishments. Crafted with an emphasis on environmental responsibility, these disposable plates are X-Heavy ...", "Images": ["https://cdn11.bigcommerce.com/s-zd141b7qtp/products/47910/images/155349/emerald-6-compostable-bagasse-plates__43294.1707127641.386.513.jpg?c=1"], "Url": "https://directtextilestore.com/emerald-6-compostable-bagasse-plates/"}
{"SKU": "KITEMRTFJRT-12", "Type": "", "Size": "", "Color": "", "Options": {"Select Options": "Case Pack of 12 Rolls"}, "Price Per Each": "62.3500", "Full Price": "62.3500", "Stock Status": "In Stock", "Brand": "Emerald", "Category": "Cleaning Supplies", "Sub Category": "Tissue Paper", "Material": "", "Title": "Emerald 9\" 2 Ply JRT Bath Tissue", "Description": "Emerald 9\" 2-ply JRT Bath Tissue, a sustainable choice made from 70% Tree Free materials. This high-quality tissue offers superior softness and absorbency, ensuring a comfortable and efficient ...", "Images": ["https://cdn11.bigcommerce.com/s-zd141b7qtp/products/47892/images/155634/emerald-9-2-ply-jrt-bath-tissue__02494.1707128024.386.513.jpg?c=1"], "Url": "https://directtextilestore.com/emerald-9-2-ply-jrt-bath-tissue/"}
{"SKU": "KITEMRTFCFOLD", "Type": "", "Size": "", "Color": "White", "Options": {"Color": "White", "Choose Pack": "Case Pack of 15 Sleeves of 120 Pieces"}, "Price Per Each": "66.6400", "Full Price": "66.6400", "Stock Status": "In Stock", "Brand": "Emerald", "Category": "Cleaning Supplies", "Sub Category": "Tissue Paper", "Material": "", "Title": "Emerald C Fold Paper Towels", "Description": "Elevate your hand drying experience with Emerald C-Fold Towels in a pristine white shade, contributing to a more sustainable choice with their 60% Tree-Free composition. These high-quality C-Fold ...", "Images": ["https://cdn11.bigcommerce.com/s-zd141b7qtp/products/47904/images/155531/emerald-c-fold-paper-towels__66422.1707127920.386.513.jpg?c=1"], "Url": "https://directtextilestore.com/emerald-c-fold-paper-towels/"}
{"SKU": "KITEMR2424MC", "Type": "", "Size": "", "Color": "", "Options": {"Select Options": "Quantity of 500 - 7-10 gal Trash Bags"}, "Price Per Each": "43.3500", "Full Price": "43.3500", "Stock Status": "In Stock", "Brand": "Emerald", "Category": "Cleaning Supplies", "Sub Category": "Trash Can Liner", "Material": "", "Title": "Emerald Clear 24 x 24 Trash Can Liners, 7-10 Gal", "Description": "Emerald Clear 24 x 24 Trash Can Liners, designed to keep your space neat. Measuring 24 x 24 inches and boasting a thickness of 6 microns, these liners are ideal for small trash cans with ...", "Images": ["https://cdn11.bigcommerce.com/s-zd141b7qtp/products/47895/images/155391/emerald-clear-24-x-24-trash-can-liners-7-10-gal__31415.1707127687.386.513.jpg?c=1"], "Url": "https://directtextilestore.com/emerald-clear-24-x-24-trash-can-liners-7-10-gal/"}
{"SKU": "KITEMR2433MC", "Type": "", "Size": "", "Color": "", "Options": {"Select Options": "Pack of 500 | 12-16 gal Trash Bags"}, "Price Per Each": "49.6800", "Full Price": "49.6800", "Stock Status": "In Stock", "Brand": "Emerald", "Category": "Cleaning Supplies", "Sub Category": "Trash Can Liner", "Material": "", "Title": "Emerald Clear 24 x 33 Trash Can Liners, 12-16 Gal", "Description": "Emerald Clear 24 x 33 Trash Can Liners, 12-16 gal. Simplify waste management with Emerald Clear Liners for Trash Cans. Measuring 24 x 33 inches and with a thickness of 6 microns, these bulk liners ...", "Images": ["https://cdn11.bigcommerce.com/s-zd141b7qtp/products/47896/images/155439/emerald-clear-24-x-33-trash-can-liners-12-16-gal__23149.1707127738.386.513.jpg?c=1"], "Url": "https://directtextilestore.com/emerald-clear-24-x-33-trash-can-liners-12-16-gal/"}
{"SKU": "KITEMREZNAP", "Type": "", "Size": "", "Color": "", "Options": {"Choose Pack": "Case Pack of 6000 Sheets"}, "Price Per Each": "130.7900", "Full Price": "130.7900", "Stock Status": "In Stock", "Brand": "Emerald", "Category": "Paper Napkins", "Sub Category": "Table Napkins", "Material": "", "Title": "Emerald Dispenser Napkins", "Description": "Emerald Dispenser Napkins. Embrace eco-consciousness with these White Paper Napkins, made with 60% TreeFree materials. This bulk case of 6000 napkins combines sustainability with convenience, ...", "Images": ["https://cdn11.bigcommerce.com/s-zd141b7qtp/products/47907/images/155661/emerald-dispenser-napkins__32237.1707128133.386.513.jpg?c=1"], "Url": "https://directtextilestore.com/emerald-dispenser-napkins/"}
{"SKU": "KITEMRECOGC32", "Type": "", "Size": "", "Color": "", "Options": {"Choose Pack": "Case Pack of 12 Spray Bottle"}, "Price Per Each": "95.4700", "Full Price": "95.4700", "Stock Status": "In Stock", "Brand": "Emerald", "Category": "Glass Cleaner", "Sub Category": "Cleaning Supplies", "Material": "", "Title": "Emerald Earth Essence Ammonia Free Glass Cleaner", "Description": "Emerald Earth Essence Glass Cleaner in a convenient 32 oz size. This biodegradable glass and window cleaner is formulated with environmentally responsible ingredients. Recognized by the U.S. EPA ...", "Images": ["https://cdn11.bigcommerce.com/s-zd141b7qtp/products/47923/images/155488/emerald-earth-essence-ammonia-free-glass-cleaner__02816.1707127792.386.513.jpg?c=1"], "Url": "https://directtextilestore.com/emerald-earth-essence-ammonia-free-glass-cleaner/"}
{"SKU": "KITEMRPLALID", "Type": "", "Size": "", "Color": "", "Options": {"Choose Pack": "Case Pack of 1000 Cup Lids"}, "Price Per Each": "66.4900", "Full Price": "66.4900", "Stock Status": "In Stock", "Brand": "Emerald", "Category": "Cup Lids", "Sub Category": "", "Material": "", "Title": "Emerald Flat Cold Cups Lids With C-Hole", "Description": "Emerald Flat Cold Cups Lids With C-Hole, enhance your cold beverage presentation with these PLA Flat Cold Cup Lids by Emerald&trade; featuring a convenient C-Hole. These commercially compostable ...", "Images": ["https://cdn11.bigcommerce.com/s-zd141b7qtp/products/47918/images/155539/emerald-flat-cold-cups-lids-with-c-hole__02033.1707127929.386.513.jpg?c=1"], "Url": "https://directtextilestore.com/emerald-flat-cold-cups-lids-with-c-hole/"}
{"SKU": "KITEMR6851909", "Type": "", "Size": "", "Color": "", "Options": {"Choose Pack": "Case Pack of 500 Tent Cards"}, "Price Per Each": "230.1800", "Full Price": "230.1800", "Stock Status": "In Stock", "Brand": "Emerald", "Category": "Tent Cards", "Sub Category": "", "Material": "", "Title": "Emerald Tent Cards", "Description": "Elevate your event presentation with Emerald Tent Cards, available in bulk cases of 500. These tent cards provide a stylish and informative way to display essential information at conferences, ...", "Images": ["https://cdn11.bigcommerce.com/s-zd141b7qtp/products/47922/images/155365/emerald-tent-cards__42213.1707127659.386.513.jpg?c=1"], "Url": "https://directtextilestore.com/emerald-tent-cards/"}
{"SKU": "KITEMRCS8", "Type": "", "Size": "", "Color": "", "Options": {"Choose Pack": "Case Pack of 500 Containers"}, "Price Per Each": "162.9500", "Full Price": "162.9500", "Stock Status": "In Stock", "Brand": "Emerald", "Category": "Food Containers", "Sub Category": "Hinged Containers", "Material": "", "Title": "Emerald Tree Free Compostable Hinged Containers", "Description": "Emerald Tree Free Compostable Hinged Containers. Experience sustainability with the compostable 8\" x 8\" x 3\" Hinged Container, a step towards environmentally responsible food storage. Crafted from ...", "Images": ["https://cdn11.bigcommerce.com/s-zd141b7qtp/products/47908/images/155395/emerald-tree-free-compostable-hinged-containers__35276.1707127692.386.513.jpg?c=1"], "Url": "https://directtextilestore.com/emerald-tree-free-compostable-hinged-containers/"}
{"SKU": "KITEMRTSC5000", "Type": "", "Size": "Case of (20) Packs", "Color": "", "Options": {"Main Option": "Toilet Seat Covers", "Description": "250 Seat Cover per Pack", "CHOOSE PACK SIZE": "Case of (20) Packs"}, "Price Per Each": "64.83", "Full Price": "1296.5000", "Stock Status": "In Stock", "Brand": "Emerald", "Category": "Cleaning Supplies", "Sub Category": "Toilet Seat Cover", "Material": "", "Title": "Toilet Seat Covers In Bulk", "Description": "Toilet Seat Covers In Bulk. Provide a hygienic solution with Toilet Seat Covers, available in convenient packs of 250 covers. With 20 packs per case, totaling 5000 covers, Your commitment to guest ...", "Images": ["https://cdn11.bigcommerce.com/s-zd141b7qtp/products/47902/images/155535/toilet-seat-covers-in-bulk-emerald__57849.1707127925.386.513.jpg?c=1"], "Url": "https://directtextilestore.com/toilet-seat-covers-in-bulk/"}
