{"SKU": "EO-12oz-HS-LV-120140", "Type": "", "Size": "12 Oz Bottle", "Color": "", "Options": {"Main Option": "Options", "Description": "Lavender", "Size": "12 Oz Bottle", "CHOOSE PACK SIZE": "Case of (6) Pieces"}, "Price Per Each": "7.82", "Full Price": "46.8900", "Stock Status": "In Stock", "Brand": "EO", "Category": "", "Sub Category": "", "Material": "", "Title": "6pck EO 12 oz Liquid Hand Soap", "Description": "Discover the exceptional cleansing power of EO&reg; 12 oz Liquid Hand Soap, meticulously crafted with an exceptionally gentle and highly foaming formula to provide a thorough cleanse while ...", "Images": ["https://cdn11.bigcommerce.com/s-zd141b7qtp/products/46868/images/146947/6pck-eo-12-oz-liquid-hand-soap-eo__31775.1706017294.386.513.jpg?c=1", "https://cdn11.bigcommerce.com/s-zd141b7qtp/products/46868/images/152433/6pck-eo-12-oz-liquid-hand-soap-eo__56427.1706024855.386.513.jpg?c=1", "https://cdn11.bigcommerce.com/s-zd141b7qtp/products/46868/images/152197/6pck-eo-12-oz-liquid-hand-soap-eo__63171.1706024503.386.513.jpg?c=1", "https://cdn11.bigcommerce.com/s-zd141b7qtp/products/46868/images/147973/6pck-eo-12-oz-liquid-hand-soap-eo__04990.1706018655.386.513.jpg?c=1", "https://cdn11.bigcommerce.com/s-zd141b7qtp/products/46868/images/147215/6pck-eo-12-oz-liquid-hand-soap-eo__28042.1706017647.386.513.jpg?c=1", "https://cdn11.bigcommerce.com/s-zd141b7qtp/products/46868/images/147186/6pck-eo-12-oz-liquid-hand-soap-eo__89631.1706017600.386.513.jpg?c=1"], "Url": "https://directtextilestore.com/6pck-EO-12-oz-Liquid-Hand-Soap"}
{"SKU": "EO-12oz-HS-LE-120133", "Type": "", "Size": "12 Oz Bottle", "Color": "", "Options": {"Main Option": "Options", "Description": "Lemon Eucalyptus", "Size": "12 Oz Bottle", "CHOOSE PACK SIZE": "Case of (6) Pieces"}, "Price Per Each": "7.82", "Full Price": "46.8900", "Stock Status": "In Stock", "Brand": "EO", "Category": "", "Sub Category": "", "Material": "", "Title": "6pck EO 12 oz Liquid Hand Soap", "Description": "Discover the exceptional cleansing power of EO&reg; 12 oz Liquid Hand Soap, meticulously crafted with an exceptionally gentle and highly foaming formula to provide a thorough cleanse while ...", "Images": ["https://cdn11.bigcommerce.com/s-zd141b7qtp/products/46868/images/146947/6pck-eo-12-oz-liquid-hand-soap-eo__31775.1706017294.386.513.jpg?c=1", "https://cdn11.bigcommerce.com/s-zd141b7qtp/products/46868/images/152433/6pck-eo-12-oz-liquid-hand-soap-eo__56427.1706024855.386.513.jpg?c=1", "https://cdn11.bigcommerce.com/s-zd141b7qtp/products/46868/images/152197/6pck-eo-12-oz-liquid-hand-soap-eo__63171.1706024503.386.513.jpg?c=1", "https://cdn11.bigcommerce.com/s-zd141b7qtp/products/46868/images/147973/6pck-eo-12-oz-liquid-hand-soap-eo__04990.1706018655.386.513.jpg?c=1", "https://cdn11.bigcommerce.com/s-zd141b7qtp/products/46868/images/147215/6pck-eo-12-oz-liquid-hand-soap-eo__28042.1706017647.386.513.jpg?c=1", "https://cdn11.bigcommerce.com/s-zd141b7qtp/products/46868/images/147186/6pck-eo-12-oz-liquid-hand-soap-eo__89631.1706017600.386.513.jpg?c=1"], "Url": "https://directtextilestore.com/6pck-EO-12-oz-Liquid-Hand-Soap"}
{"SKU": "EO-12oz-HS-PT-120126", "Type": "", "Size": "12 Oz Bottle", "Color": "", "Options": {"Main Option": "Options", "Description": "Peppermint &Amp", "Size": "12 Oz Bottle", "CHOOSE PACK SIZE": "Case of (6) Pieces"}, "Price Per Each": "7.82", "Full Price": "46.8900", "Stock Status": "In Stock", "Brand": "EO", "Category": "", "Sub Category": "", "Material": "", "Title": "6pck EO 12 oz Liquid Hand Soap", "Description": "Discover the exceptional cleansing power of EO&reg; 12 oz Liquid Hand Soap, meticulously crafted with an exceptionally gentle and highly foaming formula to provide a thorough cleanse while ...", "Images": ["https://cdn11.bigcommerce.com/s-zd141b7qtp/products/46868/images/146947/6pck-eo-12-oz-liquid-hand-soap-eo__31775.1706017294.386.513.jpg?c=1", "https://cdn11.bigcommerce.com/s-zd141b7qtp/products/46868/images/152433/6pck-eo-12-oz-liquid-hand-soap-eo__56427.1706024855.386.513.jpg?c=1", "https://cdn11.bigcommerce.com/s-zd141b7qtp/products/46868/images/152197/6pck-eo-12-oz-liquid-hand-soap-eo__63171.1706024503.386.513.jpg?c=1", "https://cdn11.bigcommerce.com/s-zd141b7qtp/products/46868/images/147973/6pck-eo-12-oz-liquid-hand-soap-eo__04990.1706018655.386.513.jpg?c=1", "https://cdn11.bigcommerce.com/s-zd141b7qtp/products/46868/images/147215/6pck-eo-12-oz-liquid-hand-soap-eo__28042.1706017647.386.513.jpg?c=1", "https://cdn11.bigcommerce.com/s-zd141b7qtp/products/46868/images/147186/6pck-eo-12-oz-liquid-hand-soap-eo__89631.1706017600.386.513.jpg?c=1"], "Url": "https://directtextilestore.com/6pck-EO-12-oz-Liquid-Hand-Soap"}
{"SKU": "CS-EO-BULK-120171", "Type": "", "Size": "", "Color": "", "Options": {"Select Scent": "1 gal - French Lavender"}, "Price Per Each": "46.8600", "Full Price": "46.8600", "Stock Status": "In Stock", "Brand": "EO", "Category": "", "Sub Category": "", "Material": "", "Title": "EO Bulk Liquid Hand Soap", "Description": "EO Bulk Liquid Hand Soap contains an extremely mild and richly foaming formula that deeply cleanses and nourishes even the most sensitive skin with pure and soothing botanicals. EO® essential oil ...", "Images": ["https://cdn11.bigcommerce.com/s-zd141b7qtp/products/46866/images/158530/eo-bulk-liquid-hand-soap__15534.1709722467.386.513.jpg?c=1", "https://cdn11.bigcommerce.com/s-zd141b7qtp/products/46866/images/158459/eo-bulk-liquid-hand-soap__00225.1709722399.386.513.jpg?c=1", "https://cdn11.bigcommerce.com/s-zd141b7qtp/products/46866/images/158520/eo-bulk-liquid-hand-soap__84619.1709722457.386.513.jpg?c=1"], "Url": "https://directtextilestore.com/EO-Bulk-Liquid-Hand-Soap"}
{"SKU": "CS-EO-BULK-120164", "Type": "", "Size": "", "Color": "", "Options": {"Select Scent": "1 gal - Lemon Eucalyptus"}, "Price Per Each": "46.8600", "Full Price": "46.8600", "Stock Status": "In Stock", "Brand": "EO", "Category": "", "Sub Category": "", "Material": "", "Title": "EO Bulk Liquid Hand Soap", "Description": "EO Bulk Liquid Hand Soap contains an extremely mild and richly foaming formula that deeply cleanses and nourishes even the most sensitive skin with pure and soothing botanicals. EO® essential oil ...", "Images": ["https://cdn11.bigcommerce.com/s-zd141b7qtp/products/46866/images/158530/eo-bulk-liquid-hand-soap__15534.1709722467.386.513.jpg?c=1", "https://cdn11.bigcommerce.com/s-zd141b7qtp/products/46866/images/158459/eo-bulk-liquid-hand-soap__00225.1709722399.386.513.jpg?c=1", "https://cdn11.bigcommerce.com/s-zd141b7qtp/products/46866/images/158520/eo-bulk-liquid-hand-soap__84619.1709722457.386.513.jpg?c=1"], "Url": "https://directtextilestore.com/EO-Bulk-Liquid-Hand-Soap"}
