{"SKU": "CS-H2O-H2O01-S100", "Type": "", "Size": "Quantity Of 300", "Color": "", "Options": {"Main Option": "Amenities", "Description": "1 Oz Shampoo", "Size": "Quantity Of 300", "CHOOSE PACK SIZE": "Case of (300) Pieces"}, "Price Per Each": "0.26", "Full Price": "78.8600", "Stock Status": "In Stock", "Brand": "H2O Therapy", "Category": "", "Sub Category": "", "Material": "", "Title": "H2O Therapy Collection", "Description": "From ocean front properties to mountain retreats to luxury resorts across the country, the H2O Therapy Collection amenities brings a tasteful and welcoming atmosphere to each room. The earth ...", "Images": ["https://cdn11.bigcommerce.com/s-zd141b7qtp/products/46903/images/158646/h2o-therapy-collection__35213.1709722681.386.513.jpg?c=1", "https://cdn11.bigcommerce.com/s-zd141b7qtp/products/46903/images/158746/h2o-therapy-collection__58430.1709722995.386.513.jpg?c=1", "https://cdn11.bigcommerce.com/s-zd141b7qtp/products/46903/images/158610/h2o-therapy-collection__84261.1709722648.386.513.jpg?c=1", "https://cdn11.bigcommerce.com/s-zd141b7qtp/products/46903/images/158786/h2o-therapy-collection__48393.1709723044.386.513.jpg?c=1", "https://cdn11.bigcommerce.com/s-zd141b7qtp/products/46903/images/158675/h2o-therapy-collection__62635.1709722708.386.513.jpg?c=1", "https://cdn11.bigcommerce.com/s-zd141b7qtp/products/46903/images/158755/h2o-therapy-collection__04737.1709723005.386.513.jpg?c=1", "https://cdn11.bigcommerce.com/s-zd141b7qtp/products/46903/images/158637/h2o-therapy-collection__55252.1709722672.386.513.jpg?c=1", "https://cdn11.bigcommerce.com/s-zd141b7qtp/products/46903/images/158604/h2o-therapy-collection__48667.1709722642.386.513.jpg?c=1", "https://cdn11.bigcommerce.com/s-zd141b7qtp/products/46903/images/158581/h2o-therapy-collection__21933.1709722517.386.513.jpg?c=1"], "Url": "https://directtextilestore.com/H2O-Therapy-Collection"}
{"SKU": "CS-H2O-H2O01-C100", "Type": "", "Size": "Quantity Of 300", "Color": "", "Options": {"Main Option": "Amenities", "Description": "1 Oz Conditioner", "Size": "Quantity Of 300", "CHOOSE PACK SIZE": "Case of (300) Pieces"}, "Price Per Each": "0.26", "Full Price": "78.8600", "Stock Status": "In Stock", "Brand": "H2O Therapy", "Category": "", "Sub Category": "", "Material": "", "Title": "H2O Therapy Collection", "Description": "From ocean front properties to mountain retreats to luxury resorts across the country, the H2O Therapy Collection amenities brings a tasteful and welcoming atmosphere to each room. The earth ...", "Images": ["https://cdn11.bigcommerce.com/s-zd141b7qtp/products/46903/images/158646/h2o-therapy-collection__35213.1709722681.386.513.jpg?c=1", "https://cdn11.bigcommerce.com/s-zd141b7qtp/products/46903/images/158746/h2o-therapy-collection__58430.1709722995.386.513.jpg?c=1", "https://cdn11.bigcommerce.com/s-zd141b7qtp/products/46903/images/158610/h2o-therapy-collection__84261.1709722648.386.513.jpg?c=1", "https://cdn11.bigcommerce.com/s-zd141b7qtp/products/46903/images/158786/h2o-therapy-collection__48393.1709723044.386.513.jpg?c=1", "https://cdn11.bigcommerce.com/s-zd141b7qtp/products/46903/images/158675/h2o-therapy-collection__62635.1709722708.386.513.jpg?c=1", "https://cdn11.bigcommerce.com/s-zd141b7qtp/products/46903/images/158755/h2o-therapy-collection__04737.1709723005.386.513.jpg?c=1", "https://cdn11.bigcommerce.com/s-zd141b7qtp/products/46903/images/158637/h2o-therapy-collection__55252.1709722672.386.513.jpg?c=1", "https://cdn11.bigcommerce.com/s-zd141b7qtp/products/46903/images/158604/h2o-therapy-collection__48667.1709722642.386.513.jpg?c=1", "https://cdn11.bigcommerce.com/s-zd141b7qtp/products/46903/images/158581/h2o-therapy-collection__21933.1709722517.386.513.jpg?c=1"], "Url": "https://directtextilestore.com/H2O-Therapy-Collection"}
{"SKU": "CS-H2O-H2O03-L100", "Type": "", "Size": "Quantity Of 300", "Color": "", "Options": {"Main Option": "Amenities", "Description": "1 Oz Lotion", "Size": "Quantity Of 300", "CHOOSE PACK SIZE": "Case of (300) Pieces"}, "Price Per Each": "0.26", "Full Price": "78.8600", "Stock Status": "In Stock", "Brand": "H2O Therapy", "Category": "", "Sub Category": "", "Material": "", "Title": "H2O Therapy Collection", "Description": "From ocean front properties to mountain retreats to luxury resorts across the country, the H2O Therapy Collection amenities brings a tasteful and welcoming atmosphere to each room. The earth ...", "Images": ["https://cdn11.bigcommerce.com/s-zd141b7qtp/products/46903/images/158646/h2o-therapy-collection__35213.1709722681.386.513.jpg?c=1", "https://cdn11.bigcommerce.com/s-zd141b7qtp/products/46903/images/158746/h2o-therapy-collection__58430.1709722995.386.513.jpg?c=1", "https://cdn11.bigcommerce.com/s-zd141b7qtp/products/46903/images/158610/h2o-therapy-collection__84261.1709722648.386.513.jpg?c=1", "https://cdn11.bigcommerce.com/s-zd141b7qtp/products/46903/images/158786/h2o-therapy-collection__48393.1709723044.386.513.jpg?c=1", "https://cdn11.bigcommerce.com/s-zd141b7qtp/products/46903/images/158675/h2o-therapy-collection__62635.1709722708.386.513.jpg?c=1", "https://cdn11.bigcommerce.com/s-zd141b7qtp/products/46903/images/158755/h2o-therapy-collection__04737.1709723005.386.513.jpg?c=1", "https://cdn11.bigcommerce.com/s-zd141b7qtp/products/46903/images/158637/h2o-therapy-collection__55252.1709722672.386.513.jpg?c=1", "https://cdn11.bigcommerce.com/s-zd141b7qtp/products/46903/images/158604/h2o-therapy-collection__48667.1709722642.386.513.jpg?c=1", "https://cdn11.bigcommerce.com/s-zd141b7qtp/products/46903/images/158581/h2o-therapy-collection__21933.1709722517.386.513.jpg?c=1"], "Url": "https://directtextilestore.com/H2O-Therapy-Collection"}
{"SKU": "CS-H2O-H2O04-W100", "Type": "", "Size": "Quantity Of 300", "Color": "", "Options": {"Main Option": "Amenities", "Description": "1 Oz Body Wash", "Size": "Quantity Of 300", "CHOOSE PACK SIZE": "Case of (300) Pieces"}, "Price Per Each": "0.26", "Full Price": "78.8600", "Stock Status": "In Stock", "Brand": "H2O Therapy", "Category": "", "Sub Category": "", "Material": "", "Title": "H2O Therapy Collection", "Description": "From ocean front properties to mountain retreats to luxury resorts across the country, the H2O Therapy Collection amenities brings a tasteful and welcoming atmosphere to each room. The earth ...", "Images": ["https://cdn11.bigcommerce.com/s-zd141b7qtp/products/46903/images/158646/h2o-therapy-collection__35213.1709722681.386.513.jpg?c=1", "https://cdn11.bigcommerce.com/s-zd141b7qtp/products/46903/images/158746/h2o-therapy-collection__58430.1709722995.386.513.jpg?c=1", "https://cdn11.bigcommerce.com/s-zd141b7qtp/products/46903/images/158610/h2o-therapy-collection__84261.1709722648.386.513.jpg?c=1", "https://cdn11.bigcommerce.com/s-zd141b7qtp/products/46903/images/158786/h2o-therapy-collection__48393.1709723044.386.513.jpg?c=1", "https://cdn11.bigcommerce.com/s-zd141b7qtp/products/46903/images/158675/h2o-therapy-collection__62635.1709722708.386.513.jpg?c=1", "https://cdn11.bigcommerce.com/s-zd141b7qtp/products/46903/images/158755/h2o-therapy-collection__04737.1709723005.386.513.jpg?c=1", "https://cdn11.bigcommerce.com/s-zd141b7qtp/products/46903/images/158637/h2o-therapy-collection__55252.1709722672.386.513.jpg?c=1", "https://cdn11.bigcommerce.com/s-zd141b7qtp/products/46903/images/158604/h2o-therapy-collection__48667.1709722642.386.513.jpg?c=1", "https://cdn11.bigcommerce.com/s-zd141b7qtp/products/46903/images/158581/h2o-therapy-collection__21933.1709722517.386.513.jpg?c=1"], "Url": "https://directtextilestore.com/H2O-Therapy-Collection"}
{"SKU": "CS-H2O-H2O20-MB150", "Type": "", "Size": "Quantity Of 400", "Color": "", "Options": {"Main Option": "Amenities", "Description": "1 Oz Massage Bar Soap", "Size": "Quantity Of 400", "CHOOSE PACK SIZE": "Case of (400) Pieces"}, "Price Per Each": "0.18", "Full Price": "73.7100", "Stock Status": "In Stock", "Brand": "H2O Therapy", "Category": "", "Sub Category": "", "Material": "", "Title": "H2O Therapy Collection", "Description": "From ocean front properties to mountain retreats to luxury resorts across the country, the H2O Therapy Collection amenities brings a tasteful and welcoming atmosphere to each room. The earth ...", "Images": ["https://cdn11.bigcommerce.com/s-zd141b7qtp/products/46903/images/158646/h2o-therapy-collection__35213.1709722681.386.513.jpg?c=1", "https://cdn11.bigcommerce.com/s-zd141b7qtp/products/46903/images/158746/h2o-therapy-collection__58430.1709722995.386.513.jpg?c=1", "https://cdn11.bigcommerce.com/s-zd141b7qtp/products/46903/images/158610/h2o-therapy-collection__84261.1709722648.386.513.jpg?c=1", "https://cdn11.bigcommerce.com/s-zd141b7qtp/products/46903/images/158786/h2o-therapy-collection__48393.1709723044.386.513.jpg?c=1", "https://cdn11.bigcommerce.com/s-zd141b7qtp/products/46903/images/158675/h2o-therapy-collection__62635.1709722708.386.513.jpg?c=1", "https://cdn11.bigcommerce.com/s-zd141b7qtp/products/46903/images/158755/h2o-therapy-collection__04737.1709723005.386.513.jpg?c=1", "https://cdn11.bigcommerce.com/s-zd141b7qtp/products/46903/images/158637/h2o-therapy-collection__55252.1709722672.386.513.jpg?c=1", "https://cdn11.bigcommerce.com/s-zd141b7qtp/products/46903/images/158604/h2o-therapy-collection__48667.1709722642.386.513.jpg?c=1", "https://cdn11.bigcommerce.com/s-zd141b7qtp/products/46903/images/158581/h2o-therapy-collection__21933.1709722517.386.513.jpg?c=1"], "Url": "https://directtextilestore.com/H2O-Therapy-Collection"}
{"SKU": "CS-H2O-H2O22-CB100", "Type": "", "Size": "Quantity Of 500", "Color": "", "Options": {"Main Option": "Amenities", "Description": "0.88 Oz Cleansing Bar Soap", "Size": "Quantity Of 500", "CHOOSE PACK SIZE": "Case of (500) Pieces"}, "Price Per Each": "0.15", "Full Price": "73.9300", "Stock Status": "In Stock", "Brand": "H2O Therapy", "Category": "", "Sub Category": "", "Material": "", "Title": "H2O Therapy Collection", "Description": "From ocean front properties to mountain retreats to luxury resorts across the country, the H2O Therapy Collection amenities brings a tasteful and welcoming atmosphere to each room. The earth ...", "Images": ["https://cdn11.bigcommerce.com/s-zd141b7qtp/products/46903/images/158646/h2o-therapy-collection__35213.1709722681.386.513.jpg?c=1", "https://cdn11.bigcommerce.com/s-zd141b7qtp/products/46903/images/158746/h2o-therapy-collection__58430.1709722995.386.513.jpg?c=1", "https://cdn11.bigcommerce.com/s-zd141b7qtp/products/46903/images/158610/h2o-therapy-collection__84261.1709722648.386.513.jpg?c=1", "https://cdn11.bigcommerce.com/s-zd141b7qtp/products/46903/images/158786/h2o-therapy-collection__48393.1709723044.386.513.jpg?c=1", "https://cdn11.bigcommerce.com/s-zd141b7qtp/products/46903/images/158675/h2o-therapy-collection__62635.1709722708.386.513.jpg?c=1", "https://cdn11.bigcommerce.com/s-zd141b7qtp/products/46903/images/158755/h2o-therapy-collection__04737.1709723005.386.513.jpg?c=1", "https://cdn11.bigcommerce.com/s-zd141b7qtp/products/46903/images/158637/h2o-therapy-collection__55252.1709722672.386.513.jpg?c=1", "https://cdn11.bigcommerce.com/s-zd141b7qtp/products/46903/images/158604/h2o-therapy-collection__48667.1709722642.386.513.jpg?c=1", "https://cdn11.bigcommerce.com/s-zd141b7qtp/products/46903/images/158581/h2o-therapy-collection__21933.1709722517.386.513.jpg?c=1"], "Url": "https://directtextilestore.com/H2O-Therapy-Collection"}
{"SKU": "CS-H2O-H2O06-S085", "Type": "", "Size": "Quantity Of 300", "Color": "", "Options": {"Main Option": "Amenities", "Description": "0.85 Oz Shampoo", "Size": "Quantity Of 300", "CHOOSE PACK SIZE": "Case of (300) Pieces"}, "Price Per Each": "0.24", "Full Price": "72.8600", "Stock Status": "In Stock", "Brand": "H2O Therapy", "Category": "", "Sub Category": "", "Material": "", "Title": "H2O Therapy Collection", "Description": "From ocean front properties to mountain retreats to luxury resorts across the country, the H2O Therapy Collection amenities brings a tasteful and welcoming atmosphere to each room. The earth ...", "Images": ["https://cdn11.bigcommerce.com/s-zd141b7qtp/products/46903/images/158646/h2o-therapy-collection__35213.1709722681.386.513.jpg?c=1", "https://cdn11.bigcommerce.com/s-zd141b7qtp/products/46903/images/158746/h2o-therapy-collection__58430.1709722995.386.513.jpg?c=1", "https://cdn11.bigcommerce.com/s-zd141b7qtp/products/46903/images/158610/h2o-therapy-collection__84261.1709722648.386.513.jpg?c=1", "https://cdn11.bigcommerce.com/s-zd141b7qtp/products/46903/images/158786/h2o-therapy-collection__48393.1709723044.386.513.jpg?c=1", "https://cdn11.bigcommerce.com/s-zd141b7qtp/products/46903/images/158675/h2o-therapy-collection__62635.1709722708.386.513.jpg?c=1", "https://cdn11.bigcommerce.com/s-zd141b7qtp/products/46903/images/158755/h2o-therapy-collection__04737.1709723005.386.513.jpg?c=1", "https://cdn11.bigcommerce.com/s-zd141b7qtp/products/46903/images/158637/h2o-therapy-collection__55252.1709722672.386.513.jpg?c=1", "https://cdn11.bigcommerce.com/s-zd141b7qtp/products/46903/images/158604/h2o-therapy-collection__48667.1709722642.386.513.jpg?c=1", "https://cdn11.bigcommerce.com/s-zd141b7qtp/products/46903/images/158581/h2o-therapy-collection__21933.1709722517.386.513.jpg?c=1"], "Url": "https://directtextilestore.com/H2O-Therapy-Collection"}
{"SKU": "CS-H2O-H2O07-C085", "Type": "", "Size": "Quantity Of 300", "Color": "", "Options": {"Main Option": "Amenities", "Description": "0.85 Oz Conditioner", "Size": "Quantity Of 300", "CHOOSE PACK SIZE": "Case of (300) Pieces"}, "Price Per Each": "0.25", "Full Price": "75.8600", "Stock Status": "In Stock", "Brand": "H2O Therapy", "Category": "", "Sub Category": "", "Material": "", "Title": "H2O Therapy Collection", "Description": "From ocean front properties to mountain retreats to luxury resorts across the country, the H2O Therapy Collection amenities brings a tasteful and welcoming atmosphere to each room. The earth ...", "Images": ["https://cdn11.bigcommerce.com/s-zd141b7qtp/products/46903/images/158646/h2o-therapy-collection__35213.1709722681.386.513.jpg?c=1", "https://cdn11.bigcommerce.com/s-zd141b7qtp/products/46903/images/158746/h2o-therapy-collection__58430.1709722995.386.513.jpg?c=1", "https://cdn11.bigcommerce.com/s-zd141b7qtp/products/46903/images/158610/h2o-therapy-collection__84261.1709722648.386.513.jpg?c=1", "https://cdn11.bigcommerce.com/s-zd141b7qtp/products/46903/images/158786/h2o-therapy-collection__48393.1709723044.386.513.jpg?c=1", "https://cdn11.bigcommerce.com/s-zd141b7qtp/products/46903/images/158675/h2o-therapy-collection__62635.1709722708.386.513.jpg?c=1", "https://cdn11.bigcommerce.com/s-zd141b7qtp/products/46903/images/158755/h2o-therapy-collection__04737.1709723005.386.513.jpg?c=1", "https://cdn11.bigcommerce.com/s-zd141b7qtp/products/46903/images/158637/h2o-therapy-collection__55252.1709722672.386.513.jpg?c=1", "https://cdn11.bigcommerce.com/s-zd141b7qtp/products/46903/images/158604/h2o-therapy-collection__48667.1709722642.386.513.jpg?c=1", "https://cdn11.bigcommerce.com/s-zd141b7qtp/products/46903/images/158581/h2o-therapy-collection__21933.1709722517.386.513.jpg?c=1"], "Url": "https://directtextilestore.com/H2O-Therapy-Collection"}
{"SKU": "CS-H2O-H2O08-L085", "Type": "", "Size": "Quantity Of 300", "Color": "", "Options": {"Main Option": "Amenities", "Description": "0.85 Oz Body Lotion", "Size": "Quantity Of 300", "CHOOSE PACK SIZE": "Case of (300) Pieces"}, "Price Per Each": "0.23", "Full Price": "70.2900", "Stock Status": "In Stock", "Brand": "H2O Therapy", "Category": "", "Sub Category": "", "Material": "", "Title": "H2O Therapy Collection", "Description": "From ocean front properties to mountain retreats to luxury resorts across the country, the H2O Therapy Collection amenities brings a tasteful and welcoming atmosphere to each room. The earth ...", "Images": ["https://cdn11.bigcommerce.com/s-zd141b7qtp/products/46903/images/158646/h2o-therapy-collection__35213.1709722681.386.513.jpg?c=1", "https://cdn11.bigcommerce.com/s-zd141b7qtp/products/46903/images/158746/h2o-therapy-collection__58430.1709722995.386.513.jpg?c=1", "https://cdn11.bigcommerce.com/s-zd141b7qtp/products/46903/images/158610/h2o-therapy-collection__84261.1709722648.386.513.jpg?c=1", "https://cdn11.bigcommerce.com/s-zd141b7qtp/products/46903/images/158786/h2o-therapy-collection__48393.1709723044.386.513.jpg?c=1", "https://cdn11.bigcommerce.com/s-zd141b7qtp/products/46903/images/158675/h2o-therapy-collection__62635.1709722708.386.513.jpg?c=1", "https://cdn11.bigcommerce.com/s-zd141b7qtp/products/46903/images/158755/h2o-therapy-collection__04737.1709723005.386.513.jpg?c=1", "https://cdn11.bigcommerce.com/s-zd141b7qtp/products/46903/images/158637/h2o-therapy-collection__55252.1709722672.386.513.jpg?c=1", "https://cdn11.bigcommerce.com/s-zd141b7qtp/products/46903/images/158604/h2o-therapy-collection__48667.1709722642.386.513.jpg?c=1", "https://cdn11.bigcommerce.com/s-zd141b7qtp/products/46903/images/158581/h2o-therapy-collection__21933.1709722517.386.513.jpg?c=1"], "Url": "https://directtextilestore.com/H2O-Therapy-Collection"}
{"SKU": "CS-H2O-H2O09-W085", "Type": "", "Size": "Quantity Of 300", "Color": "", "Options": {"Main Option": "Amenities", "Description": "0.85 Oz Body Wash", "Size": "Quantity Of 300", "CHOOSE PACK SIZE": "Case of (300) Pieces"}, "Price Per Each": "0.21", "Full Price": "64.2900", "Stock Status": "In Stock", "Brand": "H2O Therapy", "Category": "", "Sub Category": "", "Material": "", "Title": "H2O Therapy Collection", "Description": "From ocean front properties to mountain retreats to luxury resorts across the country, the H2O Therapy Collection amenities brings a tasteful and welcoming atmosphere to each room. The earth ...", "Images": ["https://cdn11.bigcommerce.com/s-zd141b7qtp/products/46903/images/158646/h2o-therapy-collection__35213.1709722681.386.513.jpg?c=1", "https://cdn11.bigcommerce.com/s-zd141b7qtp/products/46903/images/158746/h2o-therapy-collection__58430.1709722995.386.513.jpg?c=1", "https://cdn11.bigcommerce.com/s-zd141b7qtp/products/46903/images/158610/h2o-therapy-collection__84261.1709722648.386.513.jpg?c=1", "https://cdn11.bigcommerce.com/s-zd141b7qtp/products/46903/images/158786/h2o-therapy-collection__48393.1709723044.386.513.jpg?c=1", "https://cdn11.bigcommerce.com/s-zd141b7qtp/products/46903/images/158675/h2o-therapy-collection__62635.1709722708.386.513.jpg?c=1", "https://cdn11.bigcommerce.com/s-zd141b7qtp/products/46903/images/158755/h2o-therapy-collection__04737.1709723005.386.513.jpg?c=1", "https://cdn11.bigcommerce.com/s-zd141b7qtp/products/46903/images/158637/h2o-therapy-collection__55252.1709722672.386.513.jpg?c=1", "https://cdn11.bigcommerce.com/s-zd141b7qtp/products/46903/images/158604/h2o-therapy-collection__48667.1709722642.386.513.jpg?c=1", "https://cdn11.bigcommerce.com/s-zd141b7qtp/products/46903/images/158581/h2o-therapy-collection__21933.1709722517.386.513.jpg?c=1"], "Url": "https://directtextilestore.com/H2O-Therapy-Collection"}
{"SKU": "CS-H2O-H2O21-CB075", "Type": "", "Size": "Quantity Of 1,000", "Color": "", "Options": {"Main Option": "Amenities", "Description": "#75 Cleansing Soap Bar", "Size": "Quantity Of 1,000", "CHOOSE PACK SIZE": "Case of (1000) Pieces"}, "Price Per Each": "0.07", "Full Price": "69.4300", "Stock Status": "In Stock", "Brand": "H2O Therapy", "Category": "", "Sub Category": "", "Material": "", "Title": "H2O Therapy Collection", "Description": "From ocean front properties to mountain retreats to luxury resorts across the country, the H2O Therapy Collection amenities brings a tasteful and welcoming atmosphere to each room. The earth ...", "Images": ["https://cdn11.bigcommerce.com/s-zd141b7qtp/products/46903/images/158646/h2o-therapy-collection__35213.1709722681.386.513.jpg?c=1", "https://cdn11.bigcommerce.com/s-zd141b7qtp/products/46903/images/158746/h2o-therapy-collection__58430.1709722995.386.513.jpg?c=1", "https://cdn11.bigcommerce.com/s-zd141b7qtp/products/46903/images/158610/h2o-therapy-collection__84261.1709722648.386.513.jpg?c=1", "https://cdn11.bigcommerce.com/s-zd141b7qtp/products/46903/images/158786/h2o-therapy-collection__48393.1709723044.386.513.jpg?c=1", "https://cdn11.bigcommerce.com/s-zd141b7qtp/products/46903/images/158675/h2o-therapy-collection__62635.1709722708.386.513.jpg?c=1", "https://cdn11.bigcommerce.com/s-zd141b7qtp/products/46903/images/158755/h2o-therapy-collection__04737.1709723005.386.513.jpg?c=1", "https://cdn11.bigcommerce.com/s-zd141b7qtp/products/46903/images/158637/h2o-therapy-collection__55252.1709722672.386.513.jpg?c=1", "https://cdn11.bigcommerce.com/s-zd141b7qtp/products/46903/images/158604/h2o-therapy-collection__48667.1709722642.386.513.jpg?c=1", "https://cdn11.bigcommerce.com/s-zd141b7qtp/products/46903/images/158581/h2o-therapy-collection__21933.1709722517.386.513.jpg?c=1"], "Url": "https://directtextilestore.com/H2O-Therapy-Collection"}
{"SKU": "CS15-15934", "Type": "", "Size": "Solid Tube - 0.85 Oz", "Color": "", "Options": {"Main Option": "H2O Therapy Hotel Amenities Collection", "Description": "Shampoo", "Size": "Solid Tube - 0.85 Oz", "Weight/Case": "23 Lbs", "CHOOSE PACK SIZE": "Case of (300) Pieces"}, "Price Per Each": "0.25", "Full Price": "75.7300", "Stock Status": "In Stock", "Brand": "H2O Therapy", "Category": "Shampoo", "Sub Category": "Conditioner", "Material": "", "Title": "H2O Therapy Wholesale Hotel Amenities", "Description": "Introducing H2O Therapy Wholesale Hotel Amenities, A perfect choice for bulk hotel amenities. Let your guests experience the revitalizing power of these solid tube shampoos, conditioners, lotions, ...", "Images": ["https://cdn11.bigcommerce.com/s-zd141b7qtp/products/47790/images/146769/h2o-therapy-wholesale-hotel-amenities__92839.1706017045.386.513.jpg?c=1", "https://cdn11.bigcommerce.com/s-zd141b7qtp/products/47790/images/148127/h2o-therapy-wholesale-hotel-amenities__96269.1706018880.386.513.jpg?c=1", "https://cdn11.bigcommerce.com/s-zd141b7qtp/products/47790/images/152724/h2o-therapy-wholesale-hotel-amenities__37113.1706025235.386.513.jpg?c=1", "https://cdn11.bigcommerce.com/s-zd141b7qtp/products/47790/images/149309/h2o-therapy-wholesale-hotel-amenities__34388.1706020461.386.513.jpg?c=1"], "Url": "https://directtextilestore.com/h2o-therapy-wholesale-hotel-amenities/"}
{"SKU": "CS15-15935", "Type": "", "Size": "Solid Tube - 0.85 Oz", "Color": "", "Options": {"Main Option": "H2O Therapy Hotel Amenities Collection", "Description": "Conditioner", "Size": "Solid Tube - 0.85 Oz", "Weight/Case": "23 Lbs", "CHOOSE PACK SIZE": "Case of (300) Pieces"}, "Price Per Each": "0.22", "Full Price": "66.0900", "Stock Status": "In Stock", "Brand": "H2O Therapy", "Category": "Shampoo", "Sub Category": "Conditioner", "Material": "", "Title": "H2O Therapy Wholesale Hotel Amenities", "Description": "Introducing H2O Therapy Wholesale Hotel Amenities, A perfect choice for bulk hotel amenities. Let your guests experience the revitalizing power of these solid tube shampoos, conditioners, lotions, ...", "Images": ["https://cdn11.bigcommerce.com/s-zd141b7qtp/products/47790/images/146769/h2o-therapy-wholesale-hotel-amenities__92839.1706017045.386.513.jpg?c=1", "https://cdn11.bigcommerce.com/s-zd141b7qtp/products/47790/images/148127/h2o-therapy-wholesale-hotel-amenities__96269.1706018880.386.513.jpg?c=1", "https://cdn11.bigcommerce.com/s-zd141b7qtp/products/47790/images/152724/h2o-therapy-wholesale-hotel-amenities__37113.1706025235.386.513.jpg?c=1", "https://cdn11.bigcommerce.com/s-zd141b7qtp/products/47790/images/149309/h2o-therapy-wholesale-hotel-amenities__34388.1706020461.386.513.jpg?c=1"], "Url": "https://directtextilestore.com/h2o-therapy-wholesale-hotel-amenities/"}
{"SKU": "CS15-15937", "Type": "", "Size": "Solid Tube - 0.85 Oz", "Color": "", "Options": {"Main Option": "H2O Therapy Hotel Amenities Collection", "Description": "Body Wash", "Size": "Solid Tube - 0.85 Oz", "Weight/Case": "23 Lbs", "CHOOSE PACK SIZE": "Case of (300) Pieces"}, "Price Per Each": "0.23", "Full Price": "69.3100", "Stock Status": "In Stock", "Brand": "H2O Therapy", "Category": "Shampoo", "Sub Category": "Conditioner", "Material": "", "Title": "H2O Therapy Wholesale Hotel Amenities", "Description": "Introducing H2O Therapy Wholesale Hotel Amenities, A perfect choice for bulk hotel amenities. Let your guests experience the revitalizing power of these solid tube shampoos, conditioners, lotions, ...", "Images": ["https://cdn11.bigcommerce.com/s-zd141b7qtp/products/47790/images/146769/h2o-therapy-wholesale-hotel-amenities__92839.1706017045.386.513.jpg?c=1", "https://cdn11.bigcommerce.com/s-zd141b7qtp/products/47790/images/148127/h2o-therapy-wholesale-hotel-amenities__96269.1706018880.386.513.jpg?c=1", "https://cdn11.bigcommerce.com/s-zd141b7qtp/products/47790/images/152724/h2o-therapy-wholesale-hotel-amenities__37113.1706025235.386.513.jpg?c=1", "https://cdn11.bigcommerce.com/s-zd141b7qtp/products/47790/images/149309/h2o-therapy-wholesale-hotel-amenities__34388.1706020461.386.513.jpg?c=1"], "Url": "https://directtextilestore.com/h2o-therapy-wholesale-hotel-amenities/"}
{"SKU": "CS15-15936", "Type": "", "Size": "Solid Tube - 0.85 Oz", "Color": "", "Options": {"Main Option": "H2O Therapy Hotel Amenities Collection", "Description": "Body Lotion", "Size": "Solid Tube - 0.85 Oz", "Weight/Case": "23 Lbs", "CHOOSE PACK SIZE": "Case of (300) Pieces"}, "Price Per Each": "0.23", "Full Price": "70.1900", "Stock Status": "In Stock", "Brand": "H2O Therapy", "Category": "Shampoo", "Sub Category": "Conditioner", "Material": "", "Title": "H2O Therapy Wholesale Hotel Amenities", "Description": "Introducing H2O Therapy Wholesale Hotel Amenities, A perfect choice for bulk hotel amenities. Let your guests experience the revitalizing power of these solid tube shampoos, conditioners, lotions, ...", "Images": ["https://cdn11.bigcommerce.com/s-zd141b7qtp/products/47790/images/146769/h2o-therapy-wholesale-hotel-amenities__92839.1706017045.386.513.jpg?c=1", "https://cdn11.bigcommerce.com/s-zd141b7qtp/products/47790/images/148127/h2o-therapy-wholesale-hotel-amenities__96269.1706018880.386.513.jpg?c=1", "https://cdn11.bigcommerce.com/s-zd141b7qtp/products/47790/images/152724/h2o-therapy-wholesale-hotel-amenities__37113.1706025235.386.513.jpg?c=1", "https://cdn11.bigcommerce.com/s-zd141b7qtp/products/47790/images/149309/h2o-therapy-wholesale-hotel-amenities__34388.1706020461.386.513.jpg?c=1"], "Url": "https://directtextilestore.com/h2o-therapy-wholesale-hotel-amenities/"}
