{"SKU": "SAHBHHD610", "Type": "", "Size": "Pack of (6) Pieces", "Color": "", "Options": {"Main Option": "HAIR DRYER - 1600 Watt", "Description": "BLACK", "Watt": "1600", "CHOOSE PACK SIZE": "Pack of (6) Pieces"}, "Price Per Each": "20.82", "Full Price": "124.9200", "Stock Status": "In Stock", "Brand": "Hamilton Beach", "Category": "Hairdryer Machine", "Sub Category": "", "Material": "", "Title": "Midsize Hotel Hair Dryer - 1600 Watts by Hamilton Beach", "Description": "Midsize Hotel Hair Dryer - 1600 Watts, experience the convenience and power of The Hamilton Beach Commercial&reg; Hospitality's Midsize Hair Dryer for hotels. With 1600 watts, ergonomic handle, ...", "Images": ["https://cdn11.bigcommerce.com/s-zd141b7qtp/products/47853/images/147248/midsize-hotel-hair-dryer-1600-watts-by-hamilton-beach-hamilton-beach__70060.1706818671.386.513.jpg?c=1", "https://cdn11.bigcommerce.com/s-zd141b7qtp/products/47853/images/155637/midsize-hotel-hair-dryer-1600-watts-by-hamilton-beach-hamilton-beach__82450.1707128027.386.513.jpg?c=1"], "Url": "https://directtextilestore.com/midsize-hotel-hair-dryer-1600-watts-by-hamilton-beach/"}
