{"SKU": "MSMCTBP470", "Type": "", "Size": "Twin", "Color": "", "Options": {"Main Option": "Options", "Description": "White Mattress Cover", "Size": "Twin", "CHOOSE PACK SIZE": "Case of (3) Pieces"}, "Price Per Each": "11.42", "Full Price": "34.2600", "Stock Status": "In Stock", "Brand": "MainStays", "Category": "Mattress/Bed Pads", "Sub Category": "Bedding", "Material": "100% Polyester", "Title": "MainStays Cooling Comfort Mattress Cover", "Description": "Enjoy a cool night&rsquo;s sleep with the MainStays Cooling Fitted Mattress Protector. Its innovative design incorporates a cooling top fabric, constructed from a waterproof woven blend, providing ...", "Images": ["https://cdn11.bigcommerce.com/s-zd141b7qtp/products/47003/images/153569/mainstays-cooling-comfort-mattress-cover__26460.1706026374.386.513.jpg?c=1", "https://cdn11.bigcommerce.com/s-zd141b7qtp/products/47003/images/151792/mainstays-cooling-comfort-mattress-cover__84104.1706023988.386.513.jpg?c=1", "https://cdn11.bigcommerce.com/s-zd141b7qtp/products/47003/images/147853/mainstays-cooling-comfort-mattress-cover__59813.1706018510.386.513.jpg?c=1", "https://cdn11.bigcommerce.com/s-zd141b7qtp/products/47003/images/148910/mainstays-cooling-comfort-mattress-cover__13485.1706019939.386.513.jpg?c=1", "https://cdn11.bigcommerce.com/s-zd141b7qtp/products/47003/images/147253/mainstays-cooling-comfort-mattress-cover__35625.1706017689.386.513.jpg?c=1"], "Url": "https://directtextilestore.com/MainStays-Cooling-Fitted-Mattress-Protector"}
{"SKU": "MSMCFBP470", "Type": "", "Size": "Full", "Color": "", "Options": {"Main Option": "Options", "Description": "White Mattress Cover", "Size": "Full", "CHOOSE PACK SIZE": "Case of (3) Pieces"}, "Price Per Each": "12.85", "Full Price": "38.5500", "Stock Status": "In Stock", "Brand": "MainStays", "Category": "Mattress/Bed Pads", "Sub Category": "Bedding", "Material": "100% Polyester", "Title": "MainStays Cooling Comfort Mattress Cover", "Description": "Enjoy a cool night&rsquo;s sleep with the MainStays Cooling Fitted Mattress Protector. Its innovative design incorporates a cooling top fabric, constructed from a waterproof woven blend, providing ...", "Images": ["https://cdn11.bigcommerce.com/s-zd141b7qtp/products/47003/images/153569/mainstays-cooling-comfort-mattress-cover__26460.1706026374.386.513.jpg?c=1", "https://cdn11.bigcommerce.com/s-zd141b7qtp/products/47003/images/151792/mainstays-cooling-comfort-mattress-cover__84104.1706023988.386.513.jpg?c=1", "https://cdn11.bigcommerce.com/s-zd141b7qtp/products/47003/images/147853/mainstays-cooling-comfort-mattress-cover__59813.1706018510.386.513.jpg?c=1", "https://cdn11.bigcommerce.com/s-zd141b7qtp/products/47003/images/148910/mainstays-cooling-comfort-mattress-cover__13485.1706019939.386.513.jpg?c=1", "https://cdn11.bigcommerce.com/s-zd141b7qtp/products/47003/images/147253/mainstays-cooling-comfort-mattress-cover__35625.1706017689.386.513.jpg?c=1"], "Url": "https://directtextilestore.com/MainStays-Cooling-Fitted-Mattress-Protector"}
{"SKU": "MSMCQBP470", "Type": "", "Size": "Queen", "Color": "", "Options": {"Main Option": "Options", "Description": "White Mattress Cover", "Size": "Queen", "CHOOSE PACK SIZE": "Case of (3) Pieces"}, "Price Per Each": "15.71", "Full Price": "47.1200", "Stock Status": "In Stock", "Brand": "MainStays", "Category": "Mattress/Bed Pads", "Sub Category": "Bedding", "Material": "100% Polyester", "Title": "MainStays Cooling Comfort Mattress Cover", "Description": "Enjoy a cool night&rsquo;s sleep with the MainStays Cooling Fitted Mattress Protector. Its innovative design incorporates a cooling top fabric, constructed from a waterproof woven blend, providing ...", "Images": ["https://cdn11.bigcommerce.com/s-zd141b7qtp/products/47003/images/153569/mainstays-cooling-comfort-mattress-cover__26460.1706026374.386.513.jpg?c=1", "https://cdn11.bigcommerce.com/s-zd141b7qtp/products/47003/images/151792/mainstays-cooling-comfort-mattress-cover__84104.1706023988.386.513.jpg?c=1", "https://cdn11.bigcommerce.com/s-zd141b7qtp/products/47003/images/147853/mainstays-cooling-comfort-mattress-cover__59813.1706018510.386.513.jpg?c=1", "https://cdn11.bigcommerce.com/s-zd141b7qtp/products/47003/images/148910/mainstays-cooling-comfort-mattress-cover__13485.1706019939.386.513.jpg?c=1", "https://cdn11.bigcommerce.com/s-zd141b7qtp/products/47003/images/147253/mainstays-cooling-comfort-mattress-cover__35625.1706017689.386.513.jpg?c=1"], "Url": "https://directtextilestore.com/MainStays-Cooling-Fitted-Mattress-Protector"}
{"SKU": "MSMCKBP470", "Type": "", "Size": "King", "Color": "", "Options": {"Main Option": "Options", "Description": "White Mattress Cover", "Size": "King", "CHOOSE PACK SIZE": "Case of (3) Pieces"}, "Price Per Each": "18.57", "Full Price": "55.7000", "Stock Status": "In Stock", "Brand": "MainStays", "Category": "Mattress/Bed Pads", "Sub Category": "Bedding", "Material": "100% Polyester", "Title": "MainStays Cooling Comfort Mattress Cover", "Description": "Enjoy a cool night&rsquo;s sleep with the MainStays Cooling Fitted Mattress Protector. Its innovative design incorporates a cooling top fabric, constructed from a waterproof woven blend, providing ...", "Images": ["https://cdn11.bigcommerce.com/s-zd141b7qtp/products/47003/images/153569/mainstays-cooling-comfort-mattress-cover__26460.1706026374.386.513.jpg?c=1", "https://cdn11.bigcommerce.com/s-zd141b7qtp/products/47003/images/151792/mainstays-cooling-comfort-mattress-cover__84104.1706023988.386.513.jpg?c=1", "https://cdn11.bigcommerce.com/s-zd141b7qtp/products/47003/images/147853/mainstays-cooling-comfort-mattress-cover__59813.1706018510.386.513.jpg?c=1", "https://cdn11.bigcommerce.com/s-zd141b7qtp/products/47003/images/148910/mainstays-cooling-comfort-mattress-cover__13485.1706019939.386.513.jpg?c=1", "https://cdn11.bigcommerce.com/s-zd141b7qtp/products/47003/images/147253/mainstays-cooling-comfort-mattress-cover__35625.1706017689.386.513.jpg?c=1"], "Url": "https://directtextilestore.com/MainStays-Cooling-Fitted-Mattress-Protector"}
