{"SKU": "OS5815", "Type": "", "Size": ".5 Oz Bar", "Color": "", "Options": {"Main Option": "Amenities", "Description": "White Starfish Facial Soap", "Package": "Translucent Plastic Packet", "Size": ".5 Oz Bar", "CHOOSE PACK SIZE": "Case of (900) Pieces"}, "Price Per Each": "0.12", "Full Price": "107.8100", "Stock Status": "In Stock", "Brand": "OceanSpa", "Category": "Facial Soap", "Sub Category": "Body Soap", "Material": "", "Title": "OceanSpa Amenity Collection", "Description": "With the nourishing properties of sea kelp, the Ocean Spa Collection's salon formula features an abundance of powerful antioxidants. This exceptional soap and shampoo collection is thoughtfully ...", "Images": ["https://cdn11.bigcommerce.com/s-zd141b7qtp/products/45316/images/160811/oceanspa-amenity-collection__32717.1712319759.386.513.jpg?c=1", "https://cdn11.bigcommerce.com/s-zd141b7qtp/products/45316/images/160842/oceanspa-amenity-collection__71722.1712319798.386.513.jpg?c=1", "https://cdn11.bigcommerce.com/s-zd141b7qtp/products/45316/images/160670/oceanspa-amenity-collection__16284.1712319524.386.513.jpg?c=1", "https://cdn11.bigcommerce.com/s-zd141b7qtp/products/45316/images/160895/oceanspa-amenity-collection__68311.1712319861.386.513.jpg?c=1", "https://cdn11.bigcommerce.com/s-zd141b7qtp/products/45316/images/160894/oceanspa-amenity-collection__60643.1712319860.386.513.jpg?c=1", "https://cdn11.bigcommerce.com/s-zd141b7qtp/products/45316/images/160891/oceanspa-amenity-collection__20975.1712319856.386.513.jpg?c=1", "https://cdn11.bigcommerce.com/s-zd141b7qtp/products/45316/images/161196/oceanspa-amenity-collection__42481.1712320339.386.513.jpg?c=1", "https://cdn11.bigcommerce.com/s-zd141b7qtp/products/45316/images/161127/oceanspa-amenity-collection__53036.1712320249.386.513.jpg?c=1"], "Url": "https://directtextilestore.com/OceanSpa-Amentity-Collection"}
{"SKU": "OS5840", "Type": "", "Size": "1.4 Oz Bar", "Color": "", "Options": {"Main Option": "Amenities", "Description": "French Milled, Shell Shaped Body Soap", "Package": "Cello Wrapped", "Size": "1.4 Oz Bar", "CHOOSE PACK SIZE": "Case of (300) Pieces"}, "Price Per Each": "0.33", "Full Price": "98.8900", "Stock Status": "In Stock", "Brand": "OceanSpa", "Category": "Facial Soap", "Sub Category": "Body Soap", "Material": "", "Title": "OceanSpa Amenity Collection", "Description": "With the nourishing properties of sea kelp, the Ocean Spa Collection's salon formula features an abundance of powerful antioxidants. This exceptional soap and shampoo collection is thoughtfully ...", "Images": ["https://cdn11.bigcommerce.com/s-zd141b7qtp/products/45316/images/160811/oceanspa-amenity-collection__32717.1712319759.386.513.jpg?c=1", "https://cdn11.bigcommerce.com/s-zd141b7qtp/products/45316/images/160842/oceanspa-amenity-collection__71722.1712319798.386.513.jpg?c=1", "https://cdn11.bigcommerce.com/s-zd141b7qtp/products/45316/images/160670/oceanspa-amenity-collection__16284.1712319524.386.513.jpg?c=1", "https://cdn11.bigcommerce.com/s-zd141b7qtp/products/45316/images/160895/oceanspa-amenity-collection__68311.1712319861.386.513.jpg?c=1", "https://cdn11.bigcommerce.com/s-zd141b7qtp/products/45316/images/160894/oceanspa-amenity-collection__60643.1712319860.386.513.jpg?c=1", "https://cdn11.bigcommerce.com/s-zd141b7qtp/products/45316/images/160891/oceanspa-amenity-collection__20975.1712319856.386.513.jpg?c=1", "https://cdn11.bigcommerce.com/s-zd141b7qtp/products/45316/images/161196/oceanspa-amenity-collection__42481.1712320339.386.513.jpg?c=1", "https://cdn11.bigcommerce.com/s-zd141b7qtp/products/45316/images/161127/oceanspa-amenity-collection__53036.1712320249.386.513.jpg?c=1"], "Url": "https://directtextilestore.com/OceanSpa-Amentity-Collection"}
{"SKU": "OS183", "Type": "", "Size": "1.0 Oz Tube", "Color": "", "Options": {"Main Option": "Amenities", "Description": "Nourishing Cream Lotion", "Package": "Tube", "Size": "1.0 Oz Tube", "CHOOSE PACK SIZE": "Case of (450) Pieces"}, "Price Per Each": "0.21", "Full Price": "95.8700", "Stock Status": "In Stock", "Brand": "OceanSpa", "Category": "Facial Soap", "Sub Category": "Body Soap", "Material": "", "Title": "OceanSpa Amenity Collection", "Description": "With the nourishing properties of sea kelp, the Ocean Spa Collection's salon formula features an abundance of powerful antioxidants. This exceptional soap and shampoo collection is thoughtfully ...", "Images": ["https://cdn11.bigcommerce.com/s-zd141b7qtp/products/45316/images/160811/oceanspa-amenity-collection__32717.1712319759.386.513.jpg?c=1", "https://cdn11.bigcommerce.com/s-zd141b7qtp/products/45316/images/160842/oceanspa-amenity-collection__71722.1712319798.386.513.jpg?c=1", "https://cdn11.bigcommerce.com/s-zd141b7qtp/products/45316/images/160670/oceanspa-amenity-collection__16284.1712319524.386.513.jpg?c=1", "https://cdn11.bigcommerce.com/s-zd141b7qtp/products/45316/images/160895/oceanspa-amenity-collection__68311.1712319861.386.513.jpg?c=1", "https://cdn11.bigcommerce.com/s-zd141b7qtp/products/45316/images/160894/oceanspa-amenity-collection__60643.1712319860.386.513.jpg?c=1", "https://cdn11.bigcommerce.com/s-zd141b7qtp/products/45316/images/160891/oceanspa-amenity-collection__20975.1712319856.386.513.jpg?c=1", "https://cdn11.bigcommerce.com/s-zd141b7qtp/products/45316/images/161196/oceanspa-amenity-collection__42481.1712320339.386.513.jpg?c=1", "https://cdn11.bigcommerce.com/s-zd141b7qtp/products/45316/images/161127/oceanspa-amenity-collection__53036.1712320249.386.513.jpg?c=1"], "Url": "https://directtextilestore.com/OceanSpa-Amentity-Collection"}
{"SKU": "OS173", "Type": "", "Size": "1.0 Oz Tube", "Color": "", "Options": {"Main Option": "Amenities", "Description": "Conditioning Shampoo", "Package": "Tube", "Size": "1.0 Oz Tube", "CHOOSE PACK SIZE": "Case of (450) Pieces"}, "Price Per Each": "0.22", "Full Price": "97.9100", "Stock Status": "In Stock", "Brand": "OceanSpa", "Category": "Facial Soap", "Sub Category": "Body Soap", "Material": "", "Title": "OceanSpa Amenity Collection", "Description": "With the nourishing properties of sea kelp, the Ocean Spa Collection's salon formula features an abundance of powerful antioxidants. This exceptional soap and shampoo collection is thoughtfully ...", "Images": ["https://cdn11.bigcommerce.com/s-zd141b7qtp/products/45316/images/160811/oceanspa-amenity-collection__32717.1712319759.386.513.jpg?c=1", "https://cdn11.bigcommerce.com/s-zd141b7qtp/products/45316/images/160842/oceanspa-amenity-collection__71722.1712319798.386.513.jpg?c=1", "https://cdn11.bigcommerce.com/s-zd141b7qtp/products/45316/images/160670/oceanspa-amenity-collection__16284.1712319524.386.513.jpg?c=1", "https://cdn11.bigcommerce.com/s-zd141b7qtp/products/45316/images/160895/oceanspa-amenity-collection__68311.1712319861.386.513.jpg?c=1", "https://cdn11.bigcommerce.com/s-zd141b7qtp/products/45316/images/160894/oceanspa-amenity-collection__60643.1712319860.386.513.jpg?c=1", "https://cdn11.bigcommerce.com/s-zd141b7qtp/products/45316/images/160891/oceanspa-amenity-collection__20975.1712319856.386.513.jpg?c=1", "https://cdn11.bigcommerce.com/s-zd141b7qtp/products/45316/images/161196/oceanspa-amenity-collection__42481.1712320339.386.513.jpg?c=1", "https://cdn11.bigcommerce.com/s-zd141b7qtp/products/45316/images/161127/oceanspa-amenity-collection__53036.1712320249.386.513.jpg?c=1"], "Url": "https://directtextilestore.com/OceanSpa-Amentity-Collection"}
{"SKU": "OS193", "Type": "", "Size": "1.0 Oz Tube", "Color": "", "Options": {"Main Option": "Amenities", "Description": "Moisturizing Conditioner", "Package": "Tube", "Size": "1.0 Oz Tube", "CHOOSE PACK SIZE": "Case of (450) Pieces"}, "Price Per Each": "0.22", "Full Price": "98.6700", "Stock Status": "In Stock", "Brand": "OceanSpa", "Category": "Facial Soap", "Sub Category": "Body Soap", "Material": "", "Title": "OceanSpa Amenity Collection", "Description": "With the nourishing properties of sea kelp, the Ocean Spa Collection's salon formula features an abundance of powerful antioxidants. This exceptional soap and shampoo collection is thoughtfully ...", "Images": ["https://cdn11.bigcommerce.com/s-zd141b7qtp/products/45316/images/160811/oceanspa-amenity-collection__32717.1712319759.386.513.jpg?c=1", "https://cdn11.bigcommerce.com/s-zd141b7qtp/products/45316/images/160842/oceanspa-amenity-collection__71722.1712319798.386.513.jpg?c=1", "https://cdn11.bigcommerce.com/s-zd141b7qtp/products/45316/images/160670/oceanspa-amenity-collection__16284.1712319524.386.513.jpg?c=1", "https://cdn11.bigcommerce.com/s-zd141b7qtp/products/45316/images/160895/oceanspa-amenity-collection__68311.1712319861.386.513.jpg?c=1", "https://cdn11.bigcommerce.com/s-zd141b7qtp/products/45316/images/160894/oceanspa-amenity-collection__60643.1712319860.386.513.jpg?c=1", "https://cdn11.bigcommerce.com/s-zd141b7qtp/products/45316/images/160891/oceanspa-amenity-collection__20975.1712319856.386.513.jpg?c=1", "https://cdn11.bigcommerce.com/s-zd141b7qtp/products/45316/images/161196/oceanspa-amenity-collection__42481.1712320339.386.513.jpg?c=1", "https://cdn11.bigcommerce.com/s-zd141b7qtp/products/45316/images/161127/oceanspa-amenity-collection__53036.1712320249.386.513.jpg?c=1"], "Url": "https://directtextilestore.com/OceanSpa-Amentity-Collection"}
{"SKU": "OS377", "Type": "", "Size": "Packet", "Color": "", "Options": {"Main Option": "Amenities", "Description": "Shower Cap", "Package": "Wrapped Packet", "Size": "Packet", "CHOOSE PACK SIZE": "Case of (1000) Pieces"}, "Price Per Each": "0.05", "Full Price": "54.2700", "Stock Status": "In Stock", "Brand": "OceanSpa", "Category": "Facial Soap", "Sub Category": "Body Soap", "Material": "", "Title": "OceanSpa Amenity Collection", "Description": "With the nourishing properties of sea kelp, the Ocean Spa Collection's salon formula features an abundance of powerful antioxidants. This exceptional soap and shampoo collection is thoughtfully ...", "Images": ["https://cdn11.bigcommerce.com/s-zd141b7qtp/products/45316/images/160811/oceanspa-amenity-collection__32717.1712319759.386.513.jpg?c=1", "https://cdn11.bigcommerce.com/s-zd141b7qtp/products/45316/images/160842/oceanspa-amenity-collection__71722.1712319798.386.513.jpg?c=1", "https://cdn11.bigcommerce.com/s-zd141b7qtp/products/45316/images/160670/oceanspa-amenity-collection__16284.1712319524.386.513.jpg?c=1", "https://cdn11.bigcommerce.com/s-zd141b7qtp/products/45316/images/160895/oceanspa-amenity-collection__68311.1712319861.386.513.jpg?c=1", "https://cdn11.bigcommerce.com/s-zd141b7qtp/products/45316/images/160894/oceanspa-amenity-collection__60643.1712319860.386.513.jpg?c=1", "https://cdn11.bigcommerce.com/s-zd141b7qtp/products/45316/images/160891/oceanspa-amenity-collection__20975.1712319856.386.513.jpg?c=1", "https://cdn11.bigcommerce.com/s-zd141b7qtp/products/45316/images/161196/oceanspa-amenity-collection__42481.1712320339.386.513.jpg?c=1", "https://cdn11.bigcommerce.com/s-zd141b7qtp/products/45316/images/161127/oceanspa-amenity-collection__53036.1712320249.386.513.jpg?c=1"], "Url": "https://directtextilestore.com/OceanSpa-Amentity-Collection"}
