{"SKU": "SA1CUPCM-6", "Type": "", "Size": "Pack of (6) Pieces", "Color": "", "Options": {"Main Option": "1 Cup Coffee Maker - Black", "Description": "1-cup filter pouch with AutoShut off feature", "CHOOSE PACK SIZE": "Pack of (6) Pieces"}, "Price Per Each": "16.38", "Full Price": "98.2500", "Stock Status": "In Stock", "Brand": "Pavy", "Category": "Coffee Maker", "Sub Category": "", "Material": "", "Title": "1 Cup Coffee Maker - Black", "Description": "1 Cup Coffee Maker - Black. Enhance your guests' stay with this Hotel Coffee Maker. This compact and convenient coffee maker is designed specifically for hotel rooms. It's perfect for providing a ...", "Images": ["https://cdn11.bigcommerce.com/s-zd141b7qtp/products/47879/images/155387/1-cup-coffee-maker-black-pavy__05739.1707127683.386.513.jpg?c=1"], "Url": "https://directtextilestore.com/1-cup-coffee-maker-black/"}
{"SKU": "SAHDBLK", "Type": "", "Size": "Pack of (12) Pieces", "Color": "", "Options": {"Main Option": "Foldable HAIR DRYER - 1600 Watt", "Description": "BLACK", "Watt": "1600", "CHOOSE PACK SIZE": "Pack of (12) Pieces"}, "Price Per Each": "21.86", "Full Price": "262.3500", "Stock Status": "In Stock", "Brand": "Pavy", "Category": "Hairdryer Machine", "Sub Category": "", "Material": "", "Title": "Black Foldable Hair Dryer - 1600 Watt Hand Held", "Description": "Black Foldable Hair Dryer - the ultimate travel companion. With a powerful 1600 Watt motor, this hand-held hotel hair dryer offers efficient and quick drying. Its foldable design ensures easy ...", "Images": ["https://cdn11.bigcommerce.com/s-zd141b7qtp/products/47873/images/155590/black-foldable-hair-dryer-1600-watt-hand-held-pavy__41064.1707127980.386.513.jpg?c=1"], "Url": "https://directtextilestore.com/black-foldable-hair-dryer-1600-watt-hand-held/"}
{"SKU": "SAHDBAG-10", "Type": "", "Size": "Case of (10) Pieces", "Color": "", "Options": {"Main Option": "Hair Dryer Bag", "Description": "Black", "CHOOSE PACK SIZE": "Case of (10) Pieces"}, "Price Per Each": "3.31", "Full Price": "33.1400", "Stock Status": "In Stock", "Brand": "Pavy", "Category": "", "Sub Category": "", "Material": "", "Title": "Hair Dryer Bag in Black with Embroidery", "Description": "Hair Dryer Bag in Black with Embroidery offers the ultimate solution for hotel hair dryer storage. This sleek bag keeps your hair dryer organized and protected, featuring stylish embroidery.Say ...", "Images": ["https://cdn11.bigcommerce.com/s-zd141b7qtp/products/47874/images/155353/hair-dryer-bag-in-black-with-embroidery-pavy__07601.1707127645.386.513.jpg?c=1"], "Url": "https://directtextilestore.com/hair-dryer-bag-in-black-with-embroidery/"}
{"SKU": "HSKIRONBOARD-SL", "Type": "", "Size": "54\" x 13\"", "Color": "Silver", "Options": {"Color": "Silver", "Size": "54\" x 13\"", "Choose Pack": "Case of (4) Pieces Iron Board with Cover"}, "Price Per Each": "141.8100", "Full Price": "141.8100", "Stock Status": "In Stock", "Brand": "Pavy", "Category": "", "Sub Category": "", "Material": "", "Title": "Iron Board Metal With Cover", "Description": "Iron Board Metal With Cover. Elevate your guest service with this Iron Board Metal, sized at a generous 54\"x13\". This set includes 4 boards, each complemented by silver color covers.Streamline ...", "Images": ["https://cdn11.bigcommerce.com/s-zd141b7qtp/products/47901/images/155465/iron-board-metal-with-cover-pavy__29811.1707127766.386.513.jpg?c=1"], "Url": "https://directtextilestore.com/iron-board-metal-with-cover/"}
