{"SKU": "GRPOC100", "Type": "", "Size": "1 Gal /Jug", "Color": "", "Options": {"Main Option": "Hotel Room Amenities", "Description": "Shampoo", "Size": "1 Gal /Jug", "Weight/Unit": "10 Lbs", "CHOOSE PACK SIZE": "Case of (4) Pieces"}, "Price Per Each": "15.66", "Full Price": "62.6500", "Stock Status": "In Stock", "Brand": "PetrA-1", "Category": "Shampoo", "Sub Category": "Conditioner", "Material": "", "Title": "Hotel Shampoo And Conditioner With Bodywash And Lotion In Bulk", "Description": "This Collection of Hotel Shampoo And Conditioner With Bodywash And Lotion In Bulk By Oceania, contains Kelp and Aloe Vera extract that promote hair/skin growth and reduce the appearance of ...", "Images": ["https://cdn11.bigcommerce.com/s-zd141b7qtp/products/47747/images/147645/hotel-shampoo-and-conditioner-with-bodywash-and-lotion-in-bulk-petra-1__81482.1706018239.386.513.jpg?c=1", "https://cdn11.bigcommerce.com/s-zd141b7qtp/products/47747/images/153127/hotel-shampoo-and-conditioner-with-bodywash-and-lotion-in-bulk-petra-1__32430.1706025813.386.513.jpg?c=1", "https://cdn11.bigcommerce.com/s-zd141b7qtp/products/47747/images/147093/hotel-shampoo-and-conditioner-with-bodywash-and-lotion-in-bulk-petra-1__44941.1706017476.386.513.jpg?c=1", "https://cdn11.bigcommerce.com/s-zd141b7qtp/products/47747/images/148558/hotel-shampoo-and-conditioner-with-bodywash-and-lotion-in-bulk-petra-1__98418.1706019461.386.513.jpg?c=1", "https://cdn11.bigcommerce.com/s-zd141b7qtp/product_images/attribute_rule_images/293281_source_1706023323.jpg", "https://cdn11.bigcommerce.com/s-zd141b7qtp/product_images/attribute_rule_images/293282_source_1706018185.jpg", "https://cdn11.bigcommerce.com/s-zd141b7qtp/product_images/attribute_rule_images/293283_source_1706026706.jpg", "https://cdn11.bigcommerce.com/s-zd141b7qtp/product_images/attribute_rule_images/293284_source_1706017356.jpg"], "Url": "https://directtextilestore.com/hotel-shampoo-and-conditioner-with-bodywash-and-lotion-in-bulk/"}
{"SKU": "GRPOC200", "Type": "", "Size": "1 Gal /Jug", "Color": "", "Options": {"Main Option": "Hotel Room Amenities", "Description": "Conditioner", "Size": "1 Gal /Jug", "Weight/Unit": "10 Lbs", "CHOOSE PACK SIZE": "Case of (4) Pieces"}, "Price Per Each": "15.66", "Full Price": "62.6500", "Stock Status": "In Stock", "Brand": "PetrA-1", "Category": "Shampoo", "Sub Category": "Conditioner", "Material": "", "Title": "Hotel Shampoo And Conditioner With Bodywash And Lotion In Bulk", "Description": "This Collection of Hotel Shampoo And Conditioner With Bodywash And Lotion In Bulk By Oceania, contains Kelp and Aloe Vera extract that promote hair/skin growth and reduce the appearance of ...", "Images": ["https://cdn11.bigcommerce.com/s-zd141b7qtp/products/47747/images/147645/hotel-shampoo-and-conditioner-with-bodywash-and-lotion-in-bulk-petra-1__81482.1706018239.386.513.jpg?c=1", "https://cdn11.bigcommerce.com/s-zd141b7qtp/products/47747/images/153127/hotel-shampoo-and-conditioner-with-bodywash-and-lotion-in-bulk-petra-1__32430.1706025813.386.513.jpg?c=1", "https://cdn11.bigcommerce.com/s-zd141b7qtp/products/47747/images/147093/hotel-shampoo-and-conditioner-with-bodywash-and-lotion-in-bulk-petra-1__44941.1706017476.386.513.jpg?c=1", "https://cdn11.bigcommerce.com/s-zd141b7qtp/products/47747/images/148558/hotel-shampoo-and-conditioner-with-bodywash-and-lotion-in-bulk-petra-1__98418.1706019461.386.513.jpg?c=1", "https://cdn11.bigcommerce.com/s-zd141b7qtp/product_images/attribute_rule_images/293281_source_1706023323.jpg", "https://cdn11.bigcommerce.com/s-zd141b7qtp/product_images/attribute_rule_images/293282_source_1706018185.jpg", "https://cdn11.bigcommerce.com/s-zd141b7qtp/product_images/attribute_rule_images/293283_source_1706026706.jpg", "https://cdn11.bigcommerce.com/s-zd141b7qtp/product_images/attribute_rule_images/293284_source_1706017356.jpg"], "Url": "https://directtextilestore.com/hotel-shampoo-and-conditioner-with-bodywash-and-lotion-in-bulk/"}
{"SKU": "GRPOC300", "Type": "", "Size": "1 Gal /Jug", "Color": "", "Options": {"Main Option": "Hotel Room Amenities", "Description": "Body Wash", "Size": "1 Gal /Jug", "Weight/Unit": "10 Lbs", "CHOOSE PACK SIZE": "Case of (4) Pieces"}, "Price Per Each": "15.66", "Full Price": "62.6500", "Stock Status": "In Stock", "Brand": "PetrA-1", "Category": "Shampoo", "Sub Category": "Conditioner", "Material": "", "Title": "Hotel Shampoo And Conditioner With Bodywash And Lotion In Bulk", "Description": "This Collection of Hotel Shampoo And Conditioner With Bodywash And Lotion In Bulk By Oceania, contains Kelp and Aloe Vera extract that promote hair/skin growth and reduce the appearance of ...", "Images": ["https://cdn11.bigcommerce.com/s-zd141b7qtp/products/47747/images/147645/hotel-shampoo-and-conditioner-with-bodywash-and-lotion-in-bulk-petra-1__81482.1706018239.386.513.jpg?c=1", "https://cdn11.bigcommerce.com/s-zd141b7qtp/products/47747/images/153127/hotel-shampoo-and-conditioner-with-bodywash-and-lotion-in-bulk-petra-1__32430.1706025813.386.513.jpg?c=1", "https://cdn11.bigcommerce.com/s-zd141b7qtp/products/47747/images/147093/hotel-shampoo-and-conditioner-with-bodywash-and-lotion-in-bulk-petra-1__44941.1706017476.386.513.jpg?c=1", "https://cdn11.bigcommerce.com/s-zd141b7qtp/products/47747/images/148558/hotel-shampoo-and-conditioner-with-bodywash-and-lotion-in-bulk-petra-1__98418.1706019461.386.513.jpg?c=1", "https://cdn11.bigcommerce.com/s-zd141b7qtp/product_images/attribute_rule_images/293281_source_1706023323.jpg", "https://cdn11.bigcommerce.com/s-zd141b7qtp/product_images/attribute_rule_images/293282_source_1706018185.jpg", "https://cdn11.bigcommerce.com/s-zd141b7qtp/product_images/attribute_rule_images/293283_source_1706026706.jpg", "https://cdn11.bigcommerce.com/s-zd141b7qtp/product_images/attribute_rule_images/293284_source_1706017356.jpg"], "Url": "https://directtextilestore.com/hotel-shampoo-and-conditioner-with-bodywash-and-lotion-in-bulk/"}
{"SKU": "GRPOC600", "Type": "", "Size": "1 Gal /Jug", "Color": "", "Options": {"Main Option": "Hotel Room Amenities", "Description": "Body Lotion", "Size": "1 Gal /Jug", "Weight/Unit": "10 Lbs", "CHOOSE PACK SIZE": "Case of (4) Pieces"}, "Price Per Each": "15.66", "Full Price": "62.6500", "Stock Status": "In Stock", "Brand": "PetrA-1", "Category": "Shampoo", "Sub Category": "Conditioner", "Material": "", "Title": "Hotel Shampoo And Conditioner With Bodywash And Lotion In Bulk", "Description": "This Collection of Hotel Shampoo And Conditioner With Bodywash And Lotion In Bulk By Oceania, contains Kelp and Aloe Vera extract that promote hair/skin growth and reduce the appearance of ...", "Images": ["https://cdn11.bigcommerce.com/s-zd141b7qtp/products/47747/images/147645/hotel-shampoo-and-conditioner-with-bodywash-and-lotion-in-bulk-petra-1__81482.1706018239.386.513.jpg?c=1", "https://cdn11.bigcommerce.com/s-zd141b7qtp/products/47747/images/153127/hotel-shampoo-and-conditioner-with-bodywash-and-lotion-in-bulk-petra-1__32430.1706025813.386.513.jpg?c=1", "https://cdn11.bigcommerce.com/s-zd141b7qtp/products/47747/images/147093/hotel-shampoo-and-conditioner-with-bodywash-and-lotion-in-bulk-petra-1__44941.1706017476.386.513.jpg?c=1", "https://cdn11.bigcommerce.com/s-zd141b7qtp/products/47747/images/148558/hotel-shampoo-and-conditioner-with-bodywash-and-lotion-in-bulk-petra-1__98418.1706019461.386.513.jpg?c=1", "https://cdn11.bigcommerce.com/s-zd141b7qtp/product_images/attribute_rule_images/293281_source_1706023323.jpg", "https://cdn11.bigcommerce.com/s-zd141b7qtp/product_images/attribute_rule_images/293282_source_1706018185.jpg", "https://cdn11.bigcommerce.com/s-zd141b7qtp/product_images/attribute_rule_images/293283_source_1706026706.jpg", "https://cdn11.bigcommerce.com/s-zd141b7qtp/product_images/attribute_rule_images/293284_source_1706017356.jpg"], "Url": "https://directtextilestore.com/hotel-shampoo-and-conditioner-with-bodywash-and-lotion-in-bulk/"}
