{"SKU": "AW220", "Type": "", "Size": ".75 Oz", "Color": "", "Options": {"Main Option": "Amenities", "Description": "Verbena Facial Cleansing Bar Soap", "Package": "Tissue Pleat-Wrapped", "Size": ".75 Oz", "CHOOSE PACK SIZE": "Case of (400) Pieces"}, "Price Per Each": "0.17", "Full Price": "69.9000", "Stock Status": "In Stock", "Brand": "ProNature®", "Category": "Facial Soap", "Sub Category": "Cleansing Soap", "Material": "", "Title": "ProNature Earth-Conscious Amenity Collection", "Description": "ProNature&reg; is a distinguished line of personal care guest amenities that embraces nature's essence. With a focus on sustainability, these upscale products are carefully crafted using pure, ...", "Images": ["https://cdn11.bigcommerce.com/s-zd141b7qtp/products/45317/images/160949/pronature-earth-conscious-amenity-collection-pronature__32148.1712319986.386.513.jpg?c=1", "https://cdn11.bigcommerce.com/s-zd141b7qtp/products/45317/images/160966/pronature-earth-conscious-amenity-collection-pronature__72649.1712320007.386.513.jpg?c=1", "https://cdn11.bigcommerce.com/s-zd141b7qtp/products/45317/images/161033/pronature-earth-conscious-amenity-collection-pronature__13640.1712320087.386.513.jpg?c=1", "https://cdn11.bigcommerce.com/s-zd141b7qtp/products/45317/images/160807/pronature-earth-conscious-amenity-collection-pronature__90030.1712319755.386.513.jpg?c=1", "https://cdn11.bigcommerce.com/s-zd141b7qtp/products/45317/images/161063/pronature-earth-conscious-amenity-collection-pronature__89432.1712320120.386.513.jpg?c=1", "https://cdn11.bigcommerce.com/s-zd141b7qtp/products/45317/images/160729/pronature-earth-conscious-amenity-collection-pronature__89887.1712319592.386.513.jpg?c=1", "https://cdn11.bigcommerce.com/s-zd141b7qtp/products/45317/images/161020/pronature-earth-conscious-amenity-collection-pronature__47440.1712320072.386.513.jpg?c=1", "https://cdn11.bigcommerce.com/s-zd141b7qtp/products/45317/images/160840/pronature-earth-conscious-amenity-collection-pronature__51828.1712319795.386.513.jpg?c=1", "https://cdn11.bigcommerce.com/s-zd141b7qtp/products/45317/images/161003/pronature-earth-conscious-amenity-collection-pronature__06017.1712320051.386.513.jpg?c=1", "https://cdn11.bigcommerce.com/s-zd141b7qtp/products/45317/images/161070/pronature-earth-conscious-amenity-collection-pronature__92831.1712320129.386.513.jpg?c=1", "https://cdn11.bigcommerce.com/s-zd141b7qtp/products/45317/images/160763/pronature-earth-conscious-amenity-collection-pronature__57540.1712319635.386.513.jpg?c=1"], "Url": "https://directtextilestore.com/ProNature-Earth-Conscious-Amenity-Collection"}
{"SKU": "AW225", "Type": "", "Size": "1.5 Oz Bar", "Color": "", "Options": {"Main Option": "Amenities", "Description": "Verbena Cleansing Bar Soap", "Package": "Tissue Pleat-Wrapped", "Size": "1.5 Oz Bar", "CHOOSE PACK SIZE": "Case of (350) Pieces"}, "Price Per Each": "0.24", "Full Price": "82.7500", "Stock Status": "In Stock", "Brand": "ProNature®", "Category": "Facial Soap", "Sub Category": "Cleansing Soap", "Material": "", "Title": "ProNature Earth-Conscious Amenity Collection", "Description": "ProNature&reg; is a distinguished line of personal care guest amenities that embraces nature's essence. With a focus on sustainability, these upscale products are carefully crafted using pure, ...", "Images": ["https://cdn11.bigcommerce.com/s-zd141b7qtp/products/45317/images/160949/pronature-earth-conscious-amenity-collection-pronature__32148.1712319986.386.513.jpg?c=1", "https://cdn11.bigcommerce.com/s-zd141b7qtp/products/45317/images/160966/pronature-earth-conscious-amenity-collection-pronature__72649.1712320007.386.513.jpg?c=1", "https://cdn11.bigcommerce.com/s-zd141b7qtp/products/45317/images/161033/pronature-earth-conscious-amenity-collection-pronature__13640.1712320087.386.513.jpg?c=1", "https://cdn11.bigcommerce.com/s-zd141b7qtp/products/45317/images/160807/pronature-earth-conscious-amenity-collection-pronature__90030.1712319755.386.513.jpg?c=1", "https://cdn11.bigcommerce.com/s-zd141b7qtp/products/45317/images/161063/pronature-earth-conscious-amenity-collection-pronature__89432.1712320120.386.513.jpg?c=1", "https://cdn11.bigcommerce.com/s-zd141b7qtp/products/45317/images/160729/pronature-earth-conscious-amenity-collection-pronature__89887.1712319592.386.513.jpg?c=1", "https://cdn11.bigcommerce.com/s-zd141b7qtp/products/45317/images/161020/pronature-earth-conscious-amenity-collection-pronature__47440.1712320072.386.513.jpg?c=1", "https://cdn11.bigcommerce.com/s-zd141b7qtp/products/45317/images/160840/pronature-earth-conscious-amenity-collection-pronature__51828.1712319795.386.513.jpg?c=1", "https://cdn11.bigcommerce.com/s-zd141b7qtp/products/45317/images/161003/pronature-earth-conscious-amenity-collection-pronature__06017.1712320051.386.513.jpg?c=1", "https://cdn11.bigcommerce.com/s-zd141b7qtp/products/45317/images/161070/pronature-earth-conscious-amenity-collection-pronature__92831.1712320129.386.513.jpg?c=1", "https://cdn11.bigcommerce.com/s-zd141b7qtp/products/45317/images/160763/pronature-earth-conscious-amenity-collection-pronature__57540.1712319635.386.513.jpg?c=1"], "Url": "https://directtextilestore.com/ProNature-Earth-Conscious-Amenity-Collection"}
{"SKU": "AW235", "Type": "", "Size": "1.25 Oz Box", "Color": "", "Options": {"Main Option": "Amenities", "Description": "Verbena Body Bar Soap", "Package": "Box", "Size": "1.25 Oz Box", "CHOOSE PACK SIZE": "Case of (250) Pieces"}, "Price Per Each": "0.30", "Full Price": "74.5300", "Stock Status": "In Stock", "Brand": "ProNature®", "Category": "Facial Soap", "Sub Category": "Cleansing Soap", "Material": "", "Title": "ProNature Earth-Conscious Amenity Collection", "Description": "ProNature&reg; is a distinguished line of personal care guest amenities that embraces nature's essence. With a focus on sustainability, these upscale products are carefully crafted using pure, ...", "Images": ["https://cdn11.bigcommerce.com/s-zd141b7qtp/products/45317/images/160949/pronature-earth-conscious-amenity-collection-pronature__32148.1712319986.386.513.jpg?c=1", "https://cdn11.bigcommerce.com/s-zd141b7qtp/products/45317/images/160966/pronature-earth-conscious-amenity-collection-pronature__72649.1712320007.386.513.jpg?c=1", "https://cdn11.bigcommerce.com/s-zd141b7qtp/products/45317/images/161033/pronature-earth-conscious-amenity-collection-pronature__13640.1712320087.386.513.jpg?c=1", "https://cdn11.bigcommerce.com/s-zd141b7qtp/products/45317/images/160807/pronature-earth-conscious-amenity-collection-pronature__90030.1712319755.386.513.jpg?c=1", "https://cdn11.bigcommerce.com/s-zd141b7qtp/products/45317/images/161063/pronature-earth-conscious-amenity-collection-pronature__89432.1712320120.386.513.jpg?c=1", "https://cdn11.bigcommerce.com/s-zd141b7qtp/products/45317/images/160729/pronature-earth-conscious-amenity-collection-pronature__89887.1712319592.386.513.jpg?c=1", "https://cdn11.bigcommerce.com/s-zd141b7qtp/products/45317/images/161020/pronature-earth-conscious-amenity-collection-pronature__47440.1712320072.386.513.jpg?c=1", "https://cdn11.bigcommerce.com/s-zd141b7qtp/products/45317/images/160840/pronature-earth-conscious-amenity-collection-pronature__51828.1712319795.386.513.jpg?c=1", "https://cdn11.bigcommerce.com/s-zd141b7qtp/products/45317/images/161003/pronature-earth-conscious-amenity-collection-pronature__06017.1712320051.386.513.jpg?c=1", "https://cdn11.bigcommerce.com/s-zd141b7qtp/products/45317/images/161070/pronature-earth-conscious-amenity-collection-pronature__92831.1712320129.386.513.jpg?c=1", "https://cdn11.bigcommerce.com/s-zd141b7qtp/products/45317/images/160763/pronature-earth-conscious-amenity-collection-pronature__57540.1712319635.386.513.jpg?c=1"], "Url": "https://directtextilestore.com/ProNature-Earth-Conscious-Amenity-Collection"}
{"SKU": "AW200", "Type": "", "Size": "1.1 Oz Bottle", "Color": "", "Options": {"Main Option": "Amenities", "Description": "Grapefruit | Orange Shampoo", "Package": "Bottles", "Size": "1.1 Oz Bottle", "CHOOSE PACK SIZE": "Case of (200) Pieces"}, "Price Per Each": "0.35", "Full Price": "69.9000", "Stock Status": "In Stock", "Brand": "ProNature®", "Category": "Facial Soap", "Sub Category": "Cleansing Soap", "Material": "", "Title": "ProNature Earth-Conscious Amenity Collection", "Description": "ProNature&reg; is a distinguished line of personal care guest amenities that embraces nature's essence. With a focus on sustainability, these upscale products are carefully crafted using pure, ...", "Images": ["https://cdn11.bigcommerce.com/s-zd141b7qtp/products/45317/images/160949/pronature-earth-conscious-amenity-collection-pronature__32148.1712319986.386.513.jpg?c=1", "https://cdn11.bigcommerce.com/s-zd141b7qtp/products/45317/images/160966/pronature-earth-conscious-amenity-collection-pronature__72649.1712320007.386.513.jpg?c=1", "https://cdn11.bigcommerce.com/s-zd141b7qtp/products/45317/images/161033/pronature-earth-conscious-amenity-collection-pronature__13640.1712320087.386.513.jpg?c=1", "https://cdn11.bigcommerce.com/s-zd141b7qtp/products/45317/images/160807/pronature-earth-conscious-amenity-collection-pronature__90030.1712319755.386.513.jpg?c=1", "https://cdn11.bigcommerce.com/s-zd141b7qtp/products/45317/images/161063/pronature-earth-conscious-amenity-collection-pronature__89432.1712320120.386.513.jpg?c=1", "https://cdn11.bigcommerce.com/s-zd141b7qtp/products/45317/images/160729/pronature-earth-conscious-amenity-collection-pronature__89887.1712319592.386.513.jpg?c=1", "https://cdn11.bigcommerce.com/s-zd141b7qtp/products/45317/images/161020/pronature-earth-conscious-amenity-collection-pronature__47440.1712320072.386.513.jpg?c=1", "https://cdn11.bigcommerce.com/s-zd141b7qtp/products/45317/images/160840/pronature-earth-conscious-amenity-collection-pronature__51828.1712319795.386.513.jpg?c=1", "https://cdn11.bigcommerce.com/s-zd141b7qtp/products/45317/images/161003/pronature-earth-conscious-amenity-collection-pronature__06017.1712320051.386.513.jpg?c=1", "https://cdn11.bigcommerce.com/s-zd141b7qtp/products/45317/images/161070/pronature-earth-conscious-amenity-collection-pronature__92831.1712320129.386.513.jpg?c=1", "https://cdn11.bigcommerce.com/s-zd141b7qtp/products/45317/images/160763/pronature-earth-conscious-amenity-collection-pronature__57540.1712319635.386.513.jpg?c=1"], "Url": "https://directtextilestore.com/ProNature-Earth-Conscious-Amenity-Collection"}
{"SKU": "AW201", "Type": "", "Size": "1 Oz Tube", "Color": "", "Options": {"Main Option": "Amenities", "Description": "Grapefruit | Orange Shampoo", "Package": "Tubes", "Size": "1 Oz Tube", "CHOOSE PACK SIZE": "Case of (200) Pieces"}, "Price Per Each": "0.34", "Full Price": "67.8500", "Stock Status": "In Stock", "Brand": "ProNature®", "Category": "Facial Soap", "Sub Category": "Cleansing Soap", "Material": "", "Title": "ProNature Earth-Conscious Amenity Collection", "Description": "ProNature&reg; is a distinguished line of personal care guest amenities that embraces nature's essence. With a focus on sustainability, these upscale products are carefully crafted using pure, ...", "Images": ["https://cdn11.bigcommerce.com/s-zd141b7qtp/products/45317/images/160949/pronature-earth-conscious-amenity-collection-pronature__32148.1712319986.386.513.jpg?c=1", "https://cdn11.bigcommerce.com/s-zd141b7qtp/products/45317/images/160966/pronature-earth-conscious-amenity-collection-pronature__72649.1712320007.386.513.jpg?c=1", "https://cdn11.bigcommerce.com/s-zd141b7qtp/products/45317/images/161033/pronature-earth-conscious-amenity-collection-pronature__13640.1712320087.386.513.jpg?c=1", "https://cdn11.bigcommerce.com/s-zd141b7qtp/products/45317/images/160807/pronature-earth-conscious-amenity-collection-pronature__90030.1712319755.386.513.jpg?c=1", "https://cdn11.bigcommerce.com/s-zd141b7qtp/products/45317/images/161063/pronature-earth-conscious-amenity-collection-pronature__89432.1712320120.386.513.jpg?c=1", "https://cdn11.bigcommerce.com/s-zd141b7qtp/products/45317/images/160729/pronature-earth-conscious-amenity-collection-pronature__89887.1712319592.386.513.jpg?c=1", "https://cdn11.bigcommerce.com/s-zd141b7qtp/products/45317/images/161020/pronature-earth-conscious-amenity-collection-pronature__47440.1712320072.386.513.jpg?c=1", "https://cdn11.bigcommerce.com/s-zd141b7qtp/products/45317/images/160840/pronature-earth-conscious-amenity-collection-pronature__51828.1712319795.386.513.jpg?c=1", "https://cdn11.bigcommerce.com/s-zd141b7qtp/products/45317/images/161003/pronature-earth-conscious-amenity-collection-pronature__06017.1712320051.386.513.jpg?c=1", "https://cdn11.bigcommerce.com/s-zd141b7qtp/products/45317/images/161070/pronature-earth-conscious-amenity-collection-pronature__92831.1712320129.386.513.jpg?c=1", "https://cdn11.bigcommerce.com/s-zd141b7qtp/products/45317/images/160763/pronature-earth-conscious-amenity-collection-pronature__57540.1712319635.386.513.jpg?c=1"], "Url": "https://directtextilestore.com/ProNature-Earth-Conscious-Amenity-Collection"}
{"SKU": "AW210", "Type": "", "Size": "1.1 Oz Bottle", "Color": "", "Options": {"Main Option": "Amenities", "Description": "Lemon Blossom Moisturizer Lotion", "Package": "Bottles", "Size": "1.1 Oz Bottle", "CHOOSE PACK SIZE": "Case of (200) Pieces"}, "Price Per Each": "0.37", "Full Price": "74.0200", "Stock Status": "In Stock", "Brand": "ProNature®", "Category": "Facial Soap", "Sub Category": "Cleansing Soap", "Material": "", "Title": "ProNature Earth-Conscious Amenity Collection", "Description": "ProNature&reg; is a distinguished line of personal care guest amenities that embraces nature's essence. With a focus on sustainability, these upscale products are carefully crafted using pure, ...", "Images": ["https://cdn11.bigcommerce.com/s-zd141b7qtp/products/45317/images/160949/pronature-earth-conscious-amenity-collection-pronature__32148.1712319986.386.513.jpg?c=1", "https://cdn11.bigcommerce.com/s-zd141b7qtp/products/45317/images/160966/pronature-earth-conscious-amenity-collection-pronature__72649.1712320007.386.513.jpg?c=1", "https://cdn11.bigcommerce.com/s-zd141b7qtp/products/45317/images/161033/pronature-earth-conscious-amenity-collection-pronature__13640.1712320087.386.513.jpg?c=1", "https://cdn11.bigcommerce.com/s-zd141b7qtp/products/45317/images/160807/pronature-earth-conscious-amenity-collection-pronature__90030.1712319755.386.513.jpg?c=1", "https://cdn11.bigcommerce.com/s-zd141b7qtp/products/45317/images/161063/pronature-earth-conscious-amenity-collection-pronature__89432.1712320120.386.513.jpg?c=1", "https://cdn11.bigcommerce.com/s-zd141b7qtp/products/45317/images/160729/pronature-earth-conscious-amenity-collection-pronature__89887.1712319592.386.513.jpg?c=1", "https://cdn11.bigcommerce.com/s-zd141b7qtp/products/45317/images/161020/pronature-earth-conscious-amenity-collection-pronature__47440.1712320072.386.513.jpg?c=1", "https://cdn11.bigcommerce.com/s-zd141b7qtp/products/45317/images/160840/pronature-earth-conscious-amenity-collection-pronature__51828.1712319795.386.513.jpg?c=1", "https://cdn11.bigcommerce.com/s-zd141b7qtp/products/45317/images/161003/pronature-earth-conscious-amenity-collection-pronature__06017.1712320051.386.513.jpg?c=1", "https://cdn11.bigcommerce.com/s-zd141b7qtp/products/45317/images/161070/pronature-earth-conscious-amenity-collection-pronature__92831.1712320129.386.513.jpg?c=1", "https://cdn11.bigcommerce.com/s-zd141b7qtp/products/45317/images/160763/pronature-earth-conscious-amenity-collection-pronature__57540.1712319635.386.513.jpg?c=1"], "Url": "https://directtextilestore.com/ProNature-Earth-Conscious-Amenity-Collection"}
{"SKU": "AW211", "Type": "", "Size": "1.0 Oz Tube", "Color": "", "Options": {"Main Option": "Amenities", "Description": "Lemon Blossom Moisturizer Lotion", "Package": "Tubes", "Size": "1.0 Oz Tube", "CHOOSE PACK SIZE": "Case of (200) Pieces"}, "Price Per Each": "0.26", "Full Price": "51.4000", "Stock Status": "In Stock", "Brand": "ProNature®", "Category": "Facial Soap", "Sub Category": "Cleansing Soap", "Material": "", "Title": "ProNature Earth-Conscious Amenity Collection", "Description": "ProNature&reg; is a distinguished line of personal care guest amenities that embraces nature's essence. With a focus on sustainability, these upscale products are carefully crafted using pure, ...", "Images": ["https://cdn11.bigcommerce.com/s-zd141b7qtp/products/45317/images/160949/pronature-earth-conscious-amenity-collection-pronature__32148.1712319986.386.513.jpg?c=1", "https://cdn11.bigcommerce.com/s-zd141b7qtp/products/45317/images/160966/pronature-earth-conscious-amenity-collection-pronature__72649.1712320007.386.513.jpg?c=1", "https://cdn11.bigcommerce.com/s-zd141b7qtp/products/45317/images/161033/pronature-earth-conscious-amenity-collection-pronature__13640.1712320087.386.513.jpg?c=1", "https://cdn11.bigcommerce.com/s-zd141b7qtp/products/45317/images/160807/pronature-earth-conscious-amenity-collection-pronature__90030.1712319755.386.513.jpg?c=1", "https://cdn11.bigcommerce.com/s-zd141b7qtp/products/45317/images/161063/pronature-earth-conscious-amenity-collection-pronature__89432.1712320120.386.513.jpg?c=1", "https://cdn11.bigcommerce.com/s-zd141b7qtp/products/45317/images/160729/pronature-earth-conscious-amenity-collection-pronature__89887.1712319592.386.513.jpg?c=1", "https://cdn11.bigcommerce.com/s-zd141b7qtp/products/45317/images/161020/pronature-earth-conscious-amenity-collection-pronature__47440.1712320072.386.513.jpg?c=1", "https://cdn11.bigcommerce.com/s-zd141b7qtp/products/45317/images/160840/pronature-earth-conscious-amenity-collection-pronature__51828.1712319795.386.513.jpg?c=1", "https://cdn11.bigcommerce.com/s-zd141b7qtp/products/45317/images/161003/pronature-earth-conscious-amenity-collection-pronature__06017.1712320051.386.513.jpg?c=1", "https://cdn11.bigcommerce.com/s-zd141b7qtp/products/45317/images/161070/pronature-earth-conscious-amenity-collection-pronature__92831.1712320129.386.513.jpg?c=1", "https://cdn11.bigcommerce.com/s-zd141b7qtp/products/45317/images/160763/pronature-earth-conscious-amenity-collection-pronature__57540.1712319635.386.513.jpg?c=1"], "Url": "https://directtextilestore.com/ProNature-Earth-Conscious-Amenity-Collection"}
{"SKU": "AW216", "Type": "", "Size": "1 Oz Tube", "Color": "", "Options": {"Main Option": "Amenities", "Description": "Rosemary | Chamomile Body Wash", "Package": "Tubes", "Size": "1 Oz Tube", "CHOOSE PACK SIZE": "Case of (200) Pieces"}, "Price Per Each": "0.35", "Full Price": "69.9000", "Stock Status": "In Stock", "Brand": "ProNature®", "Category": "Facial Soap", "Sub Category": "Cleansing Soap", "Material": "", "Title": "ProNature Earth-Conscious Amenity Collection", "Description": "ProNature&reg; is a distinguished line of personal care guest amenities that embraces nature's essence. With a focus on sustainability, these upscale products are carefully crafted using pure, ...", "Images": ["https://cdn11.bigcommerce.com/s-zd141b7qtp/products/45317/images/160949/pronature-earth-conscious-amenity-collection-pronature__32148.1712319986.386.513.jpg?c=1", "https://cdn11.bigcommerce.com/s-zd141b7qtp/products/45317/images/160966/pronature-earth-conscious-amenity-collection-pronature__72649.1712320007.386.513.jpg?c=1", "https://cdn11.bigcommerce.com/s-zd141b7qtp/products/45317/images/161033/pronature-earth-conscious-amenity-collection-pronature__13640.1712320087.386.513.jpg?c=1", "https://cdn11.bigcommerce.com/s-zd141b7qtp/products/45317/images/160807/pronature-earth-conscious-amenity-collection-pronature__90030.1712319755.386.513.jpg?c=1", "https://cdn11.bigcommerce.com/s-zd141b7qtp/products/45317/images/161063/pronature-earth-conscious-amenity-collection-pronature__89432.1712320120.386.513.jpg?c=1", "https://cdn11.bigcommerce.com/s-zd141b7qtp/products/45317/images/160729/pronature-earth-conscious-amenity-collection-pronature__89887.1712319592.386.513.jpg?c=1", "https://cdn11.bigcommerce.com/s-zd141b7qtp/products/45317/images/161020/pronature-earth-conscious-amenity-collection-pronature__47440.1712320072.386.513.jpg?c=1", "https://cdn11.bigcommerce.com/s-zd141b7qtp/products/45317/images/160840/pronature-earth-conscious-amenity-collection-pronature__51828.1712319795.386.513.jpg?c=1", "https://cdn11.bigcommerce.com/s-zd141b7qtp/products/45317/images/161003/pronature-earth-conscious-amenity-collection-pronature__06017.1712320051.386.513.jpg?c=1", "https://cdn11.bigcommerce.com/s-zd141b7qtp/products/45317/images/161070/pronature-earth-conscious-amenity-collection-pronature__92831.1712320129.386.513.jpg?c=1", "https://cdn11.bigcommerce.com/s-zd141b7qtp/products/45317/images/160763/pronature-earth-conscious-amenity-collection-pronature__57540.1712319635.386.513.jpg?c=1"], "Url": "https://directtextilestore.com/ProNature-Earth-Conscious-Amenity-Collection"}
{"SKU": "AW205", "Type": "", "Size": "1.1 Oz Bottle", "Color": "", "Options": {"Main Option": "Amenities", "Description": "Rosemary | Chamomile Conditioner", "Package": "Bottles", "Size": "1.1 Oz Bottle", "CHOOSE PACK SIZE": "Case of (200) Pieces"}, "Price Per Each": "0.35", "Full Price": "69.9000", "Stock Status": "In Stock", "Brand": "ProNature®", "Category": "Facial Soap", "Sub Category": "Cleansing Soap", "Material": "", "Title": "ProNature Earth-Conscious Amenity Collection", "Description": "ProNature&reg; is a distinguished line of personal care guest amenities that embraces nature's essence. With a focus on sustainability, these upscale products are carefully crafted using pure, ...", "Images": ["https://cdn11.bigcommerce.com/s-zd141b7qtp/products/45317/images/160949/pronature-earth-conscious-amenity-collection-pronature__32148.1712319986.386.513.jpg?c=1", "https://cdn11.bigcommerce.com/s-zd141b7qtp/products/45317/images/160966/pronature-earth-conscious-amenity-collection-pronature__72649.1712320007.386.513.jpg?c=1", "https://cdn11.bigcommerce.com/s-zd141b7qtp/products/45317/images/161033/pronature-earth-conscious-amenity-collection-pronature__13640.1712320087.386.513.jpg?c=1", "https://cdn11.bigcommerce.com/s-zd141b7qtp/products/45317/images/160807/pronature-earth-conscious-amenity-collection-pronature__90030.1712319755.386.513.jpg?c=1", "https://cdn11.bigcommerce.com/s-zd141b7qtp/products/45317/images/161063/pronature-earth-conscious-amenity-collection-pronature__89432.1712320120.386.513.jpg?c=1", "https://cdn11.bigcommerce.com/s-zd141b7qtp/products/45317/images/160729/pronature-earth-conscious-amenity-collection-pronature__89887.1712319592.386.513.jpg?c=1", "https://cdn11.bigcommerce.com/s-zd141b7qtp/products/45317/images/161020/pronature-earth-conscious-amenity-collection-pronature__47440.1712320072.386.513.jpg?c=1", "https://cdn11.bigcommerce.com/s-zd141b7qtp/products/45317/images/160840/pronature-earth-conscious-amenity-collection-pronature__51828.1712319795.386.513.jpg?c=1", "https://cdn11.bigcommerce.com/s-zd141b7qtp/products/45317/images/161003/pronature-earth-conscious-amenity-collection-pronature__06017.1712320051.386.513.jpg?c=1", "https://cdn11.bigcommerce.com/s-zd141b7qtp/products/45317/images/161070/pronature-earth-conscious-amenity-collection-pronature__92831.1712320129.386.513.jpg?c=1", "https://cdn11.bigcommerce.com/s-zd141b7qtp/products/45317/images/160763/pronature-earth-conscious-amenity-collection-pronature__57540.1712319635.386.513.jpg?c=1"], "Url": "https://directtextilestore.com/ProNature-Earth-Conscious-Amenity-Collection"}
{"SKU": "AW245", "Type": "", "Size": "Kit", "Color": "", "Options": {"Main Option": "Amenities", "Description": "Personal Care Kit", "Package": "Packets", "Size": "Kit", "CHOOSE PACK SIZE": "Case of (100) Pieces"}, "Price Per Each": "0.25", "Full Price": "24.6700", "Stock Status": "In Stock", "Brand": "ProNature®", "Category": "Facial Soap", "Sub Category": "Cleansing Soap", "Material": "", "Title": "ProNature Earth-Conscious Amenity Collection", "Description": "ProNature&reg; is a distinguished line of personal care guest amenities that embraces nature's essence. With a focus on sustainability, these upscale products are carefully crafted using pure, ...", "Images": ["https://cdn11.bigcommerce.com/s-zd141b7qtp/products/45317/images/160949/pronature-earth-conscious-amenity-collection-pronature__32148.1712319986.386.513.jpg?c=1", "https://cdn11.bigcommerce.com/s-zd141b7qtp/products/45317/images/160966/pronature-earth-conscious-amenity-collection-pronature__72649.1712320007.386.513.jpg?c=1", "https://cdn11.bigcommerce.com/s-zd141b7qtp/products/45317/images/161033/pronature-earth-conscious-amenity-collection-pronature__13640.1712320087.386.513.jpg?c=1", "https://cdn11.bigcommerce.com/s-zd141b7qtp/products/45317/images/160807/pronature-earth-conscious-amenity-collection-pronature__90030.1712319755.386.513.jpg?c=1", "https://cdn11.bigcommerce.com/s-zd141b7qtp/products/45317/images/161063/pronature-earth-conscious-amenity-collection-pronature__89432.1712320120.386.513.jpg?c=1", "https://cdn11.bigcommerce.com/s-zd141b7qtp/products/45317/images/160729/pronature-earth-conscious-amenity-collection-pronature__89887.1712319592.386.513.jpg?c=1", "https://cdn11.bigcommerce.com/s-zd141b7qtp/products/45317/images/161020/pronature-earth-conscious-amenity-collection-pronature__47440.1712320072.386.513.jpg?c=1", "https://cdn11.bigcommerce.com/s-zd141b7qtp/products/45317/images/160840/pronature-earth-conscious-amenity-collection-pronature__51828.1712319795.386.513.jpg?c=1", "https://cdn11.bigcommerce.com/s-zd141b7qtp/products/45317/images/161003/pronature-earth-conscious-amenity-collection-pronature__06017.1712320051.386.513.jpg?c=1", "https://cdn11.bigcommerce.com/s-zd141b7qtp/products/45317/images/161070/pronature-earth-conscious-amenity-collection-pronature__92831.1712320129.386.513.jpg?c=1", "https://cdn11.bigcommerce.com/s-zd141b7qtp/products/45317/images/160763/pronature-earth-conscious-amenity-collection-pronature__57540.1712319635.386.513.jpg?c=1"], "Url": "https://directtextilestore.com/ProNature-Earth-Conscious-Amenity-Collection"}
{"SKU": "AW215", "Type": "", "Size": "1.1 Oz Bottle", "Color": "", "Options": {"Main Option": "Amenities", "Description": "Rosemary Eucalyptus Body Gel", "Package": "Bottles", "Size": "1.1 Oz Bottle", "CHOOSE PACK SIZE": "Case of (200) Pieces"}, "Price Per Each": "0.35", "Full Price": "69.9000", "Stock Status": "In Stock", "Brand": "ProNature®", "Category": "Facial Soap", "Sub Category": "Cleansing Soap", "Material": "", "Title": "ProNature Earth-Conscious Amenity Collection", "Description": "ProNature&reg; is a distinguished line of personal care guest amenities that embraces nature's essence. With a focus on sustainability, these upscale products are carefully crafted using pure, ...", "Images": ["https://cdn11.bigcommerce.com/s-zd141b7qtp/products/45317/images/160949/pronature-earth-conscious-amenity-collection-pronature__32148.1712319986.386.513.jpg?c=1", "https://cdn11.bigcommerce.com/s-zd141b7qtp/products/45317/images/160966/pronature-earth-conscious-amenity-collection-pronature__72649.1712320007.386.513.jpg?c=1", "https://cdn11.bigcommerce.com/s-zd141b7qtp/products/45317/images/161033/pronature-earth-conscious-amenity-collection-pronature__13640.1712320087.386.513.jpg?c=1", "https://cdn11.bigcommerce.com/s-zd141b7qtp/products/45317/images/160807/pronature-earth-conscious-amenity-collection-pronature__90030.1712319755.386.513.jpg?c=1", "https://cdn11.bigcommerce.com/s-zd141b7qtp/products/45317/images/161063/pronature-earth-conscious-amenity-collection-pronature__89432.1712320120.386.513.jpg?c=1", "https://cdn11.bigcommerce.com/s-zd141b7qtp/products/45317/images/160729/pronature-earth-conscious-amenity-collection-pronature__89887.1712319592.386.513.jpg?c=1", "https://cdn11.bigcommerce.com/s-zd141b7qtp/products/45317/images/161020/pronature-earth-conscious-amenity-collection-pronature__47440.1712320072.386.513.jpg?c=1", "https://cdn11.bigcommerce.com/s-zd141b7qtp/products/45317/images/160840/pronature-earth-conscious-amenity-collection-pronature__51828.1712319795.386.513.jpg?c=1", "https://cdn11.bigcommerce.com/s-zd141b7qtp/products/45317/images/161003/pronature-earth-conscious-amenity-collection-pronature__06017.1712320051.386.513.jpg?c=1", "https://cdn11.bigcommerce.com/s-zd141b7qtp/products/45317/images/161070/pronature-earth-conscious-amenity-collection-pronature__92831.1712320129.386.513.jpg?c=1", "https://cdn11.bigcommerce.com/s-zd141b7qtp/products/45317/images/160763/pronature-earth-conscious-amenity-collection-pronature__57540.1712319635.386.513.jpg?c=1"], "Url": "https://directtextilestore.com/ProNature-Earth-Conscious-Amenity-Collection"}
{"SKU": "AW240", "Type": "", "Size": "Packet", "Color": "", "Options": {"Main Option": "Amenities", "Description": "Shower Caps", "Package": "-", "Size": "Packet", "CHOOSE PACK SIZE": "Case of (100) Pieces"}, "Price Per Each": "0.15", "Full Price": "15.4200", "Stock Status": "In Stock", "Brand": "ProNature®", "Category": "Facial Soap", "Sub Category": "Cleansing Soap", "Material": "", "Title": "ProNature Earth-Conscious Amenity Collection", "Description": "ProNature&reg; is a distinguished line of personal care guest amenities that embraces nature's essence. With a focus on sustainability, these upscale products are carefully crafted using pure, ...", "Images": ["https://cdn11.bigcommerce.com/s-zd141b7qtp/products/45317/images/160949/pronature-earth-conscious-amenity-collection-pronature__32148.1712319986.386.513.jpg?c=1", "https://cdn11.bigcommerce.com/s-zd141b7qtp/products/45317/images/160966/pronature-earth-conscious-amenity-collection-pronature__72649.1712320007.386.513.jpg?c=1", "https://cdn11.bigcommerce.com/s-zd141b7qtp/products/45317/images/161033/pronature-earth-conscious-amenity-collection-pronature__13640.1712320087.386.513.jpg?c=1", "https://cdn11.bigcommerce.com/s-zd141b7qtp/products/45317/images/160807/pronature-earth-conscious-amenity-collection-pronature__90030.1712319755.386.513.jpg?c=1", "https://cdn11.bigcommerce.com/s-zd141b7qtp/products/45317/images/161063/pronature-earth-conscious-amenity-collection-pronature__89432.1712320120.386.513.jpg?c=1", "https://cdn11.bigcommerce.com/s-zd141b7qtp/products/45317/images/160729/pronature-earth-conscious-amenity-collection-pronature__89887.1712319592.386.513.jpg?c=1", "https://cdn11.bigcommerce.com/s-zd141b7qtp/products/45317/images/161020/pronature-earth-conscious-amenity-collection-pronature__47440.1712320072.386.513.jpg?c=1", "https://cdn11.bigcommerce.com/s-zd141b7qtp/products/45317/images/160840/pronature-earth-conscious-amenity-collection-pronature__51828.1712319795.386.513.jpg?c=1", "https://cdn11.bigcommerce.com/s-zd141b7qtp/products/45317/images/161003/pronature-earth-conscious-amenity-collection-pronature__06017.1712320051.386.513.jpg?c=1", "https://cdn11.bigcommerce.com/s-zd141b7qtp/products/45317/images/161070/pronature-earth-conscious-amenity-collection-pronature__92831.1712320129.386.513.jpg?c=1", "https://cdn11.bigcommerce.com/s-zd141b7qtp/products/45317/images/160763/pronature-earth-conscious-amenity-collection-pronature__57540.1712319635.386.513.jpg?c=1"], "Url": "https://directtextilestore.com/ProNature-Earth-Conscious-Amenity-Collection"}
