{"SKU": "MCTFTS650WH", "Type": "", "Size": "39 X 75 X 14", "Color": "", "Options": {"Main Option": "Mattress Covers (Fitted)", "Description": "Twin", "Size": "39 X 75 X 14", "CHOOSE PACK SIZE": "Case of (12) Pieces"}, "Price Per Each": "16.04", "Full Price": "192.5000", "Stock Status": "In Stock", "Brand": "Protect Ease", "Category": "Bedding", "Sub Category": "Protective Bedding", "Material": "", "Title": "Classic ProtectEase Fitted Mattress Covers", "Description": "ProtectEase® Classic Fitted Mattress Covers feature quality and performance tested materials. The mattress covers provide a water, stain and spill proof barrier that is durable, quiet and ...", "Images": ["https://cdn11.bigcommerce.com/s-zd141b7qtp/products/44968/images/147848/classic-protectease-fitted-mattress-covers-protect-ease__00618.1706018504.386.513.jpg?c=1", "https://cdn11.bigcommerce.com/s-zd141b7qtp/products/44968/images/147279/classic-protectease-fitted-mattress-covers-protect-ease__29917.1706017716.386.513.jpg?c=1", "https://cdn11.bigcommerce.com/s-zd141b7qtp/products/44968/images/150928/classic-protectease-fitted-mattress-covers-protect-ease__38730.1706022799.386.513.jpg?c=1", "https://cdn11.bigcommerce.com/s-zd141b7qtp/products/44968/images/151800/classic-protectease-fitted-mattress-covers-protect-ease__17067.1706023997.386.513.jpg?c=1", "https://cdn11.bigcommerce.com/s-zd141b7qtp/products/44968/images/148058/classic-protectease-fitted-mattress-covers-protect-ease__92908.1706018784.386.513.jpg?c=1", "https://cdn11.bigcommerce.com/s-zd141b7qtp/products/44968/images/147977/classic-protectease-fitted-mattress-covers-protect-ease__71899.1712171149.386.513.jpg?c=1", "https://cdn11.bigcommerce.com/s-zd141b7qtp/products/44968/images/160917/classic-protectease-fitted-mattress-covers-protect-ease__05008.1712319887.386.513.jpg?c=1", "https://cdn11.bigcommerce.com/s-zd141b7qtp/products/44968/images/147298/classic-protectease-fitted-mattress-covers-protect-ease__60938.1712171279.386.513.jpg?c=1", "https://cdn11.bigcommerce.com/s-zd141b7qtp/products/44968/images/148437/classic-protectease-fitted-mattress-covers-protect-ease__23011.1712171279.386.513.jpg?c=1", "https://cdn11.bigcommerce.com/s-zd141b7qtp/products/44968/images/148334/classic-protectease-fitted-mattress-covers-protect-ease__91818.1712171279.386.513.jpg?c=1", "https://cdn11.bigcommerce.com/s-zd141b7qtp/products/44968/images/152821/classic-protectease-fitted-mattress-covers-protect-ease__98256.1712171279.386.513.jpg?c=1", "https://cdn11.bigcommerce.com/s-zd141b7qtp/products/44968/images/160685/classic-protectease-fitted-mattress-covers-protect-ease__00797.1712319541.386.513.jpg?c=1"], "Url": "https://directtextilestore.com/ProtectEase-Fitted-Mattress-Covers-ULTIMATE"}
{"SKU": "MCFFTS650WH", "Type": "", "Size": "54 X 75 X 14", "Color": "", "Options": {"Main Option": "Mattress Covers (Fitted)", "Description": "Full", "Size": "54 X 75 X 14", "CHOOSE PACK SIZE": "Case of (12) Pieces"}, "Price Per Each": "20.04", "Full Price": "240.5000", "Stock Status": "In Stock", "Brand": "Protect Ease", "Category": "Bedding", "Sub Category": "Protective Bedding", "Material": "", "Title": "Classic ProtectEase Fitted Mattress Covers", "Description": "ProtectEase® Classic Fitted Mattress Covers feature quality and performance tested materials. The mattress covers provide a water, stain and spill proof barrier that is durable, quiet and ...", "Images": ["https://cdn11.bigcommerce.com/s-zd141b7qtp/products/44968/images/147848/classic-protectease-fitted-mattress-covers-protect-ease__00618.1706018504.386.513.jpg?c=1", "https://cdn11.bigcommerce.com/s-zd141b7qtp/products/44968/images/147279/classic-protectease-fitted-mattress-covers-protect-ease__29917.1706017716.386.513.jpg?c=1", "https://cdn11.bigcommerce.com/s-zd141b7qtp/products/44968/images/150928/classic-protectease-fitted-mattress-covers-protect-ease__38730.1706022799.386.513.jpg?c=1", "https://cdn11.bigcommerce.com/s-zd141b7qtp/products/44968/images/151800/classic-protectease-fitted-mattress-covers-protect-ease__17067.1706023997.386.513.jpg?c=1", "https://cdn11.bigcommerce.com/s-zd141b7qtp/products/44968/images/148058/classic-protectease-fitted-mattress-covers-protect-ease__92908.1706018784.386.513.jpg?c=1", "https://cdn11.bigcommerce.com/s-zd141b7qtp/products/44968/images/147977/classic-protectease-fitted-mattress-covers-protect-ease__71899.1712171149.386.513.jpg?c=1", "https://cdn11.bigcommerce.com/s-zd141b7qtp/products/44968/images/160917/classic-protectease-fitted-mattress-covers-protect-ease__05008.1712319887.386.513.jpg?c=1", "https://cdn11.bigcommerce.com/s-zd141b7qtp/products/44968/images/147298/classic-protectease-fitted-mattress-covers-protect-ease__60938.1712171279.386.513.jpg?c=1", "https://cdn11.bigcommerce.com/s-zd141b7qtp/products/44968/images/148437/classic-protectease-fitted-mattress-covers-protect-ease__23011.1712171279.386.513.jpg?c=1", "https://cdn11.bigcommerce.com/s-zd141b7qtp/products/44968/images/148334/classic-protectease-fitted-mattress-covers-protect-ease__91818.1712171279.386.513.jpg?c=1", "https://cdn11.bigcommerce.com/s-zd141b7qtp/products/44968/images/152821/classic-protectease-fitted-mattress-covers-protect-ease__98256.1712171279.386.513.jpg?c=1", "https://cdn11.bigcommerce.com/s-zd141b7qtp/products/44968/images/160685/classic-protectease-fitted-mattress-covers-protect-ease__00797.1712319541.386.513.jpg?c=1"], "Url": "https://directtextilestore.com/ProtectEase-Fitted-Mattress-Covers-ULTIMATE"}
{"SKU": "MCQFTS650WH", "Type": "", "Size": "60 X 80 X14", "Color": "", "Options": {"Main Option": "Mattress Covers (Fitted)", "Description": "Queen", "Size": "60 X 80 X14", "CHOOSE PACK SIZE": "Case of (12) Pieces"}, "Price Per Each": "22.68", "Full Price": "272.1700", "Stock Status": "In Stock", "Brand": "Protect Ease", "Category": "Bedding", "Sub Category": "Protective Bedding", "Material": "", "Title": "Classic ProtectEase Fitted Mattress Covers", "Description": "ProtectEase® Classic Fitted Mattress Covers feature quality and performance tested materials. The mattress covers provide a water, stain and spill proof barrier that is durable, quiet and ...", "Images": ["https://cdn11.bigcommerce.com/s-zd141b7qtp/products/44968/images/147848/classic-protectease-fitted-mattress-covers-protect-ease__00618.1706018504.386.513.jpg?c=1", "https://cdn11.bigcommerce.com/s-zd141b7qtp/products/44968/images/147279/classic-protectease-fitted-mattress-covers-protect-ease__29917.1706017716.386.513.jpg?c=1", "https://cdn11.bigcommerce.com/s-zd141b7qtp/products/44968/images/150928/classic-protectease-fitted-mattress-covers-protect-ease__38730.1706022799.386.513.jpg?c=1", "https://cdn11.bigcommerce.com/s-zd141b7qtp/products/44968/images/151800/classic-protectease-fitted-mattress-covers-protect-ease__17067.1706023997.386.513.jpg?c=1", "https://cdn11.bigcommerce.com/s-zd141b7qtp/products/44968/images/148058/classic-protectease-fitted-mattress-covers-protect-ease__92908.1706018784.386.513.jpg?c=1", "https://cdn11.bigcommerce.com/s-zd141b7qtp/products/44968/images/147977/classic-protectease-fitted-mattress-covers-protect-ease__71899.1712171149.386.513.jpg?c=1", "https://cdn11.bigcommerce.com/s-zd141b7qtp/products/44968/images/160917/classic-protectease-fitted-mattress-covers-protect-ease__05008.1712319887.386.513.jpg?c=1", "https://cdn11.bigcommerce.com/s-zd141b7qtp/products/44968/images/147298/classic-protectease-fitted-mattress-covers-protect-ease__60938.1712171279.386.513.jpg?c=1", "https://cdn11.bigcommerce.com/s-zd141b7qtp/products/44968/images/148437/classic-protectease-fitted-mattress-covers-protect-ease__23011.1712171279.386.513.jpg?c=1", "https://cdn11.bigcommerce.com/s-zd141b7qtp/products/44968/images/148334/classic-protectease-fitted-mattress-covers-protect-ease__91818.1712171279.386.513.jpg?c=1", "https://cdn11.bigcommerce.com/s-zd141b7qtp/products/44968/images/152821/classic-protectease-fitted-mattress-covers-protect-ease__98256.1712171279.386.513.jpg?c=1", "https://cdn11.bigcommerce.com/s-zd141b7qtp/products/44968/images/160685/classic-protectease-fitted-mattress-covers-protect-ease__00797.1712319541.386.513.jpg?c=1"], "Url": "https://directtextilestore.com/ProtectEase-Fitted-Mattress-Covers-ULTIMATE"}
{"SKU": "MCKFTS650WH", "Type": "", "Size": "78 X 80 X 14", "Color": "", "Options": {"Main Option": "Mattress Covers (Fitted)", "Description": "King", "Size": "78 X 80 X 14", "CHOOSE PACK SIZE": "Case of (12) Pieces"}, "Price Per Each": "25.50", "Full Price": "306.0000", "Stock Status": "In Stock", "Brand": "Protect Ease", "Category": "Bedding", "Sub Category": "Protective Bedding", "Material": "", "Title": "Classic ProtectEase Fitted Mattress Covers", "Description": "ProtectEase® Classic Fitted Mattress Covers feature quality and performance tested materials. The mattress covers provide a water, stain and spill proof barrier that is durable, quiet and ...", "Images": ["https://cdn11.bigcommerce.com/s-zd141b7qtp/products/44968/images/147848/classic-protectease-fitted-mattress-covers-protect-ease__00618.1706018504.386.513.jpg?c=1", "https://cdn11.bigcommerce.com/s-zd141b7qtp/products/44968/images/147279/classic-protectease-fitted-mattress-covers-protect-ease__29917.1706017716.386.513.jpg?c=1", "https://cdn11.bigcommerce.com/s-zd141b7qtp/products/44968/images/150928/classic-protectease-fitted-mattress-covers-protect-ease__38730.1706022799.386.513.jpg?c=1", "https://cdn11.bigcommerce.com/s-zd141b7qtp/products/44968/images/151800/classic-protectease-fitted-mattress-covers-protect-ease__17067.1706023997.386.513.jpg?c=1", "https://cdn11.bigcommerce.com/s-zd141b7qtp/products/44968/images/148058/classic-protectease-fitted-mattress-covers-protect-ease__92908.1706018784.386.513.jpg?c=1", "https://cdn11.bigcommerce.com/s-zd141b7qtp/products/44968/images/147977/classic-protectease-fitted-mattress-covers-protect-ease__71899.1712171149.386.513.jpg?c=1", "https://cdn11.bigcommerce.com/s-zd141b7qtp/products/44968/images/160917/classic-protectease-fitted-mattress-covers-protect-ease__05008.1712319887.386.513.jpg?c=1", "https://cdn11.bigcommerce.com/s-zd141b7qtp/products/44968/images/147298/classic-protectease-fitted-mattress-covers-protect-ease__60938.1712171279.386.513.jpg?c=1", "https://cdn11.bigcommerce.com/s-zd141b7qtp/products/44968/images/148437/classic-protectease-fitted-mattress-covers-protect-ease__23011.1712171279.386.513.jpg?c=1", "https://cdn11.bigcommerce.com/s-zd141b7qtp/products/44968/images/148334/classic-protectease-fitted-mattress-covers-protect-ease__91818.1712171279.386.513.jpg?c=1", "https://cdn11.bigcommerce.com/s-zd141b7qtp/products/44968/images/152821/classic-protectease-fitted-mattress-covers-protect-ease__98256.1712171279.386.513.jpg?c=1", "https://cdn11.bigcommerce.com/s-zd141b7qtp/products/44968/images/160685/classic-protectease-fitted-mattress-covers-protect-ease__00797.1712319541.386.513.jpg?c=1"], "Url": "https://directtextilestore.com/ProtectEase-Fitted-Mattress-Covers-ULTIMATE"}
{"SKU": "MCTFTS9WH", "Type": "", "Size": "38 X 75 X 12", "Color": "", "Options": {"Main Option": "Mattress Covers (Fitted)", "Description": "Twin", "Size": "38 X 75 X 12", "CHOOSE PACK SIZE": "Case of (12) Pieces"}, "Price Per Each": "7.40", "Full Price": "88.8300", "Stock Status": "In Stock", "Brand": "Protect Ease", "Category": "Bedding", "Sub Category": "Protective Bedding", "Material": "", "Title": "Economy ProtectEase NEXGEN Fitted Mattress Protector - Bulk Pack of 12", "Description": "Revolutionary NexGen fitted mattress encasement, offers a superior fabric alternative to traditional vinyl protectors. With its advanced technology, the NexGen fabric offers a durable and ...", "Images": ["https://cdn11.bigcommerce.com/s-zd141b7qtp/products/46543/images/161677/Promo_f665f6c6-1ef3-4e34-b614-2338b5043768_1024x1024__22855.1712947271.386.513.jpg?c=1", "https://cdn11.bigcommerce.com/s-zd141b7qtp/products/46543/images/151308/economy-protectease-nexgen-fitted-mattress-protector-bulk-pack-of-12-protect-ease__07267.1712947272.386.513.jpg?c=1", "https://cdn11.bigcommerce.com/s-zd141b7qtp/products/46543/images/147002/economy-protectease-nexgen-fitted-mattress-protector-bulk-pack-of-12-protect-ease__77765.1712947272.386.513.jpg?c=1", "https://cdn11.bigcommerce.com/s-zd141b7qtp/products/46543/images/153880/economy-protectease-nexgen-fitted-mattress-protector-bulk-pack-of-12-protect-ease__48886.1712947272.386.513.jpg?c=1", "https://cdn11.bigcommerce.com/s-zd141b7qtp/products/46543/images/151703/economy-protectease-nexgen-fitted-mattress-protector-bulk-pack-of-12-protect-ease__97535.1712947273.386.513.jpg?c=1", "https://cdn11.bigcommerce.com/s-zd141b7qtp/products/46543/images/146753/economy-protectease-nexgen-fitted-mattress-protector-bulk-pack-of-12-protect-ease__19649.1712947273.386.513.jpg?c=1", "https://cdn11.bigcommerce.com/s-zd141b7qtp/products/46543/images/149171/economy-protectease-nexgen-fitted-mattress-protector-bulk-pack-of-12-protect-ease__93024.1712947273.386.513.jpg?c=1", "https://cdn11.bigcommerce.com/s-zd141b7qtp/products/46543/images/150591/economy-protectease-nexgen-fitted-mattress-protector-bulk-pack-of-12-protect-ease__22045.1712947273.386.513.jpg?c=1"], "Url": "https://directtextilestore.com/Economy-ProtectEase-NEXGEN-Fitted-Mattress-Protector"}
{"SKU": "MCFFTS9WH", "Type": "", "Size": "54 X 75 X 12", "Color": "", "Options": {"Main Option": "Mattress Covers (Fitted)", "Description": "Full", "Size": "54 X 75 X 12", "CHOOSE PACK SIZE": "Case of (12) Pieces"}, "Price Per Each": "7.89", "Full Price": "94.6700", "Stock Status": "In Stock", "Brand": "Protect Ease", "Category": "Bedding", "Sub Category": "Protective Bedding", "Material": "", "Title": "Economy ProtectEase NEXGEN Fitted Mattress Protector - Bulk Pack of 12", "Description": "Revolutionary NexGen fitted mattress encasement, offers a superior fabric alternative to traditional vinyl protectors. With its advanced technology, the NexGen fabric offers a durable and ...", "Images": ["https://cdn11.bigcommerce.com/s-zd141b7qtp/products/46543/images/161677/Promo_f665f6c6-1ef3-4e34-b614-2338b5043768_1024x1024__22855.1712947271.386.513.jpg?c=1", "https://cdn11.bigcommerce.com/s-zd141b7qtp/products/46543/images/151308/economy-protectease-nexgen-fitted-mattress-protector-bulk-pack-of-12-protect-ease__07267.1712947272.386.513.jpg?c=1", "https://cdn11.bigcommerce.com/s-zd141b7qtp/products/46543/images/147002/economy-protectease-nexgen-fitted-mattress-protector-bulk-pack-of-12-protect-ease__77765.1712947272.386.513.jpg?c=1", "https://cdn11.bigcommerce.com/s-zd141b7qtp/products/46543/images/153880/economy-protectease-nexgen-fitted-mattress-protector-bulk-pack-of-12-protect-ease__48886.1712947272.386.513.jpg?c=1", "https://cdn11.bigcommerce.com/s-zd141b7qtp/products/46543/images/151703/economy-protectease-nexgen-fitted-mattress-protector-bulk-pack-of-12-protect-ease__97535.1712947273.386.513.jpg?c=1", "https://cdn11.bigcommerce.com/s-zd141b7qtp/products/46543/images/146753/economy-protectease-nexgen-fitted-mattress-protector-bulk-pack-of-12-protect-ease__19649.1712947273.386.513.jpg?c=1", "https://cdn11.bigcommerce.com/s-zd141b7qtp/products/46543/images/149171/economy-protectease-nexgen-fitted-mattress-protector-bulk-pack-of-12-protect-ease__93024.1712947273.386.513.jpg?c=1", "https://cdn11.bigcommerce.com/s-zd141b7qtp/products/46543/images/150591/economy-protectease-nexgen-fitted-mattress-protector-bulk-pack-of-12-protect-ease__22045.1712947273.386.513.jpg?c=1"], "Url": "https://directtextilestore.com/Economy-ProtectEase-NEXGEN-Fitted-Mattress-Protector"}
{"SKU": "MCQFTS9WH", "Type": "", "Size": "60 X 80 X 12", "Color": "", "Options": {"Main Option": "Mattress Covers (Fitted)", "Description": "Queen", "Size": "60 X 80 X 12", "CHOOSE PACK SIZE": "Case of (12) Pieces"}, "Price Per Each": "8.58", "Full Price": "103.0000", "Stock Status": "In Stock", "Brand": "Protect Ease", "Category": "Bedding", "Sub Category": "Protective Bedding", "Material": "", "Title": "Economy ProtectEase NEXGEN Fitted Mattress Protector - Bulk Pack of 12", "Description": "Revolutionary NexGen fitted mattress encasement, offers a superior fabric alternative to traditional vinyl protectors. With its advanced technology, the NexGen fabric offers a durable and ...", "Images": ["https://cdn11.bigcommerce.com/s-zd141b7qtp/products/46543/images/161677/Promo_f665f6c6-1ef3-4e34-b614-2338b5043768_1024x1024__22855.1712947271.386.513.jpg?c=1", "https://cdn11.bigcommerce.com/s-zd141b7qtp/products/46543/images/151308/economy-protectease-nexgen-fitted-mattress-protector-bulk-pack-of-12-protect-ease__07267.1712947272.386.513.jpg?c=1", "https://cdn11.bigcommerce.com/s-zd141b7qtp/products/46543/images/147002/economy-protectease-nexgen-fitted-mattress-protector-bulk-pack-of-12-protect-ease__77765.1712947272.386.513.jpg?c=1", "https://cdn11.bigcommerce.com/s-zd141b7qtp/products/46543/images/153880/economy-protectease-nexgen-fitted-mattress-protector-bulk-pack-of-12-protect-ease__48886.1712947272.386.513.jpg?c=1", "https://cdn11.bigcommerce.com/s-zd141b7qtp/products/46543/images/151703/economy-protectease-nexgen-fitted-mattress-protector-bulk-pack-of-12-protect-ease__97535.1712947273.386.513.jpg?c=1", "https://cdn11.bigcommerce.com/s-zd141b7qtp/products/46543/images/146753/economy-protectease-nexgen-fitted-mattress-protector-bulk-pack-of-12-protect-ease__19649.1712947273.386.513.jpg?c=1", "https://cdn11.bigcommerce.com/s-zd141b7qtp/products/46543/images/149171/economy-protectease-nexgen-fitted-mattress-protector-bulk-pack-of-12-protect-ease__93024.1712947273.386.513.jpg?c=1", "https://cdn11.bigcommerce.com/s-zd141b7qtp/products/46543/images/150591/economy-protectease-nexgen-fitted-mattress-protector-bulk-pack-of-12-protect-ease__22045.1712947273.386.513.jpg?c=1"], "Url": "https://directtextilestore.com/Economy-ProtectEase-NEXGEN-Fitted-Mattress-Protector"}
{"SKU": "MCKFTS9WH", "Type": "", "Size": "78 X 80 X 12", "Color": "", "Options": {"Main Option": "Mattress Covers (Fitted)", "Description": "King", "Size": "78 X 80 X 12", "CHOOSE PACK SIZE": "Case of (12) Pieces"}, "Price Per Each": "9.07", "Full Price": "108.8300", "Stock Status": "In Stock", "Brand": "Protect Ease", "Category": "Bedding", "Sub Category": "Protective Bedding", "Material": "", "Title": "Economy ProtectEase NEXGEN Fitted Mattress Protector - Bulk Pack of 12", "Description": "Revolutionary NexGen fitted mattress encasement, offers a superior fabric alternative to traditional vinyl protectors. With its advanced technology, the NexGen fabric offers a durable and ...", "Images": ["https://cdn11.bigcommerce.com/s-zd141b7qtp/products/46543/images/161677/Promo_f665f6c6-1ef3-4e34-b614-2338b5043768_1024x1024__22855.1712947271.386.513.jpg?c=1", "https://cdn11.bigcommerce.com/s-zd141b7qtp/products/46543/images/151308/economy-protectease-nexgen-fitted-mattress-protector-bulk-pack-of-12-protect-ease__07267.1712947272.386.513.jpg?c=1", "https://cdn11.bigcommerce.com/s-zd141b7qtp/products/46543/images/147002/economy-protectease-nexgen-fitted-mattress-protector-bulk-pack-of-12-protect-ease__77765.1712947272.386.513.jpg?c=1", "https://cdn11.bigcommerce.com/s-zd141b7qtp/products/46543/images/153880/economy-protectease-nexgen-fitted-mattress-protector-bulk-pack-of-12-protect-ease__48886.1712947272.386.513.jpg?c=1", "https://cdn11.bigcommerce.com/s-zd141b7qtp/products/46543/images/151703/economy-protectease-nexgen-fitted-mattress-protector-bulk-pack-of-12-protect-ease__97535.1712947273.386.513.jpg?c=1", "https://cdn11.bigcommerce.com/s-zd141b7qtp/products/46543/images/146753/economy-protectease-nexgen-fitted-mattress-protector-bulk-pack-of-12-protect-ease__19649.1712947273.386.513.jpg?c=1", "https://cdn11.bigcommerce.com/s-zd141b7qtp/products/46543/images/149171/economy-protectease-nexgen-fitted-mattress-protector-bulk-pack-of-12-protect-ease__93024.1712947273.386.513.jpg?c=1", "https://cdn11.bigcommerce.com/s-zd141b7qtp/products/46543/images/150591/economy-protectease-nexgen-fitted-mattress-protector-bulk-pack-of-12-protect-ease__22045.1712947273.386.513.jpg?c=1"], "Url": "https://directtextilestore.com/Economy-ProtectEase-NEXGEN-Fitted-Mattress-Protector"}
{"SKU": "MCTBP470WH", "Type": "", "Size": "Twin Fitted", "Color": "", "Options": {"Main Option": "Options", "Description": "White Mattress Cover", "Size": "Twin Fitted", "CHOOSE PACK SIZE": "Case of (12) Pieces"}, "Price Per Each": "14.14", "Full Price": "169.6700", "Stock Status": "In Stock", "Brand": "Protect Ease", "Category": "Mattress/Bed Pads", "Sub Category": "Bedding", "Material": "", "Title": "ProtectEase Cooling Comfort Luxury Fitted Mattress Protector - Bulk Pack of 12", "Description": "The fitted ProtectEase&reg; Cooling Fitted Mattress Protector protects your mattress from dampness and spills while ensuring a comfortable and revitalizing night's sleep thanks to its ...", "Images": ["https://cdn11.bigcommerce.com/s-zd141b7qtp/products/45820/images/149118/protectease-cooling-comfort-luxury-fitted-mattress-protector-bulk-pack-of-12-protect-ease__55701.1706020206.386.513.jpg?c=1", "https://cdn11.bigcommerce.com/s-zd141b7qtp/products/45820/images/153046/protectease-cooling-comfort-luxury-fitted-mattress-protector-bulk-pack-of-12-protect-ease__64156.1706025692.386.513.jpg?c=1", "https://cdn11.bigcommerce.com/s-zd141b7qtp/products/45820/images/153209/protectease-cooling-comfort-luxury-fitted-mattress-protector-bulk-pack-of-12-protect-ease__71890.1706025914.386.513.jpg?c=1", "https://cdn11.bigcommerce.com/s-zd141b7qtp/products/45820/images/148516/protectease-cooling-comfort-luxury-fitted-mattress-protector-bulk-pack-of-12-protect-ease__63546.1706019395.386.513.jpg?c=1", "https://cdn11.bigcommerce.com/s-zd141b7qtp/products/45820/images/153117/protectease-cooling-comfort-luxury-fitted-mattress-protector-bulk-pack-of-12-protect-ease__54686.1706025803.386.513.jpg?c=1", "https://cdn11.bigcommerce.com/s-zd141b7qtp/products/45820/images/148957/protectease-cooling-comfort-luxury-fitted-mattress-protector-bulk-pack-of-12-protect-ease__39500.1706019993.386.513.jpg?c=1", "https://cdn11.bigcommerce.com/s-zd141b7qtp/products/45820/images/152287/protectease-cooling-comfort-luxury-fitted-mattress-protector-bulk-pack-of-12-protect-ease__52603.1706024639.386.513.jpg?c=1"], "Url": "https://directtextilestore.com/ProtectEase-Cooling-Comfort-Luxury-Fitted-Mattress-Protector"}
{"SKU": "MCFBP470WH", "Type": "", "Size": "Full Fitted", "Color": "", "Options": {"Main Option": "Options", "Description": "White Mattress Cover", "Size": "Full Fitted", "CHOOSE PACK SIZE": "Case of (12) Pieces"}, "Price Per Each": "14.49", "Full Price": "173.8300", "Stock Status": "In Stock", "Brand": "Protect Ease", "Category": "Mattress/Bed Pads", "Sub Category": "Bedding", "Material": "", "Title": "ProtectEase Cooling Comfort Luxury Fitted Mattress Protector - Bulk Pack of 12", "Description": "The fitted ProtectEase&reg; Cooling Fitted Mattress Protector protects your mattress from dampness and spills while ensuring a comfortable and revitalizing night's sleep thanks to its ...", "Images": ["https://cdn11.bigcommerce.com/s-zd141b7qtp/products/45820/images/149118/protectease-cooling-comfort-luxury-fitted-mattress-protector-bulk-pack-of-12-protect-ease__55701.1706020206.386.513.jpg?c=1", "https://cdn11.bigcommerce.com/s-zd141b7qtp/products/45820/images/153046/protectease-cooling-comfort-luxury-fitted-mattress-protector-bulk-pack-of-12-protect-ease__64156.1706025692.386.513.jpg?c=1", "https://cdn11.bigcommerce.com/s-zd141b7qtp/products/45820/images/153209/protectease-cooling-comfort-luxury-fitted-mattress-protector-bulk-pack-of-12-protect-ease__71890.1706025914.386.513.jpg?c=1", "https://cdn11.bigcommerce.com/s-zd141b7qtp/products/45820/images/148516/protectease-cooling-comfort-luxury-fitted-mattress-protector-bulk-pack-of-12-protect-ease__63546.1706019395.386.513.jpg?c=1", "https://cdn11.bigcommerce.com/s-zd141b7qtp/products/45820/images/153117/protectease-cooling-comfort-luxury-fitted-mattress-protector-bulk-pack-of-12-protect-ease__54686.1706025803.386.513.jpg?c=1", "https://cdn11.bigcommerce.com/s-zd141b7qtp/products/45820/images/148957/protectease-cooling-comfort-luxury-fitted-mattress-protector-bulk-pack-of-12-protect-ease__39500.1706019993.386.513.jpg?c=1", "https://cdn11.bigcommerce.com/s-zd141b7qtp/products/45820/images/152287/protectease-cooling-comfort-luxury-fitted-mattress-protector-bulk-pack-of-12-protect-ease__52603.1706024639.386.513.jpg?c=1"], "Url": "https://directtextilestore.com/ProtectEase-Cooling-Comfort-Luxury-Fitted-Mattress-Protector"}
{"SKU": "MCQBP470WH", "Type": "", "Size": "Queen Fitted", "Color": "", "Options": {"Main Option": "Options", "Description": "White Mattress Cover", "Size": "Queen Fitted", "CHOOSE PACK SIZE": "Case of (12) Pieces"}, "Price Per Each": "19.57", "Full Price": "234.8300", "Stock Status": "In Stock", "Brand": "Protect Ease", "Category": "Mattress/Bed Pads", "Sub Category": "Bedding", "Material": "", "Title": "ProtectEase Cooling Comfort Luxury Fitted Mattress Protector - Bulk Pack of 12", "Description": "The fitted ProtectEase&reg; Cooling Fitted Mattress Protector protects your mattress from dampness and spills while ensuring a comfortable and revitalizing night's sleep thanks to its ...", "Images": ["https://cdn11.bigcommerce.com/s-zd141b7qtp/products/45820/images/149118/protectease-cooling-comfort-luxury-fitted-mattress-protector-bulk-pack-of-12-protect-ease__55701.1706020206.386.513.jpg?c=1", "https://cdn11.bigcommerce.com/s-zd141b7qtp/products/45820/images/153046/protectease-cooling-comfort-luxury-fitted-mattress-protector-bulk-pack-of-12-protect-ease__64156.1706025692.386.513.jpg?c=1", "https://cdn11.bigcommerce.com/s-zd141b7qtp/products/45820/images/153209/protectease-cooling-comfort-luxury-fitted-mattress-protector-bulk-pack-of-12-protect-ease__71890.1706025914.386.513.jpg?c=1", "https://cdn11.bigcommerce.com/s-zd141b7qtp/products/45820/images/148516/protectease-cooling-comfort-luxury-fitted-mattress-protector-bulk-pack-of-12-protect-ease__63546.1706019395.386.513.jpg?c=1", "https://cdn11.bigcommerce.com/s-zd141b7qtp/products/45820/images/153117/protectease-cooling-comfort-luxury-fitted-mattress-protector-bulk-pack-of-12-protect-ease__54686.1706025803.386.513.jpg?c=1", "https://cdn11.bigcommerce.com/s-zd141b7qtp/products/45820/images/148957/protectease-cooling-comfort-luxury-fitted-mattress-protector-bulk-pack-of-12-protect-ease__39500.1706019993.386.513.jpg?c=1", "https://cdn11.bigcommerce.com/s-zd141b7qtp/products/45820/images/152287/protectease-cooling-comfort-luxury-fitted-mattress-protector-bulk-pack-of-12-protect-ease__52603.1706024639.386.513.jpg?c=1"], "Url": "https://directtextilestore.com/ProtectEase-Cooling-Comfort-Luxury-Fitted-Mattress-Protector"}
{"SKU": "MCKBP470WH", "Type": "", "Size": "King Fitted", "Color": "", "Options": {"Main Option": "Options", "Description": "White Mattress Cover", "Size": "King Fitted", "CHOOSE PACK SIZE": "Case of (12) Pieces"}, "Price Per Each": "22.47", "Full Price": "269.6700", "Stock Status": "In Stock", "Brand": "Protect Ease", "Category": "Mattress/Bed Pads", "Sub Category": "Bedding", "Material": "", "Title": "ProtectEase Cooling Comfort Luxury Fitted Mattress Protector - Bulk Pack of 12", "Description": "The fitted ProtectEase&reg; Cooling Fitted Mattress Protector protects your mattress from dampness and spills while ensuring a comfortable and revitalizing night's sleep thanks to its ...", "Images": ["https://cdn11.bigcommerce.com/s-zd141b7qtp/products/45820/images/149118/protectease-cooling-comfort-luxury-fitted-mattress-protector-bulk-pack-of-12-protect-ease__55701.1706020206.386.513.jpg?c=1", "https://cdn11.bigcommerce.com/s-zd141b7qtp/products/45820/images/153046/protectease-cooling-comfort-luxury-fitted-mattress-protector-bulk-pack-of-12-protect-ease__64156.1706025692.386.513.jpg?c=1", "https://cdn11.bigcommerce.com/s-zd141b7qtp/products/45820/images/153209/protectease-cooling-comfort-luxury-fitted-mattress-protector-bulk-pack-of-12-protect-ease__71890.1706025914.386.513.jpg?c=1", "https://cdn11.bigcommerce.com/s-zd141b7qtp/products/45820/images/148516/protectease-cooling-comfort-luxury-fitted-mattress-protector-bulk-pack-of-12-protect-ease__63546.1706019395.386.513.jpg?c=1", "https://cdn11.bigcommerce.com/s-zd141b7qtp/products/45820/images/153117/protectease-cooling-comfort-luxury-fitted-mattress-protector-bulk-pack-of-12-protect-ease__54686.1706025803.386.513.jpg?c=1", "https://cdn11.bigcommerce.com/s-zd141b7qtp/products/45820/images/148957/protectease-cooling-comfort-luxury-fitted-mattress-protector-bulk-pack-of-12-protect-ease__39500.1706019993.386.513.jpg?c=1", "https://cdn11.bigcommerce.com/s-zd141b7qtp/products/45820/images/152287/protectease-cooling-comfort-luxury-fitted-mattress-protector-bulk-pack-of-12-protect-ease__52603.1706024639.386.513.jpg?c=1"], "Url": "https://directtextilestore.com/ProtectEase-Cooling-Comfort-Luxury-Fitted-Mattress-Protector"}
{"SKU": "MCTFTS150WH", "Type": "", "Size": "39 X 75 X 14", "Color": "", "Options": {"Main Option": "Mattress Covers (Fitted)", "Description": "Twin", "Size": "39 X 75 X 14", "CHOOSE PACK SIZE": "Case of (12) Pieces"}, "Price Per Each": "13.64", "Full Price": "163.6700", "Stock Status": "In Stock", "Brand": "Protect Ease", "Category": "Bedding", "Sub Category": "Protective Bedding", "Material": "", "Title": "ProtectEase Fitted Mattress Covers - PREMIUM Bulk Pack of 12", "Description": "ProtectEase® PREMIUM Fitted Mattress Covers feature quality and performance tested materials. The mattress covers provide a water, stain and spill proof barrier that is durable, quiet and ...", "Images": ["https://cdn11.bigcommerce.com/s-zd141b7qtp/products/44965/images/153289/protectease-fitted-mattress-covers-premium-bulk-pack-of-12-protect-ease__91287.1712259758.386.513.jpg?c=1", "https://cdn11.bigcommerce.com/s-zd141b7qtp/products/44965/images/150694/protectease-fitted-mattress-covers-premium-bulk-pack-of-12-protect-ease__72869.1706022468.386.513.jpg?c=1", "https://cdn11.bigcommerce.com/s-zd141b7qtp/products/44965/images/152521/protectease-fitted-mattress-covers-premium-bulk-pack-of-12-protect-ease__00824.1706024964.386.513.jpg?c=1", "https://cdn11.bigcommerce.com/s-zd141b7qtp/products/44965/images/148748/protectease-fitted-mattress-covers-premium-bulk-pack-of-12-protect-ease__23236.1706019725.386.513.jpg?c=1", "https://cdn11.bigcommerce.com/s-zd141b7qtp/products/44965/images/153164/protectease-fitted-mattress-covers-premium-bulk-pack-of-12-protect-ease__17811.1706025854.386.513.jpg?c=1", "https://cdn11.bigcommerce.com/s-zd141b7qtp/products/44965/images/153610/protectease-fitted-mattress-covers-premium-bulk-pack-of-12-protect-ease__04860.1706026428.386.513.jpg?c=1", "https://cdn11.bigcommerce.com/s-zd141b7qtp/products/44965/images/161035/protectease-fitted-mattress-covers-premium-bulk-pack-of-12-protect-ease__41393.1712320089.386.513.jpg?c=1", "https://cdn11.bigcommerce.com/s-zd141b7qtp/products/44965/images/152968/protectease-fitted-mattress-covers-premium-bulk-pack-of-12-protect-ease__68651.1712259758.386.513.jpg?c=1", "https://cdn11.bigcommerce.com/s-zd141b7qtp/products/44965/images/152341/protectease-fitted-mattress-covers-premium-bulk-pack-of-12-protect-ease__24031.1712259758.386.513.jpg?c=1", "https://cdn11.bigcommerce.com/s-zd141b7qtp/products/44965/images/153764/protectease-fitted-mattress-covers-premium-bulk-pack-of-12-protect-ease__75533.1712259758.386.513.jpg?c=1", "https://cdn11.bigcommerce.com/s-zd141b7qtp/products/44965/images/152758/protectease-fitted-mattress-covers-premium-bulk-pack-of-12-protect-ease__84656.1712259758.386.513.jpg?c=1"], "Url": "https://directtextilestore.com/ProtectEase-Fitted-Mattress-Covers-PREMIUM"}
{"SKU": "MCFFTS150WH", "Type": "", "Size": "54 X 75 X 14", "Color": "", "Options": {"Main Option": "Mattress Covers (Fitted)", "Description": "Full", "Size": "54 X 75 X 14", "CHOOSE PACK SIZE": "Case of (12) Pieces"}, "Price Per Each": "14.97", "Full Price": "179.6700", "Stock Status": "In Stock", "Brand": "Protect Ease", "Category": "Bedding", "Sub Category": "Protective Bedding", "Material": "", "Title": "ProtectEase Fitted Mattress Covers - PREMIUM Bulk Pack of 12", "Description": "ProtectEase® PREMIUM Fitted Mattress Covers feature quality and performance tested materials. The mattress covers provide a water, stain and spill proof barrier that is durable, quiet and ...", "Images": ["https://cdn11.bigcommerce.com/s-zd141b7qtp/products/44965/images/153289/protectease-fitted-mattress-covers-premium-bulk-pack-of-12-protect-ease__91287.1712259758.386.513.jpg?c=1", "https://cdn11.bigcommerce.com/s-zd141b7qtp/products/44965/images/150694/protectease-fitted-mattress-covers-premium-bulk-pack-of-12-protect-ease__72869.1706022468.386.513.jpg?c=1", "https://cdn11.bigcommerce.com/s-zd141b7qtp/products/44965/images/152521/protectease-fitted-mattress-covers-premium-bulk-pack-of-12-protect-ease__00824.1706024964.386.513.jpg?c=1", "https://cdn11.bigcommerce.com/s-zd141b7qtp/products/44965/images/148748/protectease-fitted-mattress-covers-premium-bulk-pack-of-12-protect-ease__23236.1706019725.386.513.jpg?c=1", "https://cdn11.bigcommerce.com/s-zd141b7qtp/products/44965/images/153164/protectease-fitted-mattress-covers-premium-bulk-pack-of-12-protect-ease__17811.1706025854.386.513.jpg?c=1", "https://cdn11.bigcommerce.com/s-zd141b7qtp/products/44965/images/153610/protectease-fitted-mattress-covers-premium-bulk-pack-of-12-protect-ease__04860.1706026428.386.513.jpg?c=1", "https://cdn11.bigcommerce.com/s-zd141b7qtp/products/44965/images/161035/protectease-fitted-mattress-covers-premium-bulk-pack-of-12-protect-ease__41393.1712320089.386.513.jpg?c=1", "https://cdn11.bigcommerce.com/s-zd141b7qtp/products/44965/images/152968/protectease-fitted-mattress-covers-premium-bulk-pack-of-12-protect-ease__68651.1712259758.386.513.jpg?c=1", "https://cdn11.bigcommerce.com/s-zd141b7qtp/products/44965/images/152341/protectease-fitted-mattress-covers-premium-bulk-pack-of-12-protect-ease__24031.1712259758.386.513.jpg?c=1", "https://cdn11.bigcommerce.com/s-zd141b7qtp/products/44965/images/153764/protectease-fitted-mattress-covers-premium-bulk-pack-of-12-protect-ease__75533.1712259758.386.513.jpg?c=1", "https://cdn11.bigcommerce.com/s-zd141b7qtp/products/44965/images/152758/protectease-fitted-mattress-covers-premium-bulk-pack-of-12-protect-ease__84656.1712259758.386.513.jpg?c=1"], "Url": "https://directtextilestore.com/ProtectEase-Fitted-Mattress-Covers-PREMIUM"}
{"SKU": "MCQFTS150WH", "Type": "", "Size": "60 X 80 X14", "Color": "", "Options": {"Main Option": "Mattress Covers (Fitted)", "Description": "Queen", "Size": "60 X 80 X14", "CHOOSE PACK SIZE": "Case of (12) Pieces"}, "Price Per Each": "16.71", "Full Price": "200.5000", "Stock Status": "In Stock", "Brand": "Protect Ease", "Category": "Bedding", "Sub Category": "Protective Bedding", "Material": "", "Title": "ProtectEase Fitted Mattress Covers - PREMIUM Bulk Pack of 12", "Description": "ProtectEase® PREMIUM Fitted Mattress Covers feature quality and performance tested materials. The mattress covers provide a water, stain and spill proof barrier that is durable, quiet and ...", "Images": ["https://cdn11.bigcommerce.com/s-zd141b7qtp/products/44965/images/153289/protectease-fitted-mattress-covers-premium-bulk-pack-of-12-protect-ease__91287.1712259758.386.513.jpg?c=1", "https://cdn11.bigcommerce.com/s-zd141b7qtp/products/44965/images/150694/protectease-fitted-mattress-covers-premium-bulk-pack-of-12-protect-ease__72869.1706022468.386.513.jpg?c=1", "https://cdn11.bigcommerce.com/s-zd141b7qtp/products/44965/images/152521/protectease-fitted-mattress-covers-premium-bulk-pack-of-12-protect-ease__00824.1706024964.386.513.jpg?c=1", "https://cdn11.bigcommerce.com/s-zd141b7qtp/products/44965/images/148748/protectease-fitted-mattress-covers-premium-bulk-pack-of-12-protect-ease__23236.1706019725.386.513.jpg?c=1", "https://cdn11.bigcommerce.com/s-zd141b7qtp/products/44965/images/153164/protectease-fitted-mattress-covers-premium-bulk-pack-of-12-protect-ease__17811.1706025854.386.513.jpg?c=1", "https://cdn11.bigcommerce.com/s-zd141b7qtp/products/44965/images/153610/protectease-fitted-mattress-covers-premium-bulk-pack-of-12-protect-ease__04860.1706026428.386.513.jpg?c=1", "https://cdn11.bigcommerce.com/s-zd141b7qtp/products/44965/images/161035/protectease-fitted-mattress-covers-premium-bulk-pack-of-12-protect-ease__41393.1712320089.386.513.jpg?c=1", "https://cdn11.bigcommerce.com/s-zd141b7qtp/products/44965/images/152968/protectease-fitted-mattress-covers-premium-bulk-pack-of-12-protect-ease__68651.1712259758.386.513.jpg?c=1", "https://cdn11.bigcommerce.com/s-zd141b7qtp/products/44965/images/152341/protectease-fitted-mattress-covers-premium-bulk-pack-of-12-protect-ease__24031.1712259758.386.513.jpg?c=1", "https://cdn11.bigcommerce.com/s-zd141b7qtp/products/44965/images/153764/protectease-fitted-mattress-covers-premium-bulk-pack-of-12-protect-ease__75533.1712259758.386.513.jpg?c=1", "https://cdn11.bigcommerce.com/s-zd141b7qtp/products/44965/images/152758/protectease-fitted-mattress-covers-premium-bulk-pack-of-12-protect-ease__84656.1712259758.386.513.jpg?c=1"], "Url": "https://directtextilestore.com/ProtectEase-Fitted-Mattress-Covers-PREMIUM"}
{"SKU": "MCKFTS150WH", "Type": "", "Size": "78 X 80 X 14", "Color": "", "Options": {"Main Option": "Mattress Covers (Fitted)", "Description": "King", "Size": "78 X 80 X 14", "CHOOSE PACK SIZE": "Case of (12) Pieces"}, "Price Per Each": "18.35", "Full Price": "220.1700", "Stock Status": "In Stock", "Brand": "Protect Ease", "Category": "Bedding", "Sub Category": "Protective Bedding", "Material": "", "Title": "ProtectEase Fitted Mattress Covers - PREMIUM Bulk Pack of 12", "Description": "ProtectEase® PREMIUM Fitted Mattress Covers feature quality and performance tested materials. The mattress covers provide a water, stain and spill proof barrier that is durable, quiet and ...", "Images": ["https://cdn11.bigcommerce.com/s-zd141b7qtp/products/44965/images/153289/protectease-fitted-mattress-covers-premium-bulk-pack-of-12-protect-ease__91287.1712259758.386.513.jpg?c=1", "https://cdn11.bigcommerce.com/s-zd141b7qtp/products/44965/images/150694/protectease-fitted-mattress-covers-premium-bulk-pack-of-12-protect-ease__72869.1706022468.386.513.jpg?c=1", "https://cdn11.bigcommerce.com/s-zd141b7qtp/products/44965/images/152521/protectease-fitted-mattress-covers-premium-bulk-pack-of-12-protect-ease__00824.1706024964.386.513.jpg?c=1", "https://cdn11.bigcommerce.com/s-zd141b7qtp/products/44965/images/148748/protectease-fitted-mattress-covers-premium-bulk-pack-of-12-protect-ease__23236.1706019725.386.513.jpg?c=1", "https://cdn11.bigcommerce.com/s-zd141b7qtp/products/44965/images/153164/protectease-fitted-mattress-covers-premium-bulk-pack-of-12-protect-ease__17811.1706025854.386.513.jpg?c=1", "https://cdn11.bigcommerce.com/s-zd141b7qtp/products/44965/images/153610/protectease-fitted-mattress-covers-premium-bulk-pack-of-12-protect-ease__04860.1706026428.386.513.jpg?c=1", "https://cdn11.bigcommerce.com/s-zd141b7qtp/products/44965/images/161035/protectease-fitted-mattress-covers-premium-bulk-pack-of-12-protect-ease__41393.1712320089.386.513.jpg?c=1", "https://cdn11.bigcommerce.com/s-zd141b7qtp/products/44965/images/152968/protectease-fitted-mattress-covers-premium-bulk-pack-of-12-protect-ease__68651.1712259758.386.513.jpg?c=1", "https://cdn11.bigcommerce.com/s-zd141b7qtp/products/44965/images/152341/protectease-fitted-mattress-covers-premium-bulk-pack-of-12-protect-ease__24031.1712259758.386.513.jpg?c=1", "https://cdn11.bigcommerce.com/s-zd141b7qtp/products/44965/images/153764/protectease-fitted-mattress-covers-premium-bulk-pack-of-12-protect-ease__75533.1712259758.386.513.jpg?c=1", "https://cdn11.bigcommerce.com/s-zd141b7qtp/products/44965/images/152758/protectease-fitted-mattress-covers-premium-bulk-pack-of-12-protect-ease__84656.1712259758.386.513.jpg?c=1"], "Url": "https://directtextilestore.com/ProtectEase-Fitted-Mattress-Covers-PREMIUM"}
{"SKU": "METZ5BB311WH", "Type": "", "Size": "39 X 75", "Color": "", "Options": {"Main Option": "Mattress Encasements (Zippered)", "Description": "Twin", "Size": "39 X 75", "CHOOSE PACK SIZE": "Case of (12) Pieces"}, "Price Per Each": "21.49", "Full Price": "257.8300", "Stock Status": "In Stock", "Brand": "Protect Ease", "Category": "Bedding", "Sub Category": "Protective Bedding", "Material": "", "Title": "ProtectEase Mattress Protector - Luxury Line, Bulk Pack of 12", "Description": "The ProtectEase LUXURY Mattress Protector features a plush 100% Polyester Jacquard Stretch Knit w/ PU Laminate fabric that offers exceptional comfort and protection. The extra absorbent surface ...", "Images": ["https://cdn11.bigcommerce.com/s-zd141b7qtp/products/44967/images/151774/protectease-mattress-protector-luxury-line-bulk-pack-of-12-protect-ease__17768.1706023954.386.513.jpg?c=1", "https://cdn11.bigcommerce.com/s-zd141b7qtp/products/44967/images/152133/protectease-mattress-protector-luxury-line-bulk-pack-of-12-protect-ease__47397.1706024424.386.513.jpg?c=1", "https://cdn11.bigcommerce.com/s-zd141b7qtp/products/44967/images/152981/protectease-mattress-protector-luxury-line-bulk-pack-of-12-protect-ease__28383.1706025595.386.513.jpg?c=1", "https://cdn11.bigcommerce.com/s-zd141b7qtp/products/44967/images/153313/protectease-mattress-protector-luxury-line-bulk-pack-of-12-protect-ease__49416.1706026054.386.513.jpg?c=1", "https://cdn11.bigcommerce.com/s-zd141b7qtp/products/44967/images/151413/protectease-mattress-protector-luxury-line-bulk-pack-of-12-protect-ease__71142.1706023449.386.513.jpg?c=1", "https://cdn11.bigcommerce.com/s-zd141b7qtp/products/44967/images/153281/protectease-mattress-protector-luxury-line-bulk-pack-of-12-protect-ease__75366.1706025999.386.513.jpg?c=1", "https://cdn11.bigcommerce.com/s-zd141b7qtp/products/44967/images/147420/protectease-mattress-protector-luxury-line-bulk-pack-of-12-protect-ease__68948.1706017922.386.513.jpg?c=1", "https://cdn11.bigcommerce.com/s-zd141b7qtp/products/44967/images/151597/protectease-mattress-protector-luxury-line-bulk-pack-of-12-protect-ease__90614.1706023700.386.513.jpg?c=1", "https://cdn11.bigcommerce.com/s-zd141b7qtp/products/44967/images/146989/protectease-mattress-protector-luxury-line-bulk-pack-of-12-protect-ease__17022.1706017339.386.513.jpg?c=1", "https://cdn11.bigcommerce.com/s-zd141b7qtp/products/44967/images/149635/protectease-mattress-protector-luxury-line-bulk-pack-of-12-protect-ease__85061.1706020915.386.513.jpg?c=1", "https://cdn11.bigcommerce.com/s-zd141b7qtp/products/44967/images/150337/protectease-mattress-protector-luxury-line-bulk-pack-of-12-protect-ease__78727.1706021835.386.513.jpg?c=1", "https://cdn11.bigcommerce.com/s-zd141b7qtp/products/44967/images/150682/protectease-mattress-protector-luxury-line-bulk-pack-of-12-protect-ease__69689.1706022450.386.513.jpg?c=1", "https://cdn11.bigcommerce.com/s-zd141b7qtp/products/44967/images/150412/protectease-mattress-protector-luxury-line-bulk-pack-of-12-protect-ease__91910.1706021945.386.513.jpg?c=1", "https://cdn11.bigcommerce.com/s-zd141b7qtp/products/44967/images/151197/protectease-mattress-protector-luxury-line-bulk-pack-of-12-protect-ease__95401.1706023165.386.513.jpg?c=1", "https://cdn11.bigcommerce.com/s-zd141b7qtp/products/44967/images/151282/protectease-mattress-protector-luxury-line-bulk-pack-of-12-protect-ease__46643.1706023286.386.513.jpg?c=1", "https://cdn11.bigcommerce.com/s-zd141b7qtp/products/44967/images/152343/protectease-mattress-protector-luxury-line-bulk-pack-of-12-protect-ease__65554.1706024724.386.513.jpg?c=1", "https://cdn11.bigcommerce.com/s-zd141b7qtp/products/44967/images/149779/protectease-mattress-protector-luxury-line-bulk-pack-of-12-protect-ease__40336.1706021093.386.513.jpg?c=1", "https://cdn11.bigcommerce.com/s-zd141b7qtp/products/44967/images/150830/protectease-mattress-protector-luxury-line-bulk-pack-of-12-protect-ease__09794.1706022643.386.513.jpg?c=1", "https://cdn11.bigcommerce.com/s-zd141b7qtp/products/44967/images/147743/protectease-mattress-protector-luxury-line-bulk-pack-of-12-protect-ease__39963.1706018358.386.513.jpg?c=1", "https://cdn11.bigcommerce.com/s-zd141b7qtp/products/44967/images/151726/protectease-mattress-protector-luxury-line-bulk-pack-of-12-protect-ease__25240.1706023897.386.513.jpg?c=1", "https://cdn11.bigcommerce.com/s-zd141b7qtp/products/44967/images/148310/protectease-mattress-protector-luxury-line-bulk-pack-of-12-protect-ease__02313.1706019128.386.513.jpg?c=1"], "Url": "https://directtextilestore.com/Protect-Ease-Mattress-Protector-ULTIMATE"}
{"SKU": "MEFZ5BB311WH", "Type": "", "Size": "54 X 75", "Color": "", "Options": {"Main Option": "Mattress Encasements (Zippered)", "Description": "Full", "Size": "54 X 75", "CHOOSE PACK SIZE": "Case of (12) Pieces"}, "Price Per Each": "26.26", "Full Price": "315.1700", "Stock Status": "In Stock", "Brand": "Protect Ease", "Category": "Bedding", "Sub Category": "Protective Bedding", "Material": "", "Title": "ProtectEase Mattress Protector - Luxury Line, Bulk Pack of 12", "Description": "The ProtectEase LUXURY Mattress Protector features a plush 100% Polyester Jacquard Stretch Knit w/ PU Laminate fabric that offers exceptional comfort and protection. The extra absorbent surface ...", "Images": ["https://cdn11.bigcommerce.com/s-zd141b7qtp/products/44967/images/151774/protectease-mattress-protector-luxury-line-bulk-pack-of-12-protect-ease__17768.1706023954.386.513.jpg?c=1", "https://cdn11.bigcommerce.com/s-zd141b7qtp/products/44967/images/152133/protectease-mattress-protector-luxury-line-bulk-pack-of-12-protect-ease__47397.1706024424.386.513.jpg?c=1", "https://cdn11.bigcommerce.com/s-zd141b7qtp/products/44967/images/152981/protectease-mattress-protector-luxury-line-bulk-pack-of-12-protect-ease__28383.1706025595.386.513.jpg?c=1", "https://cdn11.bigcommerce.com/s-zd141b7qtp/products/44967/images/153313/protectease-mattress-protector-luxury-line-bulk-pack-of-12-protect-ease__49416.1706026054.386.513.jpg?c=1", "https://cdn11.bigcommerce.com/s-zd141b7qtp/products/44967/images/151413/protectease-mattress-protector-luxury-line-bulk-pack-of-12-protect-ease__71142.1706023449.386.513.jpg?c=1", "https://cdn11.bigcommerce.com/s-zd141b7qtp/products/44967/images/153281/protectease-mattress-protector-luxury-line-bulk-pack-of-12-protect-ease__75366.1706025999.386.513.jpg?c=1", "https://cdn11.bigcommerce.com/s-zd141b7qtp/products/44967/images/147420/protectease-mattress-protector-luxury-line-bulk-pack-of-12-protect-ease__68948.1706017922.386.513.jpg?c=1", "https://cdn11.bigcommerce.com/s-zd141b7qtp/products/44967/images/151597/protectease-mattress-protector-luxury-line-bulk-pack-of-12-protect-ease__90614.1706023700.386.513.jpg?c=1", "https://cdn11.bigcommerce.com/s-zd141b7qtp/products/44967/images/146989/protectease-mattress-protector-luxury-line-bulk-pack-of-12-protect-ease__17022.1706017339.386.513.jpg?c=1", "https://cdn11.bigcommerce.com/s-zd141b7qtp/products/44967/images/149635/protectease-mattress-protector-luxury-line-bulk-pack-of-12-protect-ease__85061.1706020915.386.513.jpg?c=1", "https://cdn11.bigcommerce.com/s-zd141b7qtp/products/44967/images/150337/protectease-mattress-protector-luxury-line-bulk-pack-of-12-protect-ease__78727.1706021835.386.513.jpg?c=1", "https://cdn11.bigcommerce.com/s-zd141b7qtp/products/44967/images/150682/protectease-mattress-protector-luxury-line-bulk-pack-of-12-protect-ease__69689.1706022450.386.513.jpg?c=1", "https://cdn11.bigcommerce.com/s-zd141b7qtp/products/44967/images/150412/protectease-mattress-protector-luxury-line-bulk-pack-of-12-protect-ease__91910.1706021945.386.513.jpg?c=1", "https://cdn11.bigcommerce.com/s-zd141b7qtp/products/44967/images/151197/protectease-mattress-protector-luxury-line-bulk-pack-of-12-protect-ease__95401.1706023165.386.513.jpg?c=1", "https://cdn11.bigcommerce.com/s-zd141b7qtp/products/44967/images/151282/protectease-mattress-protector-luxury-line-bulk-pack-of-12-protect-ease__46643.1706023286.386.513.jpg?c=1", "https://cdn11.bigcommerce.com/s-zd141b7qtp/products/44967/images/152343/protectease-mattress-protector-luxury-line-bulk-pack-of-12-protect-ease__65554.1706024724.386.513.jpg?c=1", "https://cdn11.bigcommerce.com/s-zd141b7qtp/products/44967/images/149779/protectease-mattress-protector-luxury-line-bulk-pack-of-12-protect-ease__40336.1706021093.386.513.jpg?c=1", "https://cdn11.bigcommerce.com/s-zd141b7qtp/products/44967/images/150830/protectease-mattress-protector-luxury-line-bulk-pack-of-12-protect-ease__09794.1706022643.386.513.jpg?c=1", "https://cdn11.bigcommerce.com/s-zd141b7qtp/products/44967/images/147743/protectease-mattress-protector-luxury-line-bulk-pack-of-12-protect-ease__39963.1706018358.386.513.jpg?c=1", "https://cdn11.bigcommerce.com/s-zd141b7qtp/products/44967/images/151726/protectease-mattress-protector-luxury-line-bulk-pack-of-12-protect-ease__25240.1706023897.386.513.jpg?c=1", "https://cdn11.bigcommerce.com/s-zd141b7qtp/products/44967/images/148310/protectease-mattress-protector-luxury-line-bulk-pack-of-12-protect-ease__02313.1706019128.386.513.jpg?c=1"], "Url": "https://directtextilestore.com/Protect-Ease-Mattress-Protector-ULTIMATE"}
{"SKU": "MEQZ5BB311WH", "Type": "", "Size": "60 X 80", "Color": "", "Options": {"Main Option": "Mattress Encasements (Zippered)", "Description": "Queen", "Size": "60 X 80", "CHOOSE PACK SIZE": "Case of (12) Pieces"}, "Price Per Each": "29.43", "Full Price": "353.1700", "Stock Status": "In Stock", "Brand": "Protect Ease", "Category": "Bedding", "Sub Category": "Protective Bedding", "Material": "", "Title": "ProtectEase Mattress Protector - Luxury Line, Bulk Pack of 12", "Description": "The ProtectEase LUXURY Mattress Protector features a plush 100% Polyester Jacquard Stretch Knit w/ PU Laminate fabric that offers exceptional comfort and protection. The extra absorbent surface ...", "Images": ["https://cdn11.bigcommerce.com/s-zd141b7qtp/products/44967/images/151774/protectease-mattress-protector-luxury-line-bulk-pack-of-12-protect-ease__17768.1706023954.386.513.jpg?c=1", "https://cdn11.bigcommerce.com/s-zd141b7qtp/products/44967/images/152133/protectease-mattress-protector-luxury-line-bulk-pack-of-12-protect-ease__47397.1706024424.386.513.jpg?c=1", "https://cdn11.bigcommerce.com/s-zd141b7qtp/products/44967/images/152981/protectease-mattress-protector-luxury-line-bulk-pack-of-12-protect-ease__28383.1706025595.386.513.jpg?c=1", "https://cdn11.bigcommerce.com/s-zd141b7qtp/products/44967/images/153313/protectease-mattress-protector-luxury-line-bulk-pack-of-12-protect-ease__49416.1706026054.386.513.jpg?c=1", "https://cdn11.bigcommerce.com/s-zd141b7qtp/products/44967/images/151413/protectease-mattress-protector-luxury-line-bulk-pack-of-12-protect-ease__71142.1706023449.386.513.jpg?c=1", "https://cdn11.bigcommerce.com/s-zd141b7qtp/products/44967/images/153281/protectease-mattress-protector-luxury-line-bulk-pack-of-12-protect-ease__75366.1706025999.386.513.jpg?c=1", "https://cdn11.bigcommerce.com/s-zd141b7qtp/products/44967/images/147420/protectease-mattress-protector-luxury-line-bulk-pack-of-12-protect-ease__68948.1706017922.386.513.jpg?c=1", "https://cdn11.bigcommerce.com/s-zd141b7qtp/products/44967/images/151597/protectease-mattress-protector-luxury-line-bulk-pack-of-12-protect-ease__90614.1706023700.386.513.jpg?c=1", "https://cdn11.bigcommerce.com/s-zd141b7qtp/products/44967/images/146989/protectease-mattress-protector-luxury-line-bulk-pack-of-12-protect-ease__17022.1706017339.386.513.jpg?c=1", "https://cdn11.bigcommerce.com/s-zd141b7qtp/products/44967/images/149635/protectease-mattress-protector-luxury-line-bulk-pack-of-12-protect-ease__85061.1706020915.386.513.jpg?c=1", "https://cdn11.bigcommerce.com/s-zd141b7qtp/products/44967/images/150337/protectease-mattress-protector-luxury-line-bulk-pack-of-12-protect-ease__78727.1706021835.386.513.jpg?c=1", "https://cdn11.bigcommerce.com/s-zd141b7qtp/products/44967/images/150682/protectease-mattress-protector-luxury-line-bulk-pack-of-12-protect-ease__69689.1706022450.386.513.jpg?c=1", "https://cdn11.bigcommerce.com/s-zd141b7qtp/products/44967/images/150412/protectease-mattress-protector-luxury-line-bulk-pack-of-12-protect-ease__91910.1706021945.386.513.jpg?c=1", "https://cdn11.bigcommerce.com/s-zd141b7qtp/products/44967/images/151197/protectease-mattress-protector-luxury-line-bulk-pack-of-12-protect-ease__95401.1706023165.386.513.jpg?c=1", "https://cdn11.bigcommerce.com/s-zd141b7qtp/products/44967/images/151282/protectease-mattress-protector-luxury-line-bulk-pack-of-12-protect-ease__46643.1706023286.386.513.jpg?c=1", "https://cdn11.bigcommerce.com/s-zd141b7qtp/products/44967/images/152343/protectease-mattress-protector-luxury-line-bulk-pack-of-12-protect-ease__65554.1706024724.386.513.jpg?c=1", "https://cdn11.bigcommerce.com/s-zd141b7qtp/products/44967/images/149779/protectease-mattress-protector-luxury-line-bulk-pack-of-12-protect-ease__40336.1706021093.386.513.jpg?c=1", "https://cdn11.bigcommerce.com/s-zd141b7qtp/products/44967/images/150830/protectease-mattress-protector-luxury-line-bulk-pack-of-12-protect-ease__09794.1706022643.386.513.jpg?c=1", "https://cdn11.bigcommerce.com/s-zd141b7qtp/products/44967/images/147743/protectease-mattress-protector-luxury-line-bulk-pack-of-12-protect-ease__39963.1706018358.386.513.jpg?c=1", "https://cdn11.bigcommerce.com/s-zd141b7qtp/products/44967/images/151726/protectease-mattress-protector-luxury-line-bulk-pack-of-12-protect-ease__25240.1706023897.386.513.jpg?c=1", "https://cdn11.bigcommerce.com/s-zd141b7qtp/products/44967/images/148310/protectease-mattress-protector-luxury-line-bulk-pack-of-12-protect-ease__02313.1706019128.386.513.jpg?c=1"], "Url": "https://directtextilestore.com/Protect-Ease-Mattress-Protector-ULTIMATE"}
{"SKU": "MEKZ5BB311WH", "Type": "", "Size": "78 X 80", "Color": "", "Options": {"Main Option": "Mattress Encasements (Zippered)", "Description": "King", "Size": "78 X 80", "CHOOSE PACK SIZE": "Case of (12) Pieces"}, "Price Per Each": "32.26", "Full Price": "387.1700", "Stock Status": "In Stock", "Brand": "Protect Ease", "Category": "Bedding", "Sub Category": "Protective Bedding", "Material": "", "Title": "ProtectEase Mattress Protector - Luxury Line, Bulk Pack of 12", "Description": "The ProtectEase LUXURY Mattress Protector features a plush 100% Polyester Jacquard Stretch Knit w/ PU Laminate fabric that offers exceptional comfort and protection. The extra absorbent surface ...", "Images": ["https://cdn11.bigcommerce.com/s-zd141b7qtp/products/44967/images/151774/protectease-mattress-protector-luxury-line-bulk-pack-of-12-protect-ease__17768.1706023954.386.513.jpg?c=1", "https://cdn11.bigcommerce.com/s-zd141b7qtp/products/44967/images/152133/protectease-mattress-protector-luxury-line-bulk-pack-of-12-protect-ease__47397.1706024424.386.513.jpg?c=1", "https://cdn11.bigcommerce.com/s-zd141b7qtp/products/44967/images/152981/protectease-mattress-protector-luxury-line-bulk-pack-of-12-protect-ease__28383.1706025595.386.513.jpg?c=1", "https://cdn11.bigcommerce.com/s-zd141b7qtp/products/44967/images/153313/protectease-mattress-protector-luxury-line-bulk-pack-of-12-protect-ease__49416.1706026054.386.513.jpg?c=1", "https://cdn11.bigcommerce.com/s-zd141b7qtp/products/44967/images/151413/protectease-mattress-protector-luxury-line-bulk-pack-of-12-protect-ease__71142.1706023449.386.513.jpg?c=1", "https://cdn11.bigcommerce.com/s-zd141b7qtp/products/44967/images/153281/protectease-mattress-protector-luxury-line-bulk-pack-of-12-protect-ease__75366.1706025999.386.513.jpg?c=1", "https://cdn11.bigcommerce.com/s-zd141b7qtp/products/44967/images/147420/protectease-mattress-protector-luxury-line-bulk-pack-of-12-protect-ease__68948.1706017922.386.513.jpg?c=1", "https://cdn11.bigcommerce.com/s-zd141b7qtp/products/44967/images/151597/protectease-mattress-protector-luxury-line-bulk-pack-of-12-protect-ease__90614.1706023700.386.513.jpg?c=1", "https://cdn11.bigcommerce.com/s-zd141b7qtp/products/44967/images/146989/protectease-mattress-protector-luxury-line-bulk-pack-of-12-protect-ease__17022.1706017339.386.513.jpg?c=1", "https://cdn11.bigcommerce.com/s-zd141b7qtp/products/44967/images/149635/protectease-mattress-protector-luxury-line-bulk-pack-of-12-protect-ease__85061.1706020915.386.513.jpg?c=1", "https://cdn11.bigcommerce.com/s-zd141b7qtp/products/44967/images/150337/protectease-mattress-protector-luxury-line-bulk-pack-of-12-protect-ease__78727.1706021835.386.513.jpg?c=1", "https://cdn11.bigcommerce.com/s-zd141b7qtp/products/44967/images/150682/protectease-mattress-protector-luxury-line-bulk-pack-of-12-protect-ease__69689.1706022450.386.513.jpg?c=1", "https://cdn11.bigcommerce.com/s-zd141b7qtp/products/44967/images/150412/protectease-mattress-protector-luxury-line-bulk-pack-of-12-protect-ease__91910.1706021945.386.513.jpg?c=1", "https://cdn11.bigcommerce.com/s-zd141b7qtp/products/44967/images/151197/protectease-mattress-protector-luxury-line-bulk-pack-of-12-protect-ease__95401.1706023165.386.513.jpg?c=1", "https://cdn11.bigcommerce.com/s-zd141b7qtp/products/44967/images/151282/protectease-mattress-protector-luxury-line-bulk-pack-of-12-protect-ease__46643.1706023286.386.513.jpg?c=1", "https://cdn11.bigcommerce.com/s-zd141b7qtp/products/44967/images/152343/protectease-mattress-protector-luxury-line-bulk-pack-of-12-protect-ease__65554.1706024724.386.513.jpg?c=1", "https://cdn11.bigcommerce.com/s-zd141b7qtp/products/44967/images/149779/protectease-mattress-protector-luxury-line-bulk-pack-of-12-protect-ease__40336.1706021093.386.513.jpg?c=1", "https://cdn11.bigcommerce.com/s-zd141b7qtp/products/44967/images/150830/protectease-mattress-protector-luxury-line-bulk-pack-of-12-protect-ease__09794.1706022643.386.513.jpg?c=1", "https://cdn11.bigcommerce.com/s-zd141b7qtp/products/44967/images/147743/protectease-mattress-protector-luxury-line-bulk-pack-of-12-protect-ease__39963.1706018358.386.513.jpg?c=1", "https://cdn11.bigcommerce.com/s-zd141b7qtp/products/44967/images/151726/protectease-mattress-protector-luxury-line-bulk-pack-of-12-protect-ease__25240.1706023897.386.513.jpg?c=1", "https://cdn11.bigcommerce.com/s-zd141b7qtp/products/44967/images/148310/protectease-mattress-protector-luxury-line-bulk-pack-of-12-protect-ease__02313.1706019128.386.513.jpg?c=1"], "Url": "https://directtextilestore.com/Protect-Ease-Mattress-Protector-ULTIMATE"}
{"SKU": "METZ5BB111WH", "Type": "", "Size": "39 X 75", "Color": "", "Options": {"Main Option": "Mattress Encasements (Zippered)", "Description": "Twin", "Size": "39 X 75", "CHOOSE PACK SIZE": "Case of (12) Pieces"}, "Price Per Each": "20.14", "Full Price": "241.6700", "Stock Status": "In Stock", "Brand": "Protect Ease", "Category": "Bedding", "Sub Category": "Protective Bedding", "Material": "", "Title": "ProtectEase Mattress Protector - Premium Bulk Pack of 12", "Description": "A top-tier solution for safeguarding your mattress, the ProtectEase PREMIUM Mattress Protector is crafted from a poly coated stretch knit fabric (100% Polyester Stretch Knit w/PE Laminate). This ...", "Images": ["https://cdn11.bigcommerce.com/s-zd141b7qtp/products/44960/images/149399/protectease-mattress-protector-premium-bulk-pack-of-12-protect-ease__00257.1706020586.386.513.jpg?c=1", "https://cdn11.bigcommerce.com/s-zd141b7qtp/products/44960/images/153849/protectease-mattress-protector-premium-bulk-pack-of-12-protect-ease__25712.1706026755.386.513.jpg?c=1", "https://cdn11.bigcommerce.com/s-zd141b7qtp/products/44960/images/151323/protectease-mattress-protector-premium-bulk-pack-of-12-protect-ease__04104.1706023334.386.513.jpg?c=1", "https://cdn11.bigcommerce.com/s-zd141b7qtp/products/44960/images/152871/protectease-mattress-protector-premium-bulk-pack-of-12-protect-ease__94299.1706025455.386.513.jpg?c=1", "https://cdn11.bigcommerce.com/s-zd141b7qtp/products/44960/images/152493/protectease-mattress-protector-premium-bulk-pack-of-12-protect-ease__66097.1706024919.386.513.jpg?c=1", "https://cdn11.bigcommerce.com/s-zd141b7qtp/products/44960/images/152987/protectease-mattress-protector-premium-bulk-pack-of-12-protect-ease__25648.1706025602.386.513.jpg?c=1", "https://cdn11.bigcommerce.com/s-zd141b7qtp/products/44960/images/149756/protectease-mattress-protector-premium-bulk-pack-of-12-protect-ease__78254.1706021061.386.513.jpg?c=1", "https://cdn11.bigcommerce.com/s-zd141b7qtp/products/44960/images/149652/protectease-mattress-protector-premium-bulk-pack-of-12-protect-ease__56417.1706020932.386.513.jpg?c=1", "https://cdn11.bigcommerce.com/s-zd141b7qtp/products/44960/images/147165/protectease-mattress-protector-premium-bulk-pack-of-12-protect-ease__19564.1706017578.386.513.jpg?c=1", "https://cdn11.bigcommerce.com/s-zd141b7qtp/products/44960/images/149942/protectease-mattress-protector-premium-bulk-pack-of-12-protect-ease__24931.1706021293.386.513.jpg?c=1", "https://cdn11.bigcommerce.com/s-zd141b7qtp/products/44960/images/149073/protectease-mattress-protector-premium-bulk-pack-of-12-protect-ease__42529.1706020156.386.513.jpg?c=1"], "Url": "https://directtextilestore.com/Protect-Ease-Mattress-Protector-Premium"}
{"SKU": "MEFZ5BB111WH", "Type": "", "Size": "54 X 75", "Color": "", "Options": {"Main Option": "Mattress Encasements (Zippered)", "Description": "Full", "Size": "54 X 75", "CHOOSE PACK SIZE": "Case of (12) Pieces"}, "Price Per Each": "22.61", "Full Price": "271.3300", "Stock Status": "In Stock", "Brand": "Protect Ease", "Category": "Bedding", "Sub Category": "Protective Bedding", "Material": "", "Title": "ProtectEase Mattress Protector - Premium Bulk Pack of 12", "Description": "A top-tier solution for safeguarding your mattress, the ProtectEase PREMIUM Mattress Protector is crafted from a poly coated stretch knit fabric (100% Polyester Stretch Knit w/PE Laminate). This ...", "Images": ["https://cdn11.bigcommerce.com/s-zd141b7qtp/products/44960/images/149399/protectease-mattress-protector-premium-bulk-pack-of-12-protect-ease__00257.1706020586.386.513.jpg?c=1", "https://cdn11.bigcommerce.com/s-zd141b7qtp/products/44960/images/153849/protectease-mattress-protector-premium-bulk-pack-of-12-protect-ease__25712.1706026755.386.513.jpg?c=1", "https://cdn11.bigcommerce.com/s-zd141b7qtp/products/44960/images/151323/protectease-mattress-protector-premium-bulk-pack-of-12-protect-ease__04104.1706023334.386.513.jpg?c=1", "https://cdn11.bigcommerce.com/s-zd141b7qtp/products/44960/images/152871/protectease-mattress-protector-premium-bulk-pack-of-12-protect-ease__94299.1706025455.386.513.jpg?c=1", "https://cdn11.bigcommerce.com/s-zd141b7qtp/products/44960/images/152493/protectease-mattress-protector-premium-bulk-pack-of-12-protect-ease__66097.1706024919.386.513.jpg?c=1", "https://cdn11.bigcommerce.com/s-zd141b7qtp/products/44960/images/152987/protectease-mattress-protector-premium-bulk-pack-of-12-protect-ease__25648.1706025602.386.513.jpg?c=1", "https://cdn11.bigcommerce.com/s-zd141b7qtp/products/44960/images/149756/protectease-mattress-protector-premium-bulk-pack-of-12-protect-ease__78254.1706021061.386.513.jpg?c=1", "https://cdn11.bigcommerce.com/s-zd141b7qtp/products/44960/images/149652/protectease-mattress-protector-premium-bulk-pack-of-12-protect-ease__56417.1706020932.386.513.jpg?c=1", "https://cdn11.bigcommerce.com/s-zd141b7qtp/products/44960/images/147165/protectease-mattress-protector-premium-bulk-pack-of-12-protect-ease__19564.1706017578.386.513.jpg?c=1", "https://cdn11.bigcommerce.com/s-zd141b7qtp/products/44960/images/149942/protectease-mattress-protector-premium-bulk-pack-of-12-protect-ease__24931.1706021293.386.513.jpg?c=1", "https://cdn11.bigcommerce.com/s-zd141b7qtp/products/44960/images/149073/protectease-mattress-protector-premium-bulk-pack-of-12-protect-ease__42529.1706020156.386.513.jpg?c=1"], "Url": "https://directtextilestore.com/Protect-Ease-Mattress-Protector-Premium"}
{"SKU": "MEQZ5BB111WH", "Type": "", "Size": "60 X 80", "Color": "", "Options": {"Main Option": "Mattress Encasements (Zippered)", "Description": "Queen", "Size": "60 X 80", "CHOOSE PACK SIZE": "Case of (12) Pieces"}, "Price Per Each": "23.72", "Full Price": "284.6700", "Stock Status": "In Stock", "Brand": "Protect Ease", "Category": "Bedding", "Sub Category": "Protective Bedding", "Material": "", "Title": "ProtectEase Mattress Protector - Premium Bulk Pack of 12", "Description": "A top-tier solution for safeguarding your mattress, the ProtectEase PREMIUM Mattress Protector is crafted from a poly coated stretch knit fabric (100% Polyester Stretch Knit w/PE Laminate). This ...", "Images": ["https://cdn11.bigcommerce.com/s-zd141b7qtp/products/44960/images/149399/protectease-mattress-protector-premium-bulk-pack-of-12-protect-ease__00257.1706020586.386.513.jpg?c=1", "https://cdn11.bigcommerce.com/s-zd141b7qtp/products/44960/images/153849/protectease-mattress-protector-premium-bulk-pack-of-12-protect-ease__25712.1706026755.386.513.jpg?c=1", "https://cdn11.bigcommerce.com/s-zd141b7qtp/products/44960/images/151323/protectease-mattress-protector-premium-bulk-pack-of-12-protect-ease__04104.1706023334.386.513.jpg?c=1", "https://cdn11.bigcommerce.com/s-zd141b7qtp/products/44960/images/152871/protectease-mattress-protector-premium-bulk-pack-of-12-protect-ease__94299.1706025455.386.513.jpg?c=1", "https://cdn11.bigcommerce.com/s-zd141b7qtp/products/44960/images/152493/protectease-mattress-protector-premium-bulk-pack-of-12-protect-ease__66097.1706024919.386.513.jpg?c=1", "https://cdn11.bigcommerce.com/s-zd141b7qtp/products/44960/images/152987/protectease-mattress-protector-premium-bulk-pack-of-12-protect-ease__25648.1706025602.386.513.jpg?c=1", "https://cdn11.bigcommerce.com/s-zd141b7qtp/products/44960/images/149756/protectease-mattress-protector-premium-bulk-pack-of-12-protect-ease__78254.1706021061.386.513.jpg?c=1", "https://cdn11.bigcommerce.com/s-zd141b7qtp/products/44960/images/149652/protectease-mattress-protector-premium-bulk-pack-of-12-protect-ease__56417.1706020932.386.513.jpg?c=1", "https://cdn11.bigcommerce.com/s-zd141b7qtp/products/44960/images/147165/protectease-mattress-protector-premium-bulk-pack-of-12-protect-ease__19564.1706017578.386.513.jpg?c=1", "https://cdn11.bigcommerce.com/s-zd141b7qtp/products/44960/images/149942/protectease-mattress-protector-premium-bulk-pack-of-12-protect-ease__24931.1706021293.386.513.jpg?c=1", "https://cdn11.bigcommerce.com/s-zd141b7qtp/products/44960/images/149073/protectease-mattress-protector-premium-bulk-pack-of-12-protect-ease__42529.1706020156.386.513.jpg?c=1"], "Url": "https://directtextilestore.com/Protect-Ease-Mattress-Protector-Premium"}
{"SKU": "MEKZ5BB111WH", "Type": "", "Size": "78 X 80", "Color": "", "Options": {"Main Option": "Mattress Encasements (Zippered)", "Description": "King", "Size": "78 X 80", "CHOOSE PACK SIZE": "Case of (12) Pieces"}, "Price Per Each": "28.38", "Full Price": "340.5000", "Stock Status": "In Stock", "Brand": "Protect Ease", "Category": "Bedding", "Sub Category": "Protective Bedding", "Material": "", "Title": "ProtectEase Mattress Protector - Premium Bulk Pack of 12", "Description": "A top-tier solution for safeguarding your mattress, the ProtectEase PREMIUM Mattress Protector is crafted from a poly coated stretch knit fabric (100% Polyester Stretch Knit w/PE Laminate). This ...", "Images": ["https://cdn11.bigcommerce.com/s-zd141b7qtp/products/44960/images/149399/protectease-mattress-protector-premium-bulk-pack-of-12-protect-ease__00257.1706020586.386.513.jpg?c=1", "https://cdn11.bigcommerce.com/s-zd141b7qtp/products/44960/images/153849/protectease-mattress-protector-premium-bulk-pack-of-12-protect-ease__25712.1706026755.386.513.jpg?c=1", "https://cdn11.bigcommerce.com/s-zd141b7qtp/products/44960/images/151323/protectease-mattress-protector-premium-bulk-pack-of-12-protect-ease__04104.1706023334.386.513.jpg?c=1", "https://cdn11.bigcommerce.com/s-zd141b7qtp/products/44960/images/152871/protectease-mattress-protector-premium-bulk-pack-of-12-protect-ease__94299.1706025455.386.513.jpg?c=1", "https://cdn11.bigcommerce.com/s-zd141b7qtp/products/44960/images/152493/protectease-mattress-protector-premium-bulk-pack-of-12-protect-ease__66097.1706024919.386.513.jpg?c=1", "https://cdn11.bigcommerce.com/s-zd141b7qtp/products/44960/images/152987/protectease-mattress-protector-premium-bulk-pack-of-12-protect-ease__25648.1706025602.386.513.jpg?c=1", "https://cdn11.bigcommerce.com/s-zd141b7qtp/products/44960/images/149756/protectease-mattress-protector-premium-bulk-pack-of-12-protect-ease__78254.1706021061.386.513.jpg?c=1", "https://cdn11.bigcommerce.com/s-zd141b7qtp/products/44960/images/149652/protectease-mattress-protector-premium-bulk-pack-of-12-protect-ease__56417.1706020932.386.513.jpg?c=1", "https://cdn11.bigcommerce.com/s-zd141b7qtp/products/44960/images/147165/protectease-mattress-protector-premium-bulk-pack-of-12-protect-ease__19564.1706017578.386.513.jpg?c=1", "https://cdn11.bigcommerce.com/s-zd141b7qtp/products/44960/images/149942/protectease-mattress-protector-premium-bulk-pack-of-12-protect-ease__24931.1706021293.386.513.jpg?c=1", "https://cdn11.bigcommerce.com/s-zd141b7qtp/products/44960/images/149073/protectease-mattress-protector-premium-bulk-pack-of-12-protect-ease__42529.1706020156.386.513.jpg?c=1"], "Url": "https://directtextilestore.com/Protect-Ease-Mattress-Protector-Premium"}
{"SKU": "METZ3S9WH", "Type": "", "Size": "38 X 75 X 12", "Color": "", "Options": {"Main Option": "Mattress Encasements (Zippered)", "Description": "Twin", "Size": "38 X 75 X 12", "CHOOSE PACK SIZE": "Case of (12) Pieces"}, "Price Per Each": "11.36", "Full Price": "136.3300", "Stock Status": "In Stock", "Brand": "Protect Ease", "Category": "Bedding", "Sub Category": "Protective Bedding", "Material": "", "Title": "ProtectEase NEXGEN Waterproof Zippered Mattress Protector - Economy Bulk Pack of 12", "Description": "The groundbreaking NexGen Zippered Mattress Encasement is a superior fabric alternative to conventional vinyl mattress coverings. This mattress encasement was made with NexGen (Next Generation) ...", "Images": ["https://cdn11.bigcommerce.com/s-zd141b7qtp/products/46542/images/158537/protectease-nexgen-waterproof-zippered-mattress-protector-economy-bulk-pack-of-12-protect-ease__27299.1709722474.386.513.jpg?c=1", "https://cdn11.bigcommerce.com/s-zd141b7qtp/products/46542/images/152480/protectease-nexgen-waterproof-zippered-mattress-protector-economy-bulk-pack-of-12-protect-ease__52991.1709241568.386.513.jpg?c=1", "https://cdn11.bigcommerce.com/s-zd141b7qtp/products/46542/images/146934/protectease-nexgen-waterproof-zippered-mattress-protector-economy-bulk-pack-of-12-protect-ease__13041.1709241568.386.513.jpg?c=1", "https://cdn11.bigcommerce.com/s-zd141b7qtp/products/46542/images/150841/protectease-nexgen-waterproof-zippered-mattress-protector-economy-bulk-pack-of-12-protect-ease__07454.1709241568.386.513.jpg?c=1", "https://cdn11.bigcommerce.com/s-zd141b7qtp/products/46542/images/150519/protectease-nexgen-waterproof-zippered-mattress-protector-economy-bulk-pack-of-12-protect-ease__11878.1709241568.386.513.jpg?c=1", "https://cdn11.bigcommerce.com/s-zd141b7qtp/products/46542/images/152238/protectease-nexgen-waterproof-zippered-mattress-protector-economy-bulk-pack-of-12-protect-ease__07497.1709241568.386.513.jpg?c=1", "https://cdn11.bigcommerce.com/s-zd141b7qtp/products/46542/images/150753/protectease-nexgen-waterproof-zippered-mattress-protector-economy-bulk-pack-of-12-protect-ease__74396.1709241569.386.513.jpg?c=1"], "Url": "https://directtextilestore.com/ProtectEase-NEXGEN-Waterproof-Zippered-Mattress-Protector"}
{"SKU": "MEFZ3S9WH", "Type": "", "Size": "54 X 75 X 12", "Color": "", "Options": {"Main Option": "Mattress Encasements (Zippered)", "Description": "Full", "Size": "54 X 75 X 12", "CHOOSE PACK SIZE": "Case of (12) Pieces"}, "Price Per Each": "11.78", "Full Price": "141.3300", "Stock Status": "In Stock", "Brand": "Protect Ease", "Category": "Bedding", "Sub Category": "Protective Bedding", "Material": "", "Title": "ProtectEase NEXGEN Waterproof Zippered Mattress Protector - Economy Bulk Pack of 12", "Description": "The groundbreaking NexGen Zippered Mattress Encasement is a superior fabric alternative to conventional vinyl mattress coverings. This mattress encasement was made with NexGen (Next Generation) ...", "Images": ["https://cdn11.bigcommerce.com/s-zd141b7qtp/products/46542/images/158537/protectease-nexgen-waterproof-zippered-mattress-protector-economy-bulk-pack-of-12-protect-ease__27299.1709722474.386.513.jpg?c=1", "https://cdn11.bigcommerce.com/s-zd141b7qtp/products/46542/images/152480/protectease-nexgen-waterproof-zippered-mattress-protector-economy-bulk-pack-of-12-protect-ease__52991.1709241568.386.513.jpg?c=1", "https://cdn11.bigcommerce.com/s-zd141b7qtp/products/46542/images/146934/protectease-nexgen-waterproof-zippered-mattress-protector-economy-bulk-pack-of-12-protect-ease__13041.1709241568.386.513.jpg?c=1", "https://cdn11.bigcommerce.com/s-zd141b7qtp/products/46542/images/150841/protectease-nexgen-waterproof-zippered-mattress-protector-economy-bulk-pack-of-12-protect-ease__07454.1709241568.386.513.jpg?c=1", "https://cdn11.bigcommerce.com/s-zd141b7qtp/products/46542/images/150519/protectease-nexgen-waterproof-zippered-mattress-protector-economy-bulk-pack-of-12-protect-ease__11878.1709241568.386.513.jpg?c=1", "https://cdn11.bigcommerce.com/s-zd141b7qtp/products/46542/images/152238/protectease-nexgen-waterproof-zippered-mattress-protector-economy-bulk-pack-of-12-protect-ease__07497.1709241568.386.513.jpg?c=1", "https://cdn11.bigcommerce.com/s-zd141b7qtp/products/46542/images/150753/protectease-nexgen-waterproof-zippered-mattress-protector-economy-bulk-pack-of-12-protect-ease__74396.1709241569.386.513.jpg?c=1"], "Url": "https://directtextilestore.com/ProtectEase-NEXGEN-Waterproof-Zippered-Mattress-Protector"}
{"SKU": "MEQZ3S9WH", "Type": "", "Size": "60 X 80 X 12", "Color": "", "Options": {"Main Option": "Mattress Encasements (Zippered)", "Description": "Queen", "Size": "60 X 80 X 12", "CHOOSE PACK SIZE": "Case of (12) Pieces"}, "Price Per Each": "12.44", "Full Price": "149.3300", "Stock Status": "In Stock", "Brand": "Protect Ease", "Category": "Bedding", "Sub Category": "Protective Bedding", "Material": "", "Title": "ProtectEase NEXGEN Waterproof Zippered Mattress Protector - Economy Bulk Pack of 12", "Description": "The groundbreaking NexGen Zippered Mattress Encasement is a superior fabric alternative to conventional vinyl mattress coverings. This mattress encasement was made with NexGen (Next Generation) ...", "Images": ["https://cdn11.bigcommerce.com/s-zd141b7qtp/products/46542/images/158537/protectease-nexgen-waterproof-zippered-mattress-protector-economy-bulk-pack-of-12-protect-ease__27299.1709722474.386.513.jpg?c=1", "https://cdn11.bigcommerce.com/s-zd141b7qtp/products/46542/images/152480/protectease-nexgen-waterproof-zippered-mattress-protector-economy-bulk-pack-of-12-protect-ease__52991.1709241568.386.513.jpg?c=1", "https://cdn11.bigcommerce.com/s-zd141b7qtp/products/46542/images/146934/protectease-nexgen-waterproof-zippered-mattress-protector-economy-bulk-pack-of-12-protect-ease__13041.1709241568.386.513.jpg?c=1", "https://cdn11.bigcommerce.com/s-zd141b7qtp/products/46542/images/150841/protectease-nexgen-waterproof-zippered-mattress-protector-economy-bulk-pack-of-12-protect-ease__07454.1709241568.386.513.jpg?c=1", "https://cdn11.bigcommerce.com/s-zd141b7qtp/products/46542/images/150519/protectease-nexgen-waterproof-zippered-mattress-protector-economy-bulk-pack-of-12-protect-ease__11878.1709241568.386.513.jpg?c=1", "https://cdn11.bigcommerce.com/s-zd141b7qtp/products/46542/images/152238/protectease-nexgen-waterproof-zippered-mattress-protector-economy-bulk-pack-of-12-protect-ease__07497.1709241568.386.513.jpg?c=1", "https://cdn11.bigcommerce.com/s-zd141b7qtp/products/46542/images/150753/protectease-nexgen-waterproof-zippered-mattress-protector-economy-bulk-pack-of-12-protect-ease__74396.1709241569.386.513.jpg?c=1"], "Url": "https://directtextilestore.com/ProtectEase-NEXGEN-Waterproof-Zippered-Mattress-Protector"}
{"SKU": "PE2KZ3S03WH", "Type": "", "Size": "King 20 X 36", "Color": "White", "Options": {"Main Option": "Options", "Color": "White", "Size": "King 20 X 36", "CHOOSE PACK SIZE": "Case of (24) Pieces"}, "Price Per Each": "18.20", "Full Price": "436.8900", "Stock Status": "In Stock", "Brand": "Protect Ease", "Category": "Bedding", "Sub Category": "Protective Bedding", "Material": "", "Title": "ProtectEase Pillow Encasements - Luxury Bulk Pack of 24", "Description": "The ProtectEase&reg; Luxury Pillow Cover provides superior pillow protection, expertly engineered to totally encapsulate and defend against bed bugs, dust mites, allergens, stains, and spills. The ...", "Images": ["https://cdn11.bigcommerce.com/s-zd141b7qtp/products/45822/images/151710/protectease-pillow-encasements-luxury-bulk-pack-of-24-protect-ease__01313.1706023876.386.513.jpg?c=1", "https://cdn11.bigcommerce.com/s-zd141b7qtp/products/45822/images/148452/protectease-pillow-encasements-luxury-bulk-pack-of-24-protect-ease__84563.1706019323.386.513.jpg?c=1", "https://cdn11.bigcommerce.com/s-zd141b7qtp/products/45822/images/153054/protectease-pillow-encasements-luxury-bulk-pack-of-24-protect-ease__32128.1710435708.386.513.jpg?c=1", "https://cdn11.bigcommerce.com/s-zd141b7qtp/products/45822/images/159509/protectease-pillow-encasements-luxury-bulk-pack-of-24-protect-ease__61533.1711020171.386.513.jpg?c=1", "https://cdn11.bigcommerce.com/s-zd141b7qtp/products/45822/images/153506/protectease-pillow-encasements-luxury-bulk-pack-of-24-protect-ease__34990.1710435708.386.513.jpg?c=1", "https://cdn11.bigcommerce.com/s-zd141b7qtp/products/45822/images/148264/protectease-pillow-encasements-luxury-bulk-pack-of-24-protect-ease__99336.1710435708.386.513.jpg?c=1", "https://cdn11.bigcommerce.com/s-zd141b7qtp/products/45822/images/149138/protectease-pillow-encasements-luxury-bulk-pack-of-24-protect-ease__43553.1710435708.386.513.jpg?c=1"], "Url": "https://directtextilestore.com/Mainstays-Cooling-Pillow-Protector"}
{"SKU": "PE2SQZ3S303WH", "Type": "", "Size": "Standard-Queen 20 X 28", "Color": "White", "Options": {"Main Option": "Options", "Color": "White", "Size": "Standard-Queen 20 X 28", "CHOOSE PACK SIZE": "Case of (24) Pieces"}, "Price Per Each": "15.58", "Full Price": "374.0000", "Stock Status": "In Stock", "Brand": "Protect Ease", "Category": "Bedding", "Sub Category": "Protective Bedding", "Material": "", "Title": "ProtectEase Pillow Encasements - Luxury Bulk Pack of 24", "Description": "The ProtectEase&reg; Luxury Pillow Cover provides superior pillow protection, expertly engineered to totally encapsulate and defend against bed bugs, dust mites, allergens, stains, and spills. The ...", "Images": ["https://cdn11.bigcommerce.com/s-zd141b7qtp/products/45822/images/151710/protectease-pillow-encasements-luxury-bulk-pack-of-24-protect-ease__01313.1706023876.386.513.jpg?c=1", "https://cdn11.bigcommerce.com/s-zd141b7qtp/products/45822/images/148452/protectease-pillow-encasements-luxury-bulk-pack-of-24-protect-ease__84563.1706019323.386.513.jpg?c=1", "https://cdn11.bigcommerce.com/s-zd141b7qtp/products/45822/images/153054/protectease-pillow-encasements-luxury-bulk-pack-of-24-protect-ease__32128.1710435708.386.513.jpg?c=1", "https://cdn11.bigcommerce.com/s-zd141b7qtp/products/45822/images/159509/protectease-pillow-encasements-luxury-bulk-pack-of-24-protect-ease__61533.1711020171.386.513.jpg?c=1", "https://cdn11.bigcommerce.com/s-zd141b7qtp/products/45822/images/153506/protectease-pillow-encasements-luxury-bulk-pack-of-24-protect-ease__34990.1710435708.386.513.jpg?c=1", "https://cdn11.bigcommerce.com/s-zd141b7qtp/products/45822/images/148264/protectease-pillow-encasements-luxury-bulk-pack-of-24-protect-ease__99336.1710435708.386.513.jpg?c=1", "https://cdn11.bigcommerce.com/s-zd141b7qtp/products/45822/images/149138/protectease-pillow-encasements-luxury-bulk-pack-of-24-protect-ease__43553.1710435708.386.513.jpg?c=1"], "Url": "https://directtextilestore.com/Mainstays-Cooling-Pillow-Protector"}
{"SKU": "PE2KZ3S101WH", "Type": "", "Size": "King", "Color": "", "Options": {"Main Option": "Pillow Protector", "Description": "White", "Size": "King", "CHOOSE PACK SIZE": "Case of (24) Pieces"}, "Price Per Each": "11.42", "Full Price": "274.1400", "Stock Status": "In Stock", "Brand": "Protect Ease", "Category": "Pillows", "Sub Category": "Bedding", "Material": "", "Title": "ProtectEase Pillow Encasements Premium - Bulk Pack of 24", "Description": "Fully Encasing, All-In-One Waterproof and Bug Proof&mdash; Zipped Protection  The ProtectEase&reg; PREMIUM LINE pillow cover is now available. It offers complete protection against dust mites, bed ...", "Images": ["https://cdn11.bigcommerce.com/s-zd141b7qtp/products/44969/images/161062/protectease-pillow-encasements-premium-bulk-pack-of-24-protect-ease__84877.1712320119.386.513.jpg?c=1", "https://cdn11.bigcommerce.com/s-zd141b7qtp/products/44969/images/148168/protectease-pillow-encasements-premium-bulk-pack-of-24-protect-ease__78367.1711144849.386.513.jpg?c=1", "https://cdn11.bigcommerce.com/s-zd141b7qtp/products/44969/images/151878/protectease-pillow-encasements-premium-bulk-pack-of-24-protect-ease__06881.1711144849.386.513.jpg?c=1", "https://cdn11.bigcommerce.com/s-zd141b7qtp/products/44969/images/147566/protectease-pillow-encasements-premium-bulk-pack-of-24-protect-ease__29748.1711144849.386.513.jpg?c=1", "https://cdn11.bigcommerce.com/s-zd141b7qtp/products/44969/images/149571/protectease-pillow-encasements-premium-bulk-pack-of-24-protect-ease__32212.1711144849.386.513.jpg?c=1", "https://cdn11.bigcommerce.com/s-zd141b7qtp/products/44969/images/147388/protectease-pillow-encasements-premium-bulk-pack-of-24-protect-ease__41152.1711144849.386.513.jpg?c=1", "https://cdn11.bigcommerce.com/s-zd141b7qtp/products/44969/images/151114/protectease-pillow-encasements-premium-bulk-pack-of-24-protect-ease__47140.1711144849.386.513.jpg?c=1", "https://cdn11.bigcommerce.com/s-zd141b7qtp/products/44969/images/151554/protectease-pillow-encasements-premium-bulk-pack-of-24-protect-ease__56705.1711144850.386.513.jpg?c=1", "https://cdn11.bigcommerce.com/s-zd141b7qtp/products/44969/images/148342/protectease-pillow-encasements-premium-bulk-pack-of-24-protect-ease__91855.1711144849.386.513.jpg?c=1"], "Url": "https://directtextilestore.com/ProtectEase-Pillow-Encasements-PREMIUM-LINE"}
{"SKU": "PE2SQZ3S101WH", "Type": "", "Size": "Standard|Queen", "Color": "", "Options": {"Main Option": "Pillow Protector", "Description": "White", "Size": "Standard|Queen", "CHOOSE PACK SIZE": "Case of (24) Pieces"}, "Price Per Each": "10.28", "Full Price": "246.7200", "Stock Status": "In Stock", "Brand": "Protect Ease", "Category": "Pillows", "Sub Category": "Bedding", "Material": "", "Title": "ProtectEase Pillow Encasements Premium - Bulk Pack of 24", "Description": "Fully Encasing, All-In-One Waterproof and Bug Proof&mdash; Zipped Protection  The ProtectEase&reg; PREMIUM LINE pillow cover is now available. It offers complete protection against dust mites, bed ...", "Images": ["https://cdn11.bigcommerce.com/s-zd141b7qtp/products/44969/images/161062/protectease-pillow-encasements-premium-bulk-pack-of-24-protect-ease__84877.1712320119.386.513.jpg?c=1", "https://cdn11.bigcommerce.com/s-zd141b7qtp/products/44969/images/148168/protectease-pillow-encasements-premium-bulk-pack-of-24-protect-ease__78367.1711144849.386.513.jpg?c=1", "https://cdn11.bigcommerce.com/s-zd141b7qtp/products/44969/images/151878/protectease-pillow-encasements-premium-bulk-pack-of-24-protect-ease__06881.1711144849.386.513.jpg?c=1", "https://cdn11.bigcommerce.com/s-zd141b7qtp/products/44969/images/147566/protectease-pillow-encasements-premium-bulk-pack-of-24-protect-ease__29748.1711144849.386.513.jpg?c=1", "https://cdn11.bigcommerce.com/s-zd141b7qtp/products/44969/images/149571/protectease-pillow-encasements-premium-bulk-pack-of-24-protect-ease__32212.1711144849.386.513.jpg?c=1", "https://cdn11.bigcommerce.com/s-zd141b7qtp/products/44969/images/147388/protectease-pillow-encasements-premium-bulk-pack-of-24-protect-ease__41152.1711144849.386.513.jpg?c=1", "https://cdn11.bigcommerce.com/s-zd141b7qtp/products/44969/images/151114/protectease-pillow-encasements-premium-bulk-pack-of-24-protect-ease__47140.1711144849.386.513.jpg?c=1", "https://cdn11.bigcommerce.com/s-zd141b7qtp/products/44969/images/151554/protectease-pillow-encasements-premium-bulk-pack-of-24-protect-ease__56705.1711144850.386.513.jpg?c=1", "https://cdn11.bigcommerce.com/s-zd141b7qtp/products/44969/images/148342/protectease-pillow-encasements-premium-bulk-pack-of-24-protect-ease__91855.1711144849.386.513.jpg?c=1"], "Url": "https://directtextilestore.com/ProtectEase-Pillow-Encasements-PREMIUM-LINE"}
{"SKU": "PESQZ3S808WH", "Type": "", "Size": "Standard | Queen -20 X 36", "Color": "", "Options": {"Main Option": "Pillow Protector", "Description": "White", "Size": "Standard | Queen -20 X 36", "CHOOSE PACK SIZE": "Case of (12) Pieces"}, "Price Per Each": "7.24", "Full Price": "86.8300", "Stock Status": "In Stock", "Brand": "Protect Ease", "Category": "Pillows", "Sub Category": "Bedding", "Material": "", "Title": "ProtectEase Satin Pillow Protector with Aloe - Premium Bulk Pack of 12", "Description": "ProtectEase Ultimate Line Satin Pillow Protector with Aloe  Enjoy hair and skincare wellness with this easy addition to your beauty regime. Aloe-infused high quality satin pillow cover with ...", "Images": ["https://cdn11.bigcommerce.com/s-zd141b7qtp/products/44970/images/161616/ProtectEase-Satin-Spa-Luxury-Pillow-Cover-front__15999.1712866126.386.513.jpg?c=1", "https://cdn11.bigcommerce.com/s-zd141b7qtp/products/44970/images/161615/ProtectEase-Satin-Spa-Luxury-Pillow-Cover-back__96911.1712866126.386.513.jpg?c=1", "https://cdn11.bigcommerce.com/s-zd141b7qtp/products/44970/images/150900/protectease-satin-pillow-protector-with-aloe-premium-bulk-pack-of-12-protect-ease__18940.1712865653.386.513.jpg?c=1", "https://cdn11.bigcommerce.com/s-zd141b7qtp/products/44970/images/151214/protectease-satin-pillow-protector-with-aloe-premium-bulk-pack-of-12-protect-ease__11724.1712865653.386.513.jpg?c=1", "https://cdn11.bigcommerce.com/s-zd141b7qtp/products/44970/images/153021/protectease-satin-pillow-protector-with-aloe-premium-bulk-pack-of-12-protect-ease__04037.1712865653.386.513.jpg?c=1", "https://cdn11.bigcommerce.com/s-zd141b7qtp/products/44970/images/146666/protectease-satin-pillow-protector-with-aloe-premium-bulk-pack-of-12-protect-ease__43920.1712865653.386.513.jpg?c=1", "https://cdn11.bigcommerce.com/s-zd141b7qtp/products/44970/images/153296/protectease-satin-pillow-protector-with-aloe-premium-bulk-pack-of-12-protect-ease__92347.1712865653.386.513.jpg?c=1", "https://cdn11.bigcommerce.com/s-zd141b7qtp/products/44970/images/152309/protectease-satin-pillow-protector-with-aloe-premium-bulk-pack-of-12-protect-ease__76355.1712865653.386.513.jpg?c=1", "https://cdn11.bigcommerce.com/s-zd141b7qtp/products/44970/images/151001/protectease-satin-pillow-protector-with-aloe-premium-bulk-pack-of-12-protect-ease__32445.1712865654.386.513.jpg?c=1"], "Url": "https://directtextilestore.com/ProtectEase-Pillow-Encasements-ULTIMATE-LINE"}
