{"SKU": "HSKRZRDSP-144-STR", "Type": "", "Size": "Case of (144) Pieces", "Color": "", "Options": {"Main Option": "Razors in Bulk", "Description": "Disposable Razors", "CHOOSE PACK SIZE": "Case of (144) Pieces"}, "Price Per Each": "0.25", "Full Price": "35.8500", "Stock Status": "In Stock", "Brand": "RDI", "Category": "Disposable Razors", "Sub Category": "", "Material": "", "Title": "Bulk Disposable Razors - Pack Of 144", "Description": "Bulk Disposable Razors, Elevate your guests' experience with these RDI Disposable Razors. Available in cases of 144, offering convenience and an ample supply to meet your guests' needs, perfect ...", "Images": ["https://cdn11.bigcommerce.com/s-zd141b7qtp/products/47870/images/155514/bulk-disposable-razors-pack-of-144-rdi__65724.1707127903.386.513.jpg?c=1"], "Url": "https://directtextilestore.com/bulk-disposable-razors-pack-of-144/"}
