{"SKU": "HSK11516", "Type": "", "Size": "", "Color": "", "Options": {"Select Options": "Case of 90 Cube Boxes"}, "Price Per Each": "41.5300", "Full Price": "41.5300", "Stock Status": "In Stock", "Brand": "RJ Schinner", "Category": "Cleaning Supplies", "Sub Category": "Tissue Paper", "Material": "", "Title": "2 Ply Facial Tissue - In Cube Box", "Description": "2-Ply Facial Tissue - In Cube Box. Discover the softness and reliability of this Facial Tissue in a convenient 2-Ply Cube Box. With dimensions of 8.37 x 8.07 inches, these bulk tissues offer ample ...", "Images": ["https://cdn11.bigcommerce.com/s-zd141b7qtp/products/47884/images/155361/2-ply-facial-tissue-in-cube-box-rj-schinner__41150.1707127654.386.513.jpg?c=1"], "Url": "https://directtextilestore.com/2-ply-facial-tissue-in-cube-box/"}
{"SKU": "HSKKT230851", "Type": "", "Size": "", "Color": "", "Options": {"Select Options": "Case Pack of 30 Rolls"}, "Price Per Each": "41.9400", "Full Price": "41.9400", "Stock Status": "In Stock", "Brand": "RJ Schinner", "Category": "Cleaning Supplies", "Sub Category": "Kitchen Towel Roll", "Material": "", "Title": "Empress 2 Ply Kitchen Towel Roll", "Description": "Empress Kitchen Towel Roll in White offers practicality and quality in a 2-Ply design. With dimensions of 8 x 11 inches, this roll provides ample coverage for kitchen tasks.The 2-Ply construction ...", "Images": ["https://cdn11.bigcommerce.com/s-zd141b7qtp/products/47894/images/155550/empress-2-ply-kitchen-towel-roll-rj-schinner__23072.1707127940.386.513.jpg?c=1"], "Url": "https://directtextilestore.com/empress-2-ply-kitchen-towel-roll/"}
{"SKU": "HSKNOVA2-FACIAL", "Type": "", "Size": "", "Color": "", "Options": {"Select Options": "Case of 30 Flat Boxes"}, "Price Per Each": "29.1700", "Full Price": "29.1700", "Stock Status": "In Stock", "Brand": "RJ Schinner", "Category": "Cleaning Supplies", "Sub Category": "Tissue Paper", "Material": "", "Title": "Nova2-Facial 2 Ply Facial Tissue In Flat Box", "Description": "NOVA2-FACIAL Facial Tissue in a flat box format, measuring 7.7\" x 7.3\". This 2-ply white tissue is soft and absorbent, ideal for various settings including hotels, offices, and healthcare ...", "Images": ["https://cdn11.bigcommerce.com/s-zd141b7qtp/products/47885/images/155490/nova2-facial-2-ply-facial-tissue-in-flat-box-rj-schinner__31303.1707127794.386.513.jpg?c=1"], "Url": "https://directtextilestore.com/nova2-facial-2-ply-facial-tissue-in-flat-box/"}
{"SKU": "HSK248", "Type": "", "Size": "", "Color": "", "Options": {"Select Options": "Case Pack of 96 Rolls"}, "Price Per Each": "48.3200", "Full Price": "48.3200", "Stock Status": "In Stock", "Brand": "RJ Schinner", "Category": "Cleaning Supplies", "Sub Category": "Tissue Paper", "Material": "", "Title": "Resolute Green Heritage Pro Bath Tissue", "Description": "Resolute Green Heritage Pro Bath Tissue. Experience the quality of this Bath Tissue in a 2-Ply configuration. With dimensions of 4 x 3.1 inches, this bath tissue offers both comfort and ...", "Images": ["https://cdn11.bigcommerce.com/s-zd141b7qtp/products/47889/images/155426/resolute-green-heritage-pro-bath-tissue-rj-schinner__05686.1707127724.386.513.jpg?c=1"], "Url": "https://directtextilestore.com/resolute-green-heritage-pro-bath-tissue/"}
