{"SKU": "RDP13x13-1.5", "Type": "", "Size": "13 X 13", "Color": "", "Options": {"Main Option": "Washcloth", "Description": "White Washcloth", "Weight/Dozen": "1.50 Lbs", "Size": "13 X 13", "CHOOSE PACK SIZE": "Sample (1) Piece"}, "Price Per Each": "0.70", "Full Price": "0.7000", "Stock Status": "In Stock", "Brand": "Royal Blue International", "Category": "Towels", "Sub Category": "Hospital/Healthcare Towels", "Material": "100% Ringspun CottonCotton Blend", "Title": "100% Ringspun Cotton Wholesale Bath Towels", "Description": "The 100% Ringspun cotton wholesale bath towels are great for absorbency and feel. The cotton washcloths in bulk have great quality, consistency, and an ultra-soft touch and feel. This wholesale ...", "Images": ["https://cdn11.bigcommerce.com/s-zd141b7qtp/products/47381/images/148466/100percent-ringspun-cotton-wholesale-bath-towels-royal-blue-international__41216.1706019338.386.513.jpg?c=1", "https://cdn11.bigcommerce.com/s-zd141b7qtp/products/47381/images/150047/100percent-ringspun-cotton-wholesale-bath-towels-royal-blue-international__14406.1706021431.386.513.jpg?c=1", "https://cdn11.bigcommerce.com/s-zd141b7qtp/products/47381/images/148783/100percent-ringspun-cotton-wholesale-bath-towels-royal-blue-international__72199.1706019762.386.513.jpg?c=1"], "Url": "https://directtextilestore.com/100-Ringspun-Cotton-Wholesale-Bath-Towels"}
{"SKU": "RDP13x13-1.5_300", "Type": "", "Size": "13 X 13", "Color": "", "Options": {"Main Option": "Washcloth", "Description": "White Washcloth", "Weight/Dozen": "1.50 Lbs", "Size": "13 X 13", "CHOOSE PACK SIZE": "Case of (300) Pieces"}, "Price Per Each": "0.70", "Full Price": "210.0700", "Stock Status": "In Stock", "Brand": "Royal Blue International", "Category": "Towels", "Sub Category": "Hospital/Healthcare Towels", "Material": "100% Ringspun CottonCotton Blend", "Title": "100% Ringspun Cotton Wholesale Bath Towels", "Description": "The 100% Ringspun cotton wholesale bath towels are great for absorbency and feel. The cotton washcloths in bulk have great quality, consistency, and an ultra-soft touch and feel. This wholesale ...", "Images": ["https://cdn11.bigcommerce.com/s-zd141b7qtp/products/47381/images/148466/100percent-ringspun-cotton-wholesale-bath-towels-royal-blue-international__41216.1706019338.386.513.jpg?c=1", "https://cdn11.bigcommerce.com/s-zd141b7qtp/products/47381/images/150047/100percent-ringspun-cotton-wholesale-bath-towels-royal-blue-international__14406.1706021431.386.513.jpg?c=1", "https://cdn11.bigcommerce.com/s-zd141b7qtp/products/47381/images/148783/100percent-ringspun-cotton-wholesale-bath-towels-royal-blue-international__72199.1706019762.386.513.jpg?c=1"], "Url": "https://directtextilestore.com/100-Ringspun-Cotton-Wholesale-Bath-Towels"}
{"SKU": "RDP16x30-4.5", "Type": "", "Size": "16 X 30", "Color": "", "Options": {"Main Option": "Hand Towel", "Description": "White Hand Towel", "Weight/Dozen": "4.50 Lbs", "Size": "16 X 30", "CHOOSE PACK SIZE": "Sample (1) Piece"}, "Price Per Each": "2.10", "Full Price": "2.1000", "Stock Status": "In Stock", "Brand": "Royal Blue International", "Category": "Towels", "Sub Category": "Hospital/Healthcare Towels", "Material": "100% Ringspun CottonCotton Blend", "Title": "100% Ringspun Cotton Wholesale Bath Towels", "Description": "The 100% Ringspun cotton wholesale bath towels are great for absorbency and feel. The cotton washcloths in bulk have great quality, consistency, and an ultra-soft touch and feel. This wholesale ...", "Images": ["https://cdn11.bigcommerce.com/s-zd141b7qtp/products/47381/images/148466/100percent-ringspun-cotton-wholesale-bath-towels-royal-blue-international__41216.1706019338.386.513.jpg?c=1", "https://cdn11.bigcommerce.com/s-zd141b7qtp/products/47381/images/150047/100percent-ringspun-cotton-wholesale-bath-towels-royal-blue-international__14406.1706021431.386.513.jpg?c=1", "https://cdn11.bigcommerce.com/s-zd141b7qtp/products/47381/images/148783/100percent-ringspun-cotton-wholesale-bath-towels-royal-blue-international__72199.1706019762.386.513.jpg?c=1"], "Url": "https://directtextilestore.com/100-Ringspun-Cotton-Wholesale-Bath-Towels"}
{"SKU": "RDP16x30-4.5_12", "Type": "", "Size": "16 X 30", "Color": "", "Options": {"Main Option": "Hand Towel", "Description": "White Hand Towel", "Weight/Dozen": "4.50 Lbs", "Size": "16 X 30", "CHOOSE PACK SIZE": "Pack of (12) Pieces"}, "Price Per Each": "2.52", "Full Price": "30.2200", "Stock Status": "In Stock", "Brand": "Royal Blue International", "Category": "Towels", "Sub Category": "Hospital/Healthcare Towels", "Material": "100% Ringspun CottonCotton Blend", "Title": "100% Ringspun Cotton Wholesale Bath Towels", "Description": "The 100% Ringspun cotton wholesale bath towels are great for absorbency and feel. The cotton washcloths in bulk have great quality, consistency, and an ultra-soft touch and feel. This wholesale ...", "Images": ["https://cdn11.bigcommerce.com/s-zd141b7qtp/products/47381/images/148466/100percent-ringspun-cotton-wholesale-bath-towels-royal-blue-international__41216.1706019338.386.513.jpg?c=1", "https://cdn11.bigcommerce.com/s-zd141b7qtp/products/47381/images/150047/100percent-ringspun-cotton-wholesale-bath-towels-royal-blue-international__14406.1706021431.386.513.jpg?c=1", "https://cdn11.bigcommerce.com/s-zd141b7qtp/products/47381/images/148783/100percent-ringspun-cotton-wholesale-bath-towels-royal-blue-international__72199.1706019762.386.513.jpg?c=1"], "Url": "https://directtextilestore.com/100-Ringspun-Cotton-Wholesale-Bath-Towels"}
{"SKU": "RDP16x30-4.5_120", "Type": "", "Size": "16 X 30", "Color": "", "Options": {"Main Option": "Hand Towel", "Description": "White Hand Towel", "Weight/Dozen": "4.50 Lbs", "Size": "16 X 30", "CHOOSE PACK SIZE": "Case of (120) Pieces"}, "Price Per Each": "2.10", "Full Price": "251.8100", "Stock Status": "In Stock", "Brand": "Royal Blue International", "Category": "Towels", "Sub Category": "Hospital/Healthcare Towels", "Material": "100% Ringspun CottonCotton Blend", "Title": "100% Ringspun Cotton Wholesale Bath Towels", "Description": "The 100% Ringspun cotton wholesale bath towels are great for absorbency and feel. The cotton washcloths in bulk have great quality, consistency, and an ultra-soft touch and feel. This wholesale ...", "Images": ["https://cdn11.bigcommerce.com/s-zd141b7qtp/products/47381/images/148466/100percent-ringspun-cotton-wholesale-bath-towels-royal-blue-international__41216.1706019338.386.513.jpg?c=1", "https://cdn11.bigcommerce.com/s-zd141b7qtp/products/47381/images/150047/100percent-ringspun-cotton-wholesale-bath-towels-royal-blue-international__14406.1706021431.386.513.jpg?c=1", "https://cdn11.bigcommerce.com/s-zd141b7qtp/products/47381/images/148783/100percent-ringspun-cotton-wholesale-bath-towels-royal-blue-international__72199.1706019762.386.513.jpg?c=1"], "Url": "https://directtextilestore.com/100-Ringspun-Cotton-Wholesale-Bath-Towels"}
{"SKU": "RDP27x54-17", "Type": "", "Size": "27 X 54", "Color": "", "Options": {"Main Option": "Bath Towel", "Description": "White Bath Towel", "Weight/Dozen": "17 Lbs", "Size": "27 X 54", "CHOOSE PACK SIZE": "Sample (1) Piece"}, "Price Per Each": "7.92", "Full Price": "7.9200", "Stock Status": "In Stock", "Brand": "Royal Blue International", "Category": "Towels", "Sub Category": "Hospital/Healthcare Towels", "Material": "100% Ringspun CottonCotton Blend", "Title": "100% Ringspun Cotton Wholesale Bath Towels", "Description": "The 100% Ringspun cotton wholesale bath towels are great for absorbency and feel. The cotton washcloths in bulk have great quality, consistency, and an ultra-soft touch and feel. This wholesale ...", "Images": ["https://cdn11.bigcommerce.com/s-zd141b7qtp/products/47381/images/148466/100percent-ringspun-cotton-wholesale-bath-towels-royal-blue-international__41216.1706019338.386.513.jpg?c=1", "https://cdn11.bigcommerce.com/s-zd141b7qtp/products/47381/images/150047/100percent-ringspun-cotton-wholesale-bath-towels-royal-blue-international__14406.1706021431.386.513.jpg?c=1", "https://cdn11.bigcommerce.com/s-zd141b7qtp/products/47381/images/148783/100percent-ringspun-cotton-wholesale-bath-towels-royal-blue-international__72199.1706019762.386.513.jpg?c=1"], "Url": "https://directtextilestore.com/100-Ringspun-Cotton-Wholesale-Bath-Towels"}
{"SKU": "RDP27x54-17_12", "Type": "", "Size": "27 X 54", "Color": "", "Options": {"Main Option": "Bath Towel", "Description": "White Bath Towel", "Weight/Dozen": "17 Lbs", "Size": "27 X 54", "CHOOSE PACK SIZE": "Pack of (12) Pieces"}, "Price Per Each": "9.51", "Full Price": "114.0800", "Stock Status": "In Stock", "Brand": "Royal Blue International", "Category": "Towels", "Sub Category": "Hospital/Healthcare Towels", "Material": "100% Ringspun CottonCotton Blend", "Title": "100% Ringspun Cotton Wholesale Bath Towels", "Description": "The 100% Ringspun cotton wholesale bath towels are great for absorbency and feel. The cotton washcloths in bulk have great quality, consistency, and an ultra-soft touch and feel. This wholesale ...", "Images": ["https://cdn11.bigcommerce.com/s-zd141b7qtp/products/47381/images/148466/100percent-ringspun-cotton-wholesale-bath-towels-royal-blue-international__41216.1706019338.386.513.jpg?c=1", "https://cdn11.bigcommerce.com/s-zd141b7qtp/products/47381/images/150047/100percent-ringspun-cotton-wholesale-bath-towels-royal-blue-international__14406.1706021431.386.513.jpg?c=1", "https://cdn11.bigcommerce.com/s-zd141b7qtp/products/47381/images/148783/100percent-ringspun-cotton-wholesale-bath-towels-royal-blue-international__72199.1706019762.386.513.jpg?c=1"], "Url": "https://directtextilestore.com/100-Ringspun-Cotton-Wholesale-Bath-Towels"}
{"SKU": "RDP27x54-17_60", "Type": "", "Size": "27 X 54", "Color": "", "Options": {"Main Option": "Bath Towel", "Description": "White Bath Towel", "Weight/Dozen": "17 Lbs", "Size": "27 X 54", "CHOOSE PACK SIZE": "Case of (60) Pieces"}, "Price Per Each": "7.92", "Full Price": "475.3500", "Stock Status": "In Stock", "Brand": "Royal Blue International", "Category": "Towels", "Sub Category": "Hospital/Healthcare Towels", "Material": "100% Ringspun CottonCotton Blend", "Title": "100% Ringspun Cotton Wholesale Bath Towels", "Description": "The 100% Ringspun cotton wholesale bath towels are great for absorbency and feel. The cotton washcloths in bulk have great quality, consistency, and an ultra-soft touch and feel. This wholesale ...", "Images": ["https://cdn11.bigcommerce.com/s-zd141b7qtp/products/47381/images/148466/100percent-ringspun-cotton-wholesale-bath-towels-royal-blue-international__41216.1706019338.386.513.jpg?c=1", "https://cdn11.bigcommerce.com/s-zd141b7qtp/products/47381/images/150047/100percent-ringspun-cotton-wholesale-bath-towels-royal-blue-international__14406.1706021431.386.513.jpg?c=1", "https://cdn11.bigcommerce.com/s-zd141b7qtp/products/47381/images/148783/100percent-ringspun-cotton-wholesale-bath-towels-royal-blue-international__72199.1706019762.386.513.jpg?c=1"], "Url": "https://directtextilestore.com/100-Ringspun-Cotton-Wholesale-Bath-Towels"}
{"SKU": "RBM16x19-32GLD", "Type": "", "Size": "16 X 19", "Color": "", "Options": {"Main Option": "Bar Mop Towels", "Description": "White With Gold Center Stripe", "Size": "16 X 19", "CHOOSE PACK SIZE": "Sample (1) Piece"}, "Price Per Each": "0.42", "Full Price": "0.4200", "Stock Status": "In Stock", "Brand": "Royal Blue International", "Category": "Towels", "Sub Category": "Bar Mop Towels", "Material": "100% Cotton", "Title": "Cotton Bar Mop Towels, 16 X 19", "Description": "The bar mop towels by Royal Blue International are soft, absorbent, durable, and economical. These cotton bar towels are perfect for cleaning and polishing in any establishment and made up of 100% ...", "Images": ["https://cdn11.bigcommerce.com/s-zd141b7qtp/products/47385/images/157680/cotton-bar-mop-towels-16-x-19-royal-blue-international__28265.1708426312.386.513.jpg?c=1"], "Url": "https://directtextilestore.com/Cotton-Bar-Mop-Towels-16-X-19"}
{"SKU": "RBM16x19-32GLD_600", "Type": "", "Size": "16 X 19", "Color": "", "Options": {"Main Option": "Bar Mop Towels", "Description": "White With Gold Center Stripe", "Size": "16 X 19", "CHOOSE PACK SIZE": "Case of (600) Pieces"}, "Price Per Each": "0.42", "Full Price": "250.0000", "Stock Status": "In Stock", "Brand": "Royal Blue International", "Category": "Towels", "Sub Category": "Bar Mop Towels", "Material": "100% Cotton", "Title": "Cotton Bar Mop Towels, 16 X 19", "Description": "The bar mop towels by Royal Blue International are soft, absorbent, durable, and economical. These cotton bar towels are perfect for cleaning and polishing in any establishment and made up of 100% ...", "Images": ["https://cdn11.bigcommerce.com/s-zd141b7qtp/products/47385/images/157680/cotton-bar-mop-towels-16-x-19-royal-blue-international__28265.1708426312.386.513.jpg?c=1"], "Url": "https://directtextilestore.com/Cotton-Bar-Mop-Towels-16-X-19"}
{"SKU": "KFS36x84x15-21", "Type": "", "Size": "36X84X15", "Color": "", "Options": {"Main Option": "Fitted Sheets", "Description": "Knitted Fitted Healthcare Collection", "Weight": "21 Oz.", "Size": "36X84X15", "CHOOSE PACK SIZE": "Sample (1) Piece"}, "Price Per Each": "5.66", "Full Price": "5.6600", "Stock Status": "In Stock", "Brand": "Royal Blue International", "Category": "Bed Sheets", "Sub Category": "Protective Bedding", "Material": "Cotton Blend", "Title": "Hospital Sheets in Bulk by Royal Blue International", "Description": "Hospital Sheets in Bulk by Royal Blue International were created for customers to supply comfort and a softness while they rest.  These wholesale bedsheets are made from cotton and are durable, ...", "Images": ["https://cdn11.bigcommerce.com/s-zd141b7qtp/products/47436/images/157148/hospital-sheets-in-bulk-by-royal-blue-international-royal-blue-international__53915.1708425430.386.513.jpg?c=1"], "Url": "https://directtextilestore.com/hospital-sheets-in-bulk"}
{"SKU": "KFS36x84x15-21_12", "Type": "", "Size": "36X84X15", "Color": "", "Options": {"Main Option": "Fitted Sheets", "Description": "Knitted Fitted Healthcare Collection", "Weight": "21 Oz.", "Size": "36X84X15", "CHOOSE PACK SIZE": "Pack of (12) Pieces"}, "Price Per Each": "6.79", "Full Price": "81.4700", "Stock Status": "In Stock", "Brand": "Royal Blue International", "Category": "Bed Sheets", "Sub Category": "Protective Bedding", "Material": "Cotton Blend", "Title": "Hospital Sheets in Bulk by Royal Blue International", "Description": "Hospital Sheets in Bulk by Royal Blue International were created for customers to supply comfort and a softness while they rest.  These wholesale bedsheets are made from cotton and are durable, ...", "Images": ["https://cdn11.bigcommerce.com/s-zd141b7qtp/products/47436/images/157148/hospital-sheets-in-bulk-by-royal-blue-international-royal-blue-international__53915.1708425430.386.513.jpg?c=1"], "Url": "https://directtextilestore.com/hospital-sheets-in-bulk"}
{"SKU": "KFS36x84x15-21_60", "Type": "", "Size": "36X84X15", "Color": "", "Options": {"Main Option": "Fitted Sheets", "Description": "Knitted Fitted Healthcare Collection", "Weight": "21 Oz.", "Size": "36X84X15", "CHOOSE PACK SIZE": "Case of (60) Pieces"}, "Price Per Each": "5.66", "Full Price": "339.4400", "Stock Status": "In Stock", "Brand": "Royal Blue International", "Category": "Bed Sheets", "Sub Category": "Protective Bedding", "Material": "Cotton Blend", "Title": "Hospital Sheets in Bulk by Royal Blue International", "Description": "Hospital Sheets in Bulk by Royal Blue International were created for customers to supply comfort and a softness while they rest.  These wholesale bedsheets are made from cotton and are durable, ...", "Images": ["https://cdn11.bigcommerce.com/s-zd141b7qtp/products/47436/images/157148/hospital-sheets-in-bulk-by-royal-blue-international-royal-blue-international__53915.1708425430.386.513.jpg?c=1"], "Url": "https://directtextilestore.com/hospital-sheets-in-bulk"}
{"SKU": "RBTT130-54x90", "Type": "", "Size": "54 X 90", "Color": "", "Options": {"Main Option": "Draw Sheets", "Description": "Xl Draw Sheet", "Size": "54 X 90", "CHOOSE PACK SIZE": "Sample (1) Piece"}, "Price Per Each": "3.00", "Full Price": "3.0000", "Stock Status": "In Stock", "Brand": "Royal Blue International", "Category": "Bed Sheets", "Sub Category": "Protective Bedding", "Material": "55% Cotton / 45% Polyester", "Title": "Royal Blue International Wholesale Bed Sheets, T-130", "Description": "Featuring a crisp cotton/polyester blend, T-130 Royal Blue International Wholesale Bed Sheets are a timeless bedding solution built to last, making them an ideal choice for healthcare and basic ...", "Images": ["https://cdn11.bigcommerce.com/s-zd141b7qtp/products/47382/images/157104/royal-blue-international-wholesale-bed-sheets-t-130__51182.1708425387.386.513.jpg?c=1"], "Url": "https://directtextilestore.com/Royal-Blue-International-Wholesale-Bed-Sheets-T-130"}
{"SKU": "RBTT130-54x90_12", "Type": "", "Size": "54 X 90", "Color": "", "Options": {"Main Option": "Draw Sheets", "Description": "Xl Draw Sheet", "Size": "54 X 90", "CHOOSE PACK SIZE": "Pack of (12) Pieces"}, "Price Per Each": "3.59", "Full Price": "43.1300", "Stock Status": "In Stock", "Brand": "Royal Blue International", "Category": "Bed Sheets", "Sub Category": "Protective Bedding", "Material": "55% Cotton / 45% Polyester", "Title": "Royal Blue International Wholesale Bed Sheets, T-130", "Description": "Featuring a crisp cotton/polyester blend, T-130 Royal Blue International Wholesale Bed Sheets are a timeless bedding solution built to last, making them an ideal choice for healthcare and basic ...", "Images": ["https://cdn11.bigcommerce.com/s-zd141b7qtp/products/47382/images/157104/royal-blue-international-wholesale-bed-sheets-t-130__51182.1708425387.386.513.jpg?c=1"], "Url": "https://directtextilestore.com/Royal-Blue-International-Wholesale-Bed-Sheets-T-130"}
{"SKU": "RBTT130-54x90_60", "Type": "", "Size": "54 X 90", "Color": "", "Options": {"Main Option": "Draw Sheets", "Description": "Xl Draw Sheet", "Size": "54 X 90", "CHOOSE PACK SIZE": "Case of (60) Pieces"}, "Price Per Each": "3.00", "Full Price": "179.7200", "Stock Status": "In Stock", "Brand": "Royal Blue International", "Category": "Bed Sheets", "Sub Category": "Protective Bedding", "Material": "55% Cotton / 45% Polyester", "Title": "Royal Blue International Wholesale Bed Sheets, T-130", "Description": "Featuring a crisp cotton/polyester blend, T-130 Royal Blue International Wholesale Bed Sheets are a timeless bedding solution built to last, making them an ideal choice for healthcare and basic ...", "Images": ["https://cdn11.bigcommerce.com/s-zd141b7qtp/products/47382/images/157104/royal-blue-international-wholesale-bed-sheets-t-130__51182.1708425387.386.513.jpg?c=1"], "Url": "https://directtextilestore.com/Royal-Blue-International-Wholesale-Bed-Sheets-T-130"}
{"SKU": "RBTT130-42x34", "Type": "", "Size": "43 X 34", "Color": "", "Options": {"Main Option": "Pillow Case", "Description": "Standard Pillowcase", "Size": "43 X 34", "CHOOSE PACK SIZE": "Sample (1) Piece"}, "Price Per Each": "1.00", "Full Price": "1.0000", "Stock Status": "In Stock", "Brand": "Royal Blue International", "Category": "Bed Sheets", "Sub Category": "Protective Bedding", "Material": "55% Cotton / 45% Polyester", "Title": "Royal Blue International Wholesale Bed Sheets, T-130", "Description": "Featuring a crisp cotton/polyester blend, T-130 Royal Blue International Wholesale Bed Sheets are a timeless bedding solution built to last, making them an ideal choice for healthcare and basic ...", "Images": ["https://cdn11.bigcommerce.com/s-zd141b7qtp/products/47382/images/157104/royal-blue-international-wholesale-bed-sheets-t-130__51182.1708425387.386.513.jpg?c=1"], "Url": "https://directtextilestore.com/Royal-Blue-International-Wholesale-Bed-Sheets-T-130"}
{"SKU": "RBTT130-42x34_12", "Type": "", "Size": "43 X 34", "Color": "", "Options": {"Main Option": "Pillow Case", "Description": "Standard Pillowcase", "Size": "43 X 34", "CHOOSE PACK SIZE": "Pack of (12) Pieces"}, "Price Per Each": "1.20", "Full Price": "14.4200", "Stock Status": "In Stock", "Brand": "Royal Blue International", "Category": "Bed Sheets", "Sub Category": "Protective Bedding", "Material": "55% Cotton / 45% Polyester", "Title": "Royal Blue International Wholesale Bed Sheets, T-130", "Description": "Featuring a crisp cotton/polyester blend, T-130 Royal Blue International Wholesale Bed Sheets are a timeless bedding solution built to last, making them an ideal choice for healthcare and basic ...", "Images": ["https://cdn11.bigcommerce.com/s-zd141b7qtp/products/47382/images/157104/royal-blue-international-wholesale-bed-sheets-t-130__51182.1708425387.386.513.jpg?c=1"], "Url": "https://directtextilestore.com/Royal-Blue-International-Wholesale-Bed-Sheets-T-130"}
{"SKU": "RBTT130-42x34_120", "Type": "", "Size": "43 X 34", "Color": "", "Options": {"Main Option": "Pillow Case", "Description": "Standard Pillowcase", "Size": "43 X 34", "CHOOSE PACK SIZE": "Case of (120) Pieces"}, "Price Per Each": "1.00", "Full Price": "120.1400", "Stock Status": "In Stock", "Brand": "Royal Blue International", "Category": "Bed Sheets", "Sub Category": "Protective Bedding", "Material": "55% Cotton / 45% Polyester", "Title": "Royal Blue International Wholesale Bed Sheets, T-130", "Description": "Featuring a crisp cotton/polyester blend, T-130 Royal Blue International Wholesale Bed Sheets are a timeless bedding solution built to last, making them an ideal choice for healthcare and basic ...", "Images": ["https://cdn11.bigcommerce.com/s-zd141b7qtp/products/47382/images/157104/royal-blue-international-wholesale-bed-sheets-t-130__51182.1708425387.386.513.jpg?c=1"], "Url": "https://directtextilestore.com/Royal-Blue-International-Wholesale-Bed-Sheets-T-130"}
{"SKU": "RBTT130-66x104", "Type": "", "Size": "66 X 104", "Color": "", "Options": {"Main Option": "Flat Sheets", "Description": "Twin Flat Sheet", "Size": "66 X 104", "CHOOSE PACK SIZE": "Sample (1) Piece"}, "Price Per Each": "4.20", "Full Price": "4.2000", "Stock Status": "In Stock", "Brand": "Royal Blue International", "Category": "Bed Sheets", "Sub Category": "Protective Bedding", "Material": "55% Cotton / 45% Polyester", "Title": "Royal Blue International Wholesale Bed Sheets, T-130", "Description": "Featuring a crisp cotton/polyester blend, T-130 Royal Blue International Wholesale Bed Sheets are a timeless bedding solution built to last, making them an ideal choice for healthcare and basic ...", "Images": ["https://cdn11.bigcommerce.com/s-zd141b7qtp/products/47382/images/157104/royal-blue-international-wholesale-bed-sheets-t-130__51182.1708425387.386.513.jpg?c=1"], "Url": "https://directtextilestore.com/Royal-Blue-International-Wholesale-Bed-Sheets-T-130"}
{"SKU": "RBTT130-66x104_12", "Type": "", "Size": "66 X 104", "Color": "", "Options": {"Main Option": "Flat Sheets", "Description": "Twin Flat Sheet", "Size": "66 X 104", "CHOOSE PACK SIZE": "Pack of (12) Pieces"}, "Price Per Each": "5.04", "Full Price": "60.4300", "Stock Status": "In Stock", "Brand": "Royal Blue International", "Category": "Bed Sheets", "Sub Category": "Protective Bedding", "Material": "55% Cotton / 45% Polyester", "Title": "Royal Blue International Wholesale Bed Sheets, T-130", "Description": "Featuring a crisp cotton/polyester blend, T-130 Royal Blue International Wholesale Bed Sheets are a timeless bedding solution built to last, making them an ideal choice for healthcare and basic ...", "Images": ["https://cdn11.bigcommerce.com/s-zd141b7qtp/products/47382/images/157104/royal-blue-international-wholesale-bed-sheets-t-130__51182.1708425387.386.513.jpg?c=1"], "Url": "https://directtextilestore.com/Royal-Blue-International-Wholesale-Bed-Sheets-T-130"}
{"SKU": "RBTT130-66x104_60", "Type": "", "Size": "66 X 104", "Color": "", "Options": {"Main Option": "Flat Sheets", "Description": "Twin Flat Sheet", "Size": "66 X 104", "CHOOSE PACK SIZE": "Case of (60) Pieces"}, "Price Per Each": "4.20", "Full Price": "251.8100", "Stock Status": "In Stock", "Brand": "Royal Blue International", "Category": "Bed Sheets", "Sub Category": "Protective Bedding", "Material": "55% Cotton / 45% Polyester", "Title": "Royal Blue International Wholesale Bed Sheets, T-130", "Description": "Featuring a crisp cotton/polyester blend, T-130 Royal Blue International Wholesale Bed Sheets are a timeless bedding solution built to last, making them an ideal choice for healthcare and basic ...", "Images": ["https://cdn11.bigcommerce.com/s-zd141b7qtp/products/47382/images/157104/royal-blue-international-wholesale-bed-sheets-t-130__51182.1708425387.386.513.jpg?c=1"], "Url": "https://directtextilestore.com/Royal-Blue-International-Wholesale-Bed-Sheets-T-130"}
{"SKU": "RBTT130-66x115", "Type": "", "Size": "66 X 115", "Color": "", "Options": {"Main Option": "Flat Sheets", "Description": "Twin Xl Flat Sheet", "Size": "66 X 115", "CHOOSE PACK SIZE": "Sample (1) Piece"}, "Price Per Each": "4.60", "Full Price": "4.6000", "Stock Status": "In Stock", "Brand": "Royal Blue International", "Category": "Bed Sheets", "Sub Category": "Protective Bedding", "Material": "55% Cotton / 45% Polyester", "Title": "Royal Blue International Wholesale Bed Sheets, T-130", "Description": "Featuring a crisp cotton/polyester blend, T-130 Royal Blue International Wholesale Bed Sheets are a timeless bedding solution built to last, making them an ideal choice for healthcare and basic ...", "Images": ["https://cdn11.bigcommerce.com/s-zd141b7qtp/products/47382/images/157104/royal-blue-international-wholesale-bed-sheets-t-130__51182.1708425387.386.513.jpg?c=1"], "Url": "https://directtextilestore.com/Royal-Blue-International-Wholesale-Bed-Sheets-T-130"}
{"SKU": "RBTT130-66x115_12", "Type": "", "Size": "66 X 115", "Color": "", "Options": {"Main Option": "Flat Sheets", "Description": "Twin Xl Flat Sheet", "Size": "66 X 115", "CHOOSE PACK SIZE": "Pack of (12) Pieces"}, "Price Per Each": "5.52", "Full Price": "66.3000", "Stock Status": "In Stock", "Brand": "Royal Blue International", "Category": "Bed Sheets", "Sub Category": "Protective Bedding", "Material": "55% Cotton / 45% Polyester", "Title": "Royal Blue International Wholesale Bed Sheets, T-130", "Description": "Featuring a crisp cotton/polyester blend, T-130 Royal Blue International Wholesale Bed Sheets are a timeless bedding solution built to last, making them an ideal choice for healthcare and basic ...", "Images": ["https://cdn11.bigcommerce.com/s-zd141b7qtp/products/47382/images/157104/royal-blue-international-wholesale-bed-sheets-t-130__51182.1708425387.386.513.jpg?c=1"], "Url": "https://directtextilestore.com/Royal-Blue-International-Wholesale-Bed-Sheets-T-130"}
{"SKU": "RBTT130-66x115_60", "Type": "", "Size": "66 X 115", "Color": "", "Options": {"Main Option": "Flat Sheets", "Description": "Twin Xl Flat Sheet", "Size": "66 X 115", "CHOOSE PACK SIZE": "Case of (60) Pieces"}, "Price Per Each": "4.60", "Full Price": "276.2500", "Stock Status": "In Stock", "Brand": "Royal Blue International", "Category": "Bed Sheets", "Sub Category": "Protective Bedding", "Material": "55% Cotton / 45% Polyester", "Title": "Royal Blue International Wholesale Bed Sheets, T-130", "Description": "Featuring a crisp cotton/polyester blend, T-130 Royal Blue International Wholesale Bed Sheets are a timeless bedding solution built to last, making them an ideal choice for healthcare and basic ...", "Images": ["https://cdn11.bigcommerce.com/s-zd141b7qtp/products/47382/images/157104/royal-blue-international-wholesale-bed-sheets-t-130__51182.1708425387.386.513.jpg?c=1"], "Url": "https://directtextilestore.com/Royal-Blue-International-Wholesale-Bed-Sheets-T-130"}
{"SKU": "SWC12x12-1", "Type": "", "Size": "12 X 12", "Color": "", "Options": {"Main Option": "Washcloth", "Description": "White Washcloth", "Weight/Dozen": "1 Lbs", "Size": "12 X 12", "CHOOSE PACK SIZE": "Sample (1) Piece"}, "Price Per Each": "0.24", "Full Price": "0.2400", "Stock Status": "In Stock", "Brand": "Royal Blue International", "Category": "Towels", "Sub Category": "Hospital/Healthcare Towels", "Material": "100% Cotton", "Title": "Royal Silver Collection 100% Cotton Wholesale Wash Cloths and Bath Towels", "Description": "The Royal Silver Collection Wholesale Towels are made of 100% cotton. These cotton washcloths and economy bath towels are a single cam border collection. The 100 percent cotton hand towels can ...", "Images": ["https://cdn11.bigcommerce.com/s-zd141b7qtp/products/47379/images/161599/royalsilver3__14513.1712862475.386.513.jpg?c=1", "https://cdn11.bigcommerce.com/s-zd141b7qtp/products/47379/images/161597/royal-silver__96875.1712862475.386.513.jpg?c=1", "https://cdn11.bigcommerce.com/s-zd141b7qtp/products/47379/images/161598/royalsilver2__47156.1712862475.386.513.jpg?c=1"], "Url": "https://directtextilestore.com/Royal-Silver-Collection-100-Cotton-Wholesale-Bath-Towels"}
{"SKU": "SWC12x12-1_300", "Type": "", "Size": "12 X 12", "Color": "", "Options": {"Main Option": "Washcloth", "Description": "White Washcloth", "Weight/Dozen": "1 Lbs", "Size": "12 X 12", "CHOOSE PACK SIZE": "Case of (300) Pieces"}, "Price Per Each": "0.24", "Full Price": "71.8800", "Stock Status": "In Stock", "Brand": "Royal Blue International", "Category": "Towels", "Sub Category": "Hospital/Healthcare Towels", "Material": "100% Cotton", "Title": "Royal Silver Collection 100% Cotton Wholesale Wash Cloths and Bath Towels", "Description": "The Royal Silver Collection Wholesale Towels are made of 100% cotton. These cotton washcloths and economy bath towels are a single cam border collection. The 100 percent cotton hand towels can ...", "Images": ["https://cdn11.bigcommerce.com/s-zd141b7qtp/products/47379/images/161599/royalsilver3__14513.1712862475.386.513.jpg?c=1", "https://cdn11.bigcommerce.com/s-zd141b7qtp/products/47379/images/161597/royal-silver__96875.1712862475.386.513.jpg?c=1", "https://cdn11.bigcommerce.com/s-zd141b7qtp/products/47379/images/161598/royalsilver2__47156.1712862475.386.513.jpg?c=1"], "Url": "https://directtextilestore.com/Royal-Silver-Collection-100-Cotton-Wholesale-Bath-Towels"}
{"SKU": "SWC12x12-.75", "Type": "", "Size": "12 X 12", "Color": "", "Options": {"Main Option": "Washcloth", "Description": "White Washcloth", "Weight/Dozen": "0.75 Lbs", "Size": "12 X 12", "CHOOSE PACK SIZE": "Sample (1) Piece"}, "Price Per Each": "0.18", "Full Price": "0.1800", "Stock Status": "In Stock", "Brand": "Royal Blue International", "Category": "Towels", "Sub Category": "Hospital/Healthcare Towels", "Material": "100% Cotton", "Title": "Royal Silver Collection 100% Cotton Wholesale Wash Cloths and Bath Towels", "Description": "The Royal Silver Collection Wholesale Towels are made of 100% cotton. These cotton washcloths and economy bath towels are a single cam border collection. The 100 percent cotton hand towels can ...", "Images": ["https://cdn11.bigcommerce.com/s-zd141b7qtp/products/47379/images/161599/royalsilver3__14513.1712862475.386.513.jpg?c=1", "https://cdn11.bigcommerce.com/s-zd141b7qtp/products/47379/images/161597/royal-silver__96875.1712862475.386.513.jpg?c=1", "https://cdn11.bigcommerce.com/s-zd141b7qtp/products/47379/images/161598/royalsilver2__47156.1712862475.386.513.jpg?c=1"], "Url": "https://directtextilestore.com/Royal-Silver-Collection-100-Cotton-Wholesale-Bath-Towels"}
{"SKU": "SWC12x12-.75_300", "Type": "", "Size": "12 X 12", "Color": "", "Options": {"Main Option": "Washcloth", "Description": "White Washcloth", "Weight/Dozen": "0.75 Lbs", "Size": "12 X 12", "CHOOSE PACK SIZE": "Case of (300) Pieces"}, "Price Per Each": "0.18", "Full Price": "53.8200", "Stock Status": "In Stock", "Brand": "Royal Blue International", "Category": "Towels", "Sub Category": "Hospital/Healthcare Towels", "Material": "100% Cotton", "Title": "Royal Silver Collection 100% Cotton Wholesale Wash Cloths and Bath Towels", "Description": "The Royal Silver Collection Wholesale Towels are made of 100% cotton. These cotton washcloths and economy bath towels are a single cam border collection. The 100 percent cotton hand towels can ...", "Images": ["https://cdn11.bigcommerce.com/s-zd141b7qtp/products/47379/images/161599/royalsilver3__14513.1712862475.386.513.jpg?c=1", "https://cdn11.bigcommerce.com/s-zd141b7qtp/products/47379/images/161597/royal-silver__96875.1712862475.386.513.jpg?c=1", "https://cdn11.bigcommerce.com/s-zd141b7qtp/products/47379/images/161598/royalsilver2__47156.1712862475.386.513.jpg?c=1"], "Url": "https://directtextilestore.com/Royal-Silver-Collection-100-Cotton-Wholesale-Bath-Towels"}
{"SKU": "SBT20x40-4", "Type": "", "Size": "20 X 40", "Color": "", "Options": {"Main Option": "Bath Towel", "Description": "White Bath Towel", "Weight/Dozen": "4 Lbs", "Size": "20 X 40", "CHOOSE PACK SIZE": "Sample (1) Piece"}, "Price Per Each": "0.96", "Full Price": "0.9600", "Stock Status": "In Stock", "Brand": "Royal Blue International", "Category": "Towels", "Sub Category": "Hospital/Healthcare Towels", "Material": "100% Cotton", "Title": "Royal Silver Collection 100% Cotton Wholesale Wash Cloths and Bath Towels", "Description": "The Royal Silver Collection Wholesale Towels are made of 100% cotton. These cotton washcloths and economy bath towels are a single cam border collection. The 100 percent cotton hand towels can ...", "Images": ["https://cdn11.bigcommerce.com/s-zd141b7qtp/products/47379/images/161599/royalsilver3__14513.1712862475.386.513.jpg?c=1", "https://cdn11.bigcommerce.com/s-zd141b7qtp/products/47379/images/161597/royal-silver__96875.1712862475.386.513.jpg?c=1", "https://cdn11.bigcommerce.com/s-zd141b7qtp/products/47379/images/161598/royalsilver2__47156.1712862475.386.513.jpg?c=1"], "Url": "https://directtextilestore.com/Royal-Silver-Collection-100-Cotton-Wholesale-Bath-Towels"}
{"SKU": "SBT20x40-4_12", "Type": "", "Size": "20 X 40", "Color": "", "Options": {"Main Option": "Bath Towel", "Description": "White Bath Towel", "Weight/Dozen": "4 Lbs", "Size": "20 X 40", "CHOOSE PACK SIZE": "Pack of (12) Pieces"}, "Price Per Each": "1.15", "Full Price": "13.8000", "Stock Status": "In Stock", "Brand": "Royal Blue International", "Category": "Towels", "Sub Category": "Hospital/Healthcare Towels", "Material": "100% Cotton", "Title": "Royal Silver Collection 100% Cotton Wholesale Wash Cloths and Bath Towels", "Description": "The Royal Silver Collection Wholesale Towels are made of 100% cotton. These cotton washcloths and economy bath towels are a single cam border collection. The 100 percent cotton hand towels can ...", "Images": ["https://cdn11.bigcommerce.com/s-zd141b7qtp/products/47379/images/161599/royalsilver3__14513.1712862475.386.513.jpg?c=1", "https://cdn11.bigcommerce.com/s-zd141b7qtp/products/47379/images/161597/royal-silver__96875.1712862475.386.513.jpg?c=1", "https://cdn11.bigcommerce.com/s-zd141b7qtp/products/47379/images/161598/royalsilver2__47156.1712862475.386.513.jpg?c=1"], "Url": "https://directtextilestore.com/Royal-Silver-Collection-100-Cotton-Wholesale-Bath-Towels"}
{"SKU": "SBT20x40-4_300", "Type": "", "Size": "20 X 40", "Color": "", "Options": {"Main Option": "Bath Towel", "Description": "White Bath Towel", "Weight/Dozen": "4 Lbs", "Size": "20 X 40", "CHOOSE PACK SIZE": "Case of (300) Pieces"}, "Price Per Each": "0.96", "Full Price": "287.5000", "Stock Status": "In Stock", "Brand": "Royal Blue International", "Category": "Towels", "Sub Category": "Hospital/Healthcare Towels", "Material": "100% Cotton", "Title": "Royal Silver Collection 100% Cotton Wholesale Wash Cloths and Bath Towels", "Description": "The Royal Silver Collection Wholesale Towels are made of 100% cotton. These cotton washcloths and economy bath towels are a single cam border collection. The 100 percent cotton hand towels can ...", "Images": ["https://cdn11.bigcommerce.com/s-zd141b7qtp/products/47379/images/161599/royalsilver3__14513.1712862475.386.513.jpg?c=1", "https://cdn11.bigcommerce.com/s-zd141b7qtp/products/47379/images/161597/royal-silver__96875.1712862475.386.513.jpg?c=1", "https://cdn11.bigcommerce.com/s-zd141b7qtp/products/47379/images/161598/royalsilver2__47156.1712862475.386.513.jpg?c=1"], "Url": "https://directtextilestore.com/Royal-Silver-Collection-100-Cotton-Wholesale-Bath-Towels"}
{"SKU": "SBT20x40-5", "Type": "", "Size": "20 X 40", "Color": "", "Options": {"Main Option": "Bath Towel", "Description": "White Bath Towel", "Weight/Dozen": "5 Lbs", "Size": "20 X 40", "CHOOSE PACK SIZE": "Sample (1) Piece"}, "Price Per Each": "1.20", "Full Price": "1.2000", "Stock Status": "In Stock", "Brand": "Royal Blue International", "Category": "Towels", "Sub Category": "Hospital/Healthcare Towels", "Material": "100% Cotton", "Title": "Royal Silver Collection 100% Cotton Wholesale Wash Cloths and Bath Towels", "Description": "The Royal Silver Collection Wholesale Towels are made of 100% cotton. These cotton washcloths and economy bath towels are a single cam border collection. The 100 percent cotton hand towels can ...", "Images": ["https://cdn11.bigcommerce.com/s-zd141b7qtp/products/47379/images/161599/royalsilver3__14513.1712862475.386.513.jpg?c=1", "https://cdn11.bigcommerce.com/s-zd141b7qtp/products/47379/images/161597/royal-silver__96875.1712862475.386.513.jpg?c=1", "https://cdn11.bigcommerce.com/s-zd141b7qtp/products/47379/images/161598/royalsilver2__47156.1712862475.386.513.jpg?c=1"], "Url": "https://directtextilestore.com/Royal-Silver-Collection-100-Cotton-Wholesale-Bath-Towels"}
{"SKU": "SBT20x40-5_12", "Type": "", "Size": "20 X 40", "Color": "", "Options": {"Main Option": "Bath Towel", "Description": "White Bath Towel", "Weight/Dozen": "5 Lbs", "Size": "20 X 40", "CHOOSE PACK SIZE": "Pack of (12) Pieces"}, "Price Per Each": "1.44", "Full Price": "17.2700", "Stock Status": "In Stock", "Brand": "Royal Blue International", "Category": "Towels", "Sub Category": "Hospital/Healthcare Towels", "Material": "100% Cotton", "Title": "Royal Silver Collection 100% Cotton Wholesale Wash Cloths and Bath Towels", "Description": "The Royal Silver Collection Wholesale Towels are made of 100% cotton. These cotton washcloths and economy bath towels are a single cam border collection. The 100 percent cotton hand towels can ...", "Images": ["https://cdn11.bigcommerce.com/s-zd141b7qtp/products/47379/images/161599/royalsilver3__14513.1712862475.386.513.jpg?c=1", "https://cdn11.bigcommerce.com/s-zd141b7qtp/products/47379/images/161597/royal-silver__96875.1712862475.386.513.jpg?c=1", "https://cdn11.bigcommerce.com/s-zd141b7qtp/products/47379/images/161598/royalsilver2__47156.1712862475.386.513.jpg?c=1"], "Url": "https://directtextilestore.com/Royal-Silver-Collection-100-Cotton-Wholesale-Bath-Towels"}
{"SKU": "SBT20x40-5_300", "Type": "", "Size": "20 X 40", "Color": "", "Options": {"Main Option": "Bath Towel", "Description": "White Bath Towel", "Weight/Dozen": "5 Lbs", "Size": "20 X 40", "CHOOSE PACK SIZE": "Case of (300) Pieces"}, "Price Per Each": "1.20", "Full Price": "359.7200", "Stock Status": "In Stock", "Brand": "Royal Blue International", "Category": "Towels", "Sub Category": "Hospital/Healthcare Towels", "Material": "100% Cotton", "Title": "Royal Silver Collection 100% Cotton Wholesale Wash Cloths and Bath Towels", "Description": "The Royal Silver Collection Wholesale Towels are made of 100% cotton. These cotton washcloths and economy bath towels are a single cam border collection. The 100 percent cotton hand towels can ...", "Images": ["https://cdn11.bigcommerce.com/s-zd141b7qtp/products/47379/images/161599/royalsilver3__14513.1712862475.386.513.jpg?c=1", "https://cdn11.bigcommerce.com/s-zd141b7qtp/products/47379/images/161597/royal-silver__96875.1712862475.386.513.jpg?c=1", "https://cdn11.bigcommerce.com/s-zd141b7qtp/products/47379/images/161598/royalsilver2__47156.1712862475.386.513.jpg?c=1"], "Url": "https://directtextilestore.com/Royal-Silver-Collection-100-Cotton-Wholesale-Bath-Towels"}
{"SKU": "SBT22x44-6", "Type": "", "Size": "22 X 44", "Color": "", "Options": {"Main Option": "Bath Towel", "Description": "White Bath Towel", "Weight/Dozen": "6 Lbs", "Size": "22 X 44", "CHOOSE PACK SIZE": "Sample (1) Piece"}, "Price Per Each": "1.68", "Full Price": "1.6800", "Stock Status": "In Stock", "Brand": "Royal Blue International", "Category": "Towels", "Sub Category": "Hospital/Healthcare Towels", "Material": "100% Cotton", "Title": "Royal Silver Collection 100% Cotton Wholesale Wash Cloths and Bath Towels", "Description": "The Royal Silver Collection Wholesale Towels are made of 100% cotton. These cotton washcloths and economy bath towels are a single cam border collection. The 100 percent cotton hand towels can ...", "Images": ["https://cdn11.bigcommerce.com/s-zd141b7qtp/products/47379/images/161599/royalsilver3__14513.1712862475.386.513.jpg?c=1", "https://cdn11.bigcommerce.com/s-zd141b7qtp/products/47379/images/161597/royal-silver__96875.1712862475.386.513.jpg?c=1", "https://cdn11.bigcommerce.com/s-zd141b7qtp/products/47379/images/161598/royalsilver2__47156.1712862475.386.513.jpg?c=1"], "Url": "https://directtextilestore.com/Royal-Silver-Collection-100-Cotton-Wholesale-Bath-Towels"}
{"SKU": "SBT22x44-6_12", "Type": "", "Size": "22 X 44", "Color": "", "Options": {"Main Option": "Bath Towel", "Description": "White Bath Towel", "Weight/Dozen": "6 Lbs", "Size": "22 X 44", "CHOOSE PACK SIZE": "Pack of (12) Pieces"}, "Price Per Each": "2.02", "Full Price": "24.2000", "Stock Status": "In Stock", "Brand": "Royal Blue International", "Category": "Towels", "Sub Category": "Hospital/Healthcare Towels", "Material": "100% Cotton", "Title": "Royal Silver Collection 100% Cotton Wholesale Wash Cloths and Bath Towels", "Description": "The Royal Silver Collection Wholesale Towels are made of 100% cotton. These cotton washcloths and economy bath towels are a single cam border collection. The 100 percent cotton hand towels can ...", "Images": ["https://cdn11.bigcommerce.com/s-zd141b7qtp/products/47379/images/161599/royalsilver3__14513.1712862475.386.513.jpg?c=1", "https://cdn11.bigcommerce.com/s-zd141b7qtp/products/47379/images/161597/royal-silver__96875.1712862475.386.513.jpg?c=1", "https://cdn11.bigcommerce.com/s-zd141b7qtp/products/47379/images/161598/royalsilver2__47156.1712862475.386.513.jpg?c=1"], "Url": "https://directtextilestore.com/Royal-Silver-Collection-100-Cotton-Wholesale-Bath-Towels"}
{"SKU": "SBT22x44-6_120", "Type": "", "Size": "22 X 44", "Color": "", "Options": {"Main Option": "Bath Towel", "Description": "White Bath Towel", "Weight/Dozen": "6 Lbs", "Size": "22 X 44", "CHOOSE PACK SIZE": "Case of (120) Pieces"}, "Price Per Each": "1.68", "Full Price": "201.6700", "Stock Status": "In Stock", "Brand": "Royal Blue International", "Category": "Towels", "Sub Category": "Hospital/Healthcare Towels", "Material": "100% Cotton", "Title": "Royal Silver Collection 100% Cotton Wholesale Wash Cloths and Bath Towels", "Description": "The Royal Silver Collection Wholesale Towels are made of 100% cotton. These cotton washcloths and economy bath towels are a single cam border collection. The 100 percent cotton hand towels can ...", "Images": ["https://cdn11.bigcommerce.com/s-zd141b7qtp/products/47379/images/161599/royalsilver3__14513.1712862475.386.513.jpg?c=1", "https://cdn11.bigcommerce.com/s-zd141b7qtp/products/47379/images/161597/royal-silver__96875.1712862475.386.513.jpg?c=1", "https://cdn11.bigcommerce.com/s-zd141b7qtp/products/47379/images/161598/royalsilver2__47156.1712862475.386.513.jpg?c=1"], "Url": "https://directtextilestore.com/Royal-Silver-Collection-100-Cotton-Wholesale-Bath-Towels"}
{"SKU": "SBT24x48-8", "Type": "", "Size": "24 X 48", "Color": "", "Options": {"Main Option": "Bath Towel", "Description": "White Bath Towel", "Weight/Dozen": "8 Lbs", "Size": "24 X 48", "CHOOSE PACK SIZE": "Sample (1) Piece"}, "Price Per Each": "1.92", "Full Price": "1.9200", "Stock Status": "In Stock", "Brand": "Royal Blue International", "Category": "Towels", "Sub Category": "Hospital/Healthcare Towels", "Material": "100% Cotton", "Title": "Royal Silver Collection 100% Cotton Wholesale Wash Cloths and Bath Towels", "Description": "The Royal Silver Collection Wholesale Towels are made of 100% cotton. These cotton washcloths and economy bath towels are a single cam border collection. The 100 percent cotton hand towels can ...", "Images": ["https://cdn11.bigcommerce.com/s-zd141b7qtp/products/47379/images/161599/royalsilver3__14513.1712862475.386.513.jpg?c=1", "https://cdn11.bigcommerce.com/s-zd141b7qtp/products/47379/images/161597/royal-silver__96875.1712862475.386.513.jpg?c=1", "https://cdn11.bigcommerce.com/s-zd141b7qtp/products/47379/images/161598/royalsilver2__47156.1712862475.386.513.jpg?c=1"], "Url": "https://directtextilestore.com/Royal-Silver-Collection-100-Cotton-Wholesale-Bath-Towels"}
{"SKU": "SBT24x48-8_12", "Type": "", "Size": "24 X 48", "Color": "", "Options": {"Main Option": "Bath Towel", "Description": "White Bath Towel", "Weight/Dozen": "8 Lbs", "Size": "24 X 48", "CHOOSE PACK SIZE": "Pack of (12) Pieces"}, "Price Per Each": "2.30", "Full Price": "27.6000", "Stock Status": "In Stock", "Brand": "Royal Blue International", "Category": "Towels", "Sub Category": "Hospital/Healthcare Towels", "Material": "100% Cotton", "Title": "Royal Silver Collection 100% Cotton Wholesale Wash Cloths and Bath Towels", "Description": "The Royal Silver Collection Wholesale Towels are made of 100% cotton. These cotton washcloths and economy bath towels are a single cam border collection. The 100 percent cotton hand towels can ...", "Images": ["https://cdn11.bigcommerce.com/s-zd141b7qtp/products/47379/images/161599/royalsilver3__14513.1712862475.386.513.jpg?c=1", "https://cdn11.bigcommerce.com/s-zd141b7qtp/products/47379/images/161597/royal-silver__96875.1712862475.386.513.jpg?c=1", "https://cdn11.bigcommerce.com/s-zd141b7qtp/products/47379/images/161598/royalsilver2__47156.1712862475.386.513.jpg?c=1"], "Url": "https://directtextilestore.com/Royal-Silver-Collection-100-Cotton-Wholesale-Bath-Towels"}
{"SKU": "SBT24x48-8_300", "Type": "", "Size": "24 X 48", "Color": "", "Options": {"Main Option": "Bath Towel", "Description": "White Bath Towel", "Weight/Dozen": "8 Lbs", "Size": "24 X 48", "CHOOSE PACK SIZE": "Case of (300) Pieces"}, "Price Per Each": "1.92", "Full Price": "575.0000", "Stock Status": "In Stock", "Brand": "Royal Blue International", "Category": "Towels", "Sub Category": "Hospital/Healthcare Towels", "Material": "100% Cotton", "Title": "Royal Silver Collection 100% Cotton Wholesale Wash Cloths and Bath Towels", "Description": "The Royal Silver Collection Wholesale Towels are made of 100% cotton. These cotton washcloths and economy bath towels are a single cam border collection. The 100 percent cotton hand towels can ...", "Images": ["https://cdn11.bigcommerce.com/s-zd141b7qtp/products/47379/images/161599/royalsilver3__14513.1712862475.386.513.jpg?c=1", "https://cdn11.bigcommerce.com/s-zd141b7qtp/products/47379/images/161597/royal-silver__96875.1712862475.386.513.jpg?c=1", "https://cdn11.bigcommerce.com/s-zd141b7qtp/products/47379/images/161598/royalsilver2__47156.1712862475.386.513.jpg?c=1"], "Url": "https://directtextilestore.com/Royal-Silver-Collection-100-Cotton-Wholesale-Bath-Towels"}
{"SKU": "RBTT180-54x90", "Type": "", "Size": "54 X 90", "Color": "", "Options": {"Main Option": "Draw Sheets", "Description": "Xl Draw Sheet", "Size": "54 X 90", "CHOOSE PACK SIZE": "Sample (1) Piece"}, "Price Per Each": "3.79", "Full Price": "3.7900", "Stock Status": "In Stock", "Brand": "Royal Blue International", "Category": "Bed Sheets", "Sub Category": "Protective Bedding", "Material": "Cotton Blend", "Title": "Sheets in Bulk by Royal Blue International, T-180 Elite Plus", "Description": "Sheets in Bulk by Royal Blue International were created for customers who needed a higher quality 180 thread count.  These wholesale bedsheets are T-180 linens that are made up of the finest ...", "Images": ["https://cdn11.bigcommerce.com/s-zd141b7qtp/products/47383/images/157647/sheets-in-bulk-by-royal-blue-international-t-180-elite-plus-royal-blue-international__39989.1708426278.386.513.jpg?c=1"], "Url": "https://directtextilestore.com/Sheets-in-Bulk-by-Royal-Blue-International-T-180-Elite-Plus"}
{"SKU": "RBTT180-54x90_12", "Type": "", "Size": "54 X 90", "Color": "", "Options": {"Main Option": "Draw Sheets", "Description": "Xl Draw Sheet", "Size": "54 X 90", "CHOOSE PACK SIZE": "Pack of (12) Pieces"}, "Price Per Each": "4.55", "Full Price": "54.6300", "Stock Status": "In Stock", "Brand": "Royal Blue International", "Category": "Bed Sheets", "Sub Category": "Protective Bedding", "Material": "Cotton Blend", "Title": "Sheets in Bulk by Royal Blue International, T-180 Elite Plus", "Description": "Sheets in Bulk by Royal Blue International were created for customers who needed a higher quality 180 thread count.  These wholesale bedsheets are T-180 linens that are made up of the finest ...", "Images": ["https://cdn11.bigcommerce.com/s-zd141b7qtp/products/47383/images/157647/sheets-in-bulk-by-royal-blue-international-t-180-elite-plus-royal-blue-international__39989.1708426278.386.513.jpg?c=1"], "Url": "https://directtextilestore.com/Sheets-in-Bulk-by-Royal-Blue-International-T-180-Elite-Plus"}
{"SKU": "RBTT180-54x90_60", "Type": "", "Size": "54 X 90", "Color": "", "Options": {"Main Option": "Draw Sheets", "Description": "Xl Draw Sheet", "Size": "54 X 90", "CHOOSE PACK SIZE": "Case of (60) Pieces"}, "Price Per Each": "3.79", "Full Price": "227.6400", "Stock Status": "In Stock", "Brand": "Royal Blue International", "Category": "Bed Sheets", "Sub Category": "Protective Bedding", "Material": "Cotton Blend", "Title": "Sheets in Bulk by Royal Blue International, T-180 Elite Plus", "Description": "Sheets in Bulk by Royal Blue International were created for customers who needed a higher quality 180 thread count.  These wholesale bedsheets are T-180 linens that are made up of the finest ...", "Images": ["https://cdn11.bigcommerce.com/s-zd141b7qtp/products/47383/images/157647/sheets-in-bulk-by-royal-blue-international-t-180-elite-plus-royal-blue-international__39989.1708426278.386.513.jpg?c=1"], "Url": "https://directtextilestore.com/Sheets-in-Bulk-by-Royal-Blue-International-T-180-Elite-Plus"}
{"SKU": "RBTT180-42x34", "Type": "", "Size": "42 X 34", "Color": "", "Options": {"Main Option": "Pillow Case", "Description": "Standard Pillowcase", "Size": "42 X 34", "CHOOSE PACK SIZE": "Sample (1) Piece"}, "Price Per Each": "1.15", "Full Price": "1.1500", "Stock Status": "In Stock", "Brand": "Royal Blue International", "Category": "Bed Sheets", "Sub Category": "Protective Bedding", "Material": "Cotton Blend", "Title": "Sheets in Bulk by Royal Blue International, T-180 Elite Plus", "Description": "Sheets in Bulk by Royal Blue International were created for customers who needed a higher quality 180 thread count.  These wholesale bedsheets are T-180 linens that are made up of the finest ...", "Images": ["https://cdn11.bigcommerce.com/s-zd141b7qtp/products/47383/images/157647/sheets-in-bulk-by-royal-blue-international-t-180-elite-plus-royal-blue-international__39989.1708426278.386.513.jpg?c=1"], "Url": "https://directtextilestore.com/Sheets-in-Bulk-by-Royal-Blue-International-T-180-Elite-Plus"}
{"SKU": "RBTT180-42x34_12", "Type": "", "Size": "42 X 34", "Color": "", "Options": {"Main Option": "Pillow Case", "Description": "Standard Pillowcase", "Size": "42 X 34", "CHOOSE PACK SIZE": "Pack of (12) Pieces"}, "Price Per Each": "1.38", "Full Price": "16.5800", "Stock Status": "In Stock", "Brand": "Royal Blue International", "Category": "Bed Sheets", "Sub Category": "Protective Bedding", "Material": "Cotton Blend", "Title": "Sheets in Bulk by Royal Blue International, T-180 Elite Plus", "Description": "Sheets in Bulk by Royal Blue International were created for customers who needed a higher quality 180 thread count.  These wholesale bedsheets are T-180 linens that are made up of the finest ...", "Images": ["https://cdn11.bigcommerce.com/s-zd141b7qtp/products/47383/images/157647/sheets-in-bulk-by-royal-blue-international-t-180-elite-plus-royal-blue-international__39989.1708426278.386.513.jpg?c=1"], "Url": "https://directtextilestore.com/Sheets-in-Bulk-by-Royal-Blue-International-T-180-Elite-Plus"}
{"SKU": "RBTT180-42x34_120", "Type": "", "Size": "42 X 34", "Color": "", "Options": {"Main Option": "Pillow Case", "Description": "Standard Pillowcase", "Size": "42 X 34", "CHOOSE PACK SIZE": "Case of (120) Pieces"}, "Price Per Each": "1.15", "Full Price": "138.1900", "Stock Status": "In Stock", "Brand": "Royal Blue International", "Category": "Bed Sheets", "Sub Category": "Protective Bedding", "Material": "Cotton Blend", "Title": "Sheets in Bulk by Royal Blue International, T-180 Elite Plus", "Description": "Sheets in Bulk by Royal Blue International were created for customers who needed a higher quality 180 thread count.  These wholesale bedsheets are T-180 linens that are made up of the finest ...", "Images": ["https://cdn11.bigcommerce.com/s-zd141b7qtp/products/47383/images/157647/sheets-in-bulk-by-royal-blue-international-t-180-elite-plus-royal-blue-international__39989.1708426278.386.513.jpg?c=1"], "Url": "https://directtextilestore.com/Sheets-in-Bulk-by-Royal-Blue-International-T-180-Elite-Plus"}
{"SKU": "RBTT180-66x104", "Type": "", "Size": "66 X 104", "Color": "", "Options": {"Main Option": "Flat Sheets", "Description": "Twin Flat Sheet", "Size": "66 X 104", "CHOOSE PACK SIZE": "Sample (1) Piece"}, "Price Per Each": "5.26", "Full Price": "5.2600", "Stock Status": "In Stock", "Brand": "Royal Blue International", "Category": "Bed Sheets", "Sub Category": "Protective Bedding", "Material": "Cotton Blend", "Title": "Sheets in Bulk by Royal Blue International, T-180 Elite Plus", "Description": "Sheets in Bulk by Royal Blue International were created for customers who needed a higher quality 180 thread count.  These wholesale bedsheets are T-180 linens that are made up of the finest ...", "Images": ["https://cdn11.bigcommerce.com/s-zd141b7qtp/products/47383/images/157647/sheets-in-bulk-by-royal-blue-international-t-180-elite-plus-royal-blue-international__39989.1708426278.386.513.jpg?c=1"], "Url": "https://directtextilestore.com/Sheets-in-Bulk-by-Royal-Blue-International-T-180-Elite-Plus"}
{"SKU": "RBTT180-66x104_12", "Type": "", "Size": "66 X 104", "Color": "", "Options": {"Main Option": "Flat Sheets", "Description": "Twin Flat Sheet", "Size": "66 X 104", "CHOOSE PACK SIZE": "Pack of (12) Pieces"}, "Price Per Each": "6.31", "Full Price": "75.7500", "Stock Status": "In Stock", "Brand": "Royal Blue International", "Category": "Bed Sheets", "Sub Category": "Protective Bedding", "Material": "Cotton Blend", "Title": "Sheets in Bulk by Royal Blue International, T-180 Elite Plus", "Description": "Sheets in Bulk by Royal Blue International were created for customers who needed a higher quality 180 thread count.  These wholesale bedsheets are T-180 linens that are made up of the finest ...", "Images": ["https://cdn11.bigcommerce.com/s-zd141b7qtp/products/47383/images/157647/sheets-in-bulk-by-royal-blue-international-t-180-elite-plus-royal-blue-international__39989.1708426278.386.513.jpg?c=1"], "Url": "https://directtextilestore.com/Sheets-in-Bulk-by-Royal-Blue-International-T-180-Elite-Plus"}
{"SKU": "RBTT180-66x104_60", "Type": "", "Size": "66 X 104", "Color": "", "Options": {"Main Option": "Flat Sheets", "Description": "Twin Flat Sheet", "Size": "66 X 104", "CHOOSE PACK SIZE": "Case of (60) Pieces"}, "Price Per Each": "5.26", "Full Price": "315.6300", "Stock Status": "In Stock", "Brand": "Royal Blue International", "Category": "Bed Sheets", "Sub Category": "Protective Bedding", "Material": "Cotton Blend", "Title": "Sheets in Bulk by Royal Blue International, T-180 Elite Plus", "Description": "Sheets in Bulk by Royal Blue International were created for customers who needed a higher quality 180 thread count.  These wholesale bedsheets are T-180 linens that are made up of the finest ...", "Images": ["https://cdn11.bigcommerce.com/s-zd141b7qtp/products/47383/images/157647/sheets-in-bulk-by-royal-blue-international-t-180-elite-plus-royal-blue-international__39989.1708426278.386.513.jpg?c=1"], "Url": "https://directtextilestore.com/Sheets-in-Bulk-by-Royal-Blue-International-T-180-Elite-Plus"}
{"SKU": "RBTT180-66x115", "Type": "", "Size": "66 X 115", "Color": "", "Options": {"Main Option": "Flat Sheets", "Description": "Twin Xl Flat Sheet", "Size": "66 X 115", "CHOOSE PACK SIZE": "Sample (1) Piece"}, "Price Per Each": "5.92", "Full Price": "5.9200", "Stock Status": "In Stock", "Brand": "Royal Blue International", "Category": "Bed Sheets", "Sub Category": "Protective Bedding", "Material": "Cotton Blend", "Title": "Sheets in Bulk by Royal Blue International, T-180 Elite Plus", "Description": "Sheets in Bulk by Royal Blue International were created for customers who needed a higher quality 180 thread count.  These wholesale bedsheets are T-180 linens that are made up of the finest ...", "Images": ["https://cdn11.bigcommerce.com/s-zd141b7qtp/products/47383/images/157647/sheets-in-bulk-by-royal-blue-international-t-180-elite-plus-royal-blue-international__39989.1708426278.386.513.jpg?c=1"], "Url": "https://directtextilestore.com/Sheets-in-Bulk-by-Royal-Blue-International-T-180-Elite-Plus"}
{"SKU": "RBTT180-66x115_12", "Type": "", "Size": "66 X 115", "Color": "", "Options": {"Main Option": "Flat Sheets", "Description": "Twin Xl Flat Sheet", "Size": "66 X 115", "CHOOSE PACK SIZE": "Pack of (12) Pieces"}, "Price Per Each": "7.11", "Full Price": "85.3000", "Stock Status": "In Stock", "Brand": "Royal Blue International", "Category": "Bed Sheets", "Sub Category": "Protective Bedding", "Material": "Cotton Blend", "Title": "Sheets in Bulk by Royal Blue International, T-180 Elite Plus", "Description": "Sheets in Bulk by Royal Blue International were created for customers who needed a higher quality 180 thread count.  These wholesale bedsheets are T-180 linens that are made up of the finest ...", "Images": ["https://cdn11.bigcommerce.com/s-zd141b7qtp/products/47383/images/157647/sheets-in-bulk-by-royal-blue-international-t-180-elite-plus-royal-blue-international__39989.1708426278.386.513.jpg?c=1"], "Url": "https://directtextilestore.com/Sheets-in-Bulk-by-Royal-Blue-International-T-180-Elite-Plus"}
{"SKU": "RBTT180-66x115_60", "Type": "", "Size": "66 X 115", "Color": "", "Options": {"Main Option": "Flat Sheets", "Description": "Twin Xl Flat Sheet", "Size": "66 X 115", "CHOOSE PACK SIZE": "Case of (60) Pieces"}, "Price Per Each": "5.92", "Full Price": "355.4200", "Stock Status": "In Stock", "Brand": "Royal Blue International", "Category": "Bed Sheets", "Sub Category": "Protective Bedding", "Material": "Cotton Blend", "Title": "Sheets in Bulk by Royal Blue International, T-180 Elite Plus", "Description": "Sheets in Bulk by Royal Blue International were created for customers who needed a higher quality 180 thread count.  These wholesale bedsheets are T-180 linens that are made up of the finest ...", "Images": ["https://cdn11.bigcommerce.com/s-zd141b7qtp/products/47383/images/157647/sheets-in-bulk-by-royal-blue-international-t-180-elite-plus-royal-blue-international__39989.1708426278.386.513.jpg?c=1"], "Url": "https://directtextilestore.com/Sheets-in-Bulk-by-Royal-Blue-International-T-180-Elite-Plus"}
{"SKU": "SSWC12x12-1", "Type": "", "Size": "12 X 12", "Color": "", "Options": {"Main Option": "Washcloth", "Description": "White Washcloth", "Weight/Dozen": "1 Lbs", "Size": "12 X 12", "CHOOSE PACK SIZE": "Sample (1) Piece"}, "Price Per Each": "0.28", "Full Price": "0.2800", "Stock Status": "In Stock", "Brand": "Royal Blue International", "Category": "Towels", "Sub Category": "Hospital/Healthcare Towels", "Material": "Cotton Blend", "Title": "Soft Spun Cotton Polyester Blend Wholesale Towels", "Description": "These soft spun towels in bulk by Royal Blue International are made from a cotton/polyester blend for softness and comfort. The cotton polyester blend bath towels feature 10 soft open end yarns ...", "Images": ["https://cdn11.bigcommerce.com/s-zd141b7qtp/products/47380/images/157435/soft-spun-cotton-polyester-blend-wholesale-towels-royal-blue-international__31958.1708425892.386.513.jpg?c=1"], "Url": "https://directtextilestore.com/Soft-Spun-Cotton-Polyester-Blend-Bath-Towels"}
{"SKU": "SSWC12x12-1_300", "Type": "", "Size": "12 X 12", "Color": "", "Options": {"Main Option": "Washcloth", "Description": "White Washcloth", "Weight/Dozen": "1 Lbs", "Size": "12 X 12", "CHOOSE PACK SIZE": "Case of (300) Pieces"}, "Price Per Each": "0.28", "Full Price": "84.0300", "Stock Status": "In Stock", "Brand": "Royal Blue International", "Category": "Towels", "Sub Category": "Hospital/Healthcare Towels", "Material": "Cotton Blend", "Title": "Soft Spun Cotton Polyester Blend Wholesale Towels", "Description": "These soft spun towels in bulk by Royal Blue International are made from a cotton/polyester blend for softness and comfort. The cotton polyester blend bath towels feature 10 soft open end yarns ...", "Images": ["https://cdn11.bigcommerce.com/s-zd141b7qtp/products/47380/images/157435/soft-spun-cotton-polyester-blend-wholesale-towels-royal-blue-international__31958.1708425892.386.513.jpg?c=1"], "Url": "https://directtextilestore.com/Soft-Spun-Cotton-Polyester-Blend-Bath-Towels"}
{"SKU": "SSBT20x40-5.5", "Type": "", "Size": "20 X 40", "Color": "", "Options": {"Main Option": "Bath Towel", "Description": "White Bath Towel", "Weight/Dozen": "5.5 Lbs", "Size": "20 X 40", "CHOOSE PACK SIZE": "Sample (1) Piece"}, "Price Per Each": "1.55", "Full Price": "1.5500", "Stock Status": "In Stock", "Brand": "Royal Blue International", "Category": "Towels", "Sub Category": "Hospital/Healthcare Towels", "Material": "Cotton Blend", "Title": "Soft Spun Cotton Polyester Blend Wholesale Towels", "Description": "These soft spun towels in bulk by Royal Blue International are made from a cotton/polyester blend for softness and comfort. The cotton polyester blend bath towels feature 10 soft open end yarns ...", "Images": ["https://cdn11.bigcommerce.com/s-zd141b7qtp/products/47380/images/157435/soft-spun-cotton-polyester-blend-wholesale-towels-royal-blue-international__31958.1708425892.386.513.jpg?c=1"], "Url": "https://directtextilestore.com/Soft-Spun-Cotton-Polyester-Blend-Bath-Towels"}
{"SKU": "SSBT20x40-5.5_12", "Type": "", "Size": "20 X 40", "Color": "", "Options": {"Main Option": "Bath Towel", "Description": "White Bath Towel", "Weight/Dozen": "5.5 Lbs", "Size": "20 X 40", "CHOOSE PACK SIZE": "Pack of (12) Pieces"}, "Price Per Each": "1.86", "Full Price": "22.2700", "Stock Status": "In Stock", "Brand": "Royal Blue International", "Category": "Towels", "Sub Category": "Hospital/Healthcare Towels", "Material": "Cotton Blend", "Title": "Soft Spun Cotton Polyester Blend Wholesale Towels", "Description": "These soft spun towels in bulk by Royal Blue International are made from a cotton/polyester blend for softness and comfort. The cotton polyester blend bath towels feature 10 soft open end yarns ...", "Images": ["https://cdn11.bigcommerce.com/s-zd141b7qtp/products/47380/images/157435/soft-spun-cotton-polyester-blend-wholesale-towels-royal-blue-international__31958.1708425892.386.513.jpg?c=1"], "Url": "https://directtextilestore.com/Soft-Spun-Cotton-Polyester-Blend-Bath-Towels"}
{"SKU": "SSBT20x40-5.5_300", "Type": "", "Size": "20 X 40", "Color": "", "Options": {"Main Option": "Bath Towel", "Description": "White Bath Towel", "Weight/Dozen": "5.5 Lbs", "Size": "20 X 40", "CHOOSE PACK SIZE": "Case of (300) Pieces"}, "Price Per Each": "1.55", "Full Price": "463.8900", "Stock Status": "In Stock", "Brand": "Royal Blue International", "Category": "Towels", "Sub Category": "Hospital/Healthcare Towels", "Material": "Cotton Blend", "Title": "Soft Spun Cotton Polyester Blend Wholesale Towels", "Description": "These soft spun towels in bulk by Royal Blue International are made from a cotton/polyester blend for softness and comfort. The cotton polyester blend bath towels feature 10 soft open end yarns ...", "Images": ["https://cdn11.bigcommerce.com/s-zd141b7qtp/products/47380/images/157435/soft-spun-cotton-polyester-blend-wholesale-towels-royal-blue-international__31958.1708425892.386.513.jpg?c=1"], "Url": "https://directtextilestore.com/Soft-Spun-Cotton-Polyester-Blend-Bath-Towels"}
{"SKU": "SSBT22x44-6", "Type": "", "Size": "22 X 44", "Color": "", "Options": {"Main Option": "Bath Towel", "Description": "White Bath Towel", "Weight/Dozen": "6 Lbs", "Size": "22 X 44", "CHOOSE PACK SIZE": "Sample (1) Piece"}, "Price Per Each": "1.68", "Full Price": "1.6800", "Stock Status": "In Stock", "Brand": "Royal Blue International", "Category": "Towels", "Sub Category": "Hospital/Healthcare Towels", "Material": "Cotton Blend", "Title": "Soft Spun Cotton Polyester Blend Wholesale Towels", "Description": "These soft spun towels in bulk by Royal Blue International are made from a cotton/polyester blend for softness and comfort. The cotton polyester blend bath towels feature 10 soft open end yarns ...", "Images": ["https://cdn11.bigcommerce.com/s-zd141b7qtp/products/47380/images/157435/soft-spun-cotton-polyester-blend-wholesale-towels-royal-blue-international__31958.1708425892.386.513.jpg?c=1"], "Url": "https://directtextilestore.com/Soft-Spun-Cotton-Polyester-Blend-Bath-Towels"}
{"SKU": "SSBT22x44-6_12", "Type": "", "Size": "22 X 44", "Color": "", "Options": {"Main Option": "Bath Towel", "Description": "White Bath Towel", "Weight/Dozen": "6 Lbs", "Size": "22 X 44", "CHOOSE PACK SIZE": "Pack of (12) Pieces"}, "Price Per Each": "2.01", "Full Price": "24.1500", "Stock Status": "In Stock", "Brand": "Royal Blue International", "Category": "Towels", "Sub Category": "Hospital/Healthcare Towels", "Material": "Cotton Blend", "Title": "Soft Spun Cotton Polyester Blend Wholesale Towels", "Description": "These soft spun towels in bulk by Royal Blue International are made from a cotton/polyester blend for softness and comfort. The cotton polyester blend bath towels feature 10 soft open end yarns ...", "Images": ["https://cdn11.bigcommerce.com/s-zd141b7qtp/products/47380/images/157435/soft-spun-cotton-polyester-blend-wholesale-towels-royal-blue-international__31958.1708425892.386.513.jpg?c=1"], "Url": "https://directtextilestore.com/Soft-Spun-Cotton-Polyester-Blend-Bath-Towels"}
{"SKU": "SSBT22x44-6_300", "Type": "", "Size": "22 X 44", "Color": "", "Options": {"Main Option": "Bath Towel", "Description": "White Bath Towel", "Weight/Dozen": "6 Lbs", "Size": "22 X 44", "CHOOSE PACK SIZE": "Case of (300) Pieces"}, "Price Per Each": "1.68", "Full Price": "503.1300", "Stock Status": "In Stock", "Brand": "Royal Blue International", "Category": "Towels", "Sub Category": "Hospital/Healthcare Towels", "Material": "Cotton Blend", "Title": "Soft Spun Cotton Polyester Blend Wholesale Towels", "Description": "These soft spun towels in bulk by Royal Blue International are made from a cotton/polyester blend for softness and comfort. The cotton polyester blend bath towels feature 10 soft open end yarns ...", "Images": ["https://cdn11.bigcommerce.com/s-zd141b7qtp/products/47380/images/157435/soft-spun-cotton-polyester-blend-wholesale-towels-royal-blue-international__31958.1708425892.386.513.jpg?c=1"], "Url": "https://directtextilestore.com/Soft-Spun-Cotton-Polyester-Blend-Bath-Towels"}
{"SKU": "SSBT24x48-8", "Type": "", "Size": "24 X 48", "Color": "", "Options": {"Main Option": "Bath Towel", "Description": "White Bath Towel", "Weight/Dozen": "8 Lbs", "Size": "24 X 48", "CHOOSE PACK SIZE": "Sample (1) Piece"}, "Price Per Each": "2.24", "Full Price": "2.2400", "Stock Status": "In Stock", "Brand": "Royal Blue International", "Category": "Towels", "Sub Category": "Hospital/Healthcare Towels", "Material": "Cotton Blend", "Title": "Soft Spun Cotton Polyester Blend Wholesale Towels", "Description": "These soft spun towels in bulk by Royal Blue International are made from a cotton/polyester blend for softness and comfort. The cotton polyester blend bath towels feature 10 soft open end yarns ...", "Images": ["https://cdn11.bigcommerce.com/s-zd141b7qtp/products/47380/images/157435/soft-spun-cotton-polyester-blend-wholesale-towels-royal-blue-international__31958.1708425892.386.513.jpg?c=1"], "Url": "https://directtextilestore.com/Soft-Spun-Cotton-Polyester-Blend-Bath-Towels"}
{"SKU": "SSBT24x48-8_12", "Type": "", "Size": "24 X 48", "Color": "", "Options": {"Main Option": "Bath Towel", "Description": "White Bath Towel", "Weight/Dozen": "8 Lbs", "Size": "24 X 48", "CHOOSE PACK SIZE": "Pack of (12) Pieces"}, "Price Per Each": "2.68", "Full Price": "32.2000", "Stock Status": "In Stock", "Brand": "Royal Blue International", "Category": "Towels", "Sub Category": "Hospital/Healthcare Towels", "Material": "Cotton Blend", "Title": "Soft Spun Cotton Polyester Blend Wholesale Towels", "Description": "These soft spun towels in bulk by Royal Blue International are made from a cotton/polyester blend for softness and comfort. The cotton polyester blend bath towels feature 10 soft open end yarns ...", "Images": ["https://cdn11.bigcommerce.com/s-zd141b7qtp/products/47380/images/157435/soft-spun-cotton-polyester-blend-wholesale-towels-royal-blue-international__31958.1708425892.386.513.jpg?c=1"], "Url": "https://directtextilestore.com/Soft-Spun-Cotton-Polyester-Blend-Bath-Towels"}
{"SKU": "SSBT24x48-8_120", "Type": "", "Size": "24 X 48", "Color": "", "Options": {"Main Option": "Bath Towel", "Description": "White Bath Towel", "Weight/Dozen": "8 Lbs", "Size": "24 X 48", "CHOOSE PACK SIZE": "Case of (120) Pieces"}, "Price Per Each": "2.24", "Full Price": "268.3300", "Stock Status": "In Stock", "Brand": "Royal Blue International", "Category": "Towels", "Sub Category": "Hospital/Healthcare Towels", "Material": "Cotton Blend", "Title": "Soft Spun Cotton Polyester Blend Wholesale Towels", "Description": "These soft spun towels in bulk by Royal Blue International are made from a cotton/polyester blend for softness and comfort. The cotton polyester blend bath towels feature 10 soft open end yarns ...", "Images": ["https://cdn11.bigcommerce.com/s-zd141b7qtp/products/47380/images/157435/soft-spun-cotton-polyester-blend-wholesale-towels-royal-blue-international__31958.1708425892.386.513.jpg?c=1"], "Url": "https://directtextilestore.com/Soft-Spun-Cotton-Polyester-Blend-Bath-Towels"}
{"SKU": "SNGFR66x90-2.5", "Type": "", "Size": "66 X 90", "Color": "White", "Options": {"Main Option": "Blanket", "Color": "White", "Size": "66 X 90", "CHOOSE PACK SIZE": "Sample (1) Piece"}, "Price Per Each": "8.03", "Full Price": "8.0300", "Stock Status": "In Stock", "Brand": "Royal Blue International", "Category": "Blankets", "Sub Category": "Bedding", "Material": "100% Cotton", "Title": "Wholesale Thermal Blankets, 66 X 90", "Description": "The Wholesale Thermal Blankets are 66 X 90 inches in size and made up of 100% Long-Staple Cotton that have a soft and cozy feel. These cotton thermal blankets are great for healthcare or ...", "Images": ["https://cdn11.bigcommerce.com/s-zd141b7qtp/products/47384/images/157418/wholesale-thermal-blankets-66-x-90-royal-blue-international__72905.1708425876.386.513.jpg?c=1"], "Url": "https://directtextilestore.com/Wholesale-Thermal-Blankets-66-X-90"}
{"SKU": "SNGFR66x90-2.5_12", "Type": "", "Size": "66 X 90", "Color": "White", "Options": {"Main Option": "Blanket", "Color": "White", "Size": "66 X 90", "CHOOSE PACK SIZE": "Pack of (12) Pieces"}, "Price Per Each": "9.63", "Full Price": "115.6000", "Stock Status": "In Stock", "Brand": "Royal Blue International", "Category": "Blankets", "Sub Category": "Bedding", "Material": "100% Cotton", "Title": "Wholesale Thermal Blankets, 66 X 90", "Description": "The Wholesale Thermal Blankets are 66 X 90 inches in size and made up of 100% Long-Staple Cotton that have a soft and cozy feel. These cotton thermal blankets are great for healthcare or ...", "Images": ["https://cdn11.bigcommerce.com/s-zd141b7qtp/products/47384/images/157418/wholesale-thermal-blankets-66-x-90-royal-blue-international__72905.1708425876.386.513.jpg?c=1"], "Url": "https://directtextilestore.com/Wholesale-Thermal-Blankets-66-X-90"}
{"SKU": "SNGFR66x90-2.5_48", "Type": "", "Size": "66 X 90", "Color": "White", "Options": {"Main Option": "Blanket", "Color": "White", "Size": "66 X 90", "CHOOSE PACK SIZE": "Case of (48) Pieces"}, "Price Per Each": "8.03", "Full Price": "385.3300", "Stock Status": "In Stock", "Brand": "Royal Blue International", "Category": "Blankets", "Sub Category": "Bedding", "Material": "100% Cotton", "Title": "Wholesale Thermal Blankets, 66 X 90", "Description": "The Wholesale Thermal Blankets are 66 X 90 inches in size and made up of 100% Long-Staple Cotton that have a soft and cozy feel. These cotton thermal blankets are great for healthcare or ...", "Images": ["https://cdn11.bigcommerce.com/s-zd141b7qtp/products/47384/images/157418/wholesale-thermal-blankets-66-x-90-royal-blue-international__72905.1708425876.386.513.jpg?c=1"], "Url": "https://directtextilestore.com/Wholesale-Thermal-Blankets-66-X-90"}
