{"SKU": "1WGF27", "Type": "", "Size": "Standard - 20 x 26", "Color": "", "Options": {"Main Option": "T-233 Feather Pillows", "Size": "Standard - 20 x 26", "Fill Weight (Oz)": "38 Oz", "CHOOSE PACK SIZE": "Sample (1) Piece"}, "Price Per Each": "11.12", "Full Price": "11.1200", "Stock Status": "In Stock", "Brand": "Still Water Pillows", "Category": "Pillows", "Sub Category": "Hotel Brand Pillows", "Material": "100% Cotton", "Title": "Bulk T-233 Feather Pillows", "Description": "Bulk T-233 Feather Pillows, discover the perfect balance of softness and support with these down feather pillows. Each pillow features a 100% 233-thread-count cotton cover, ensuring a smooth and ...", "Images": ["https://cdn11.bigcommerce.com/s-zd141b7qtp/products/48026/images/152748/bulk-t-233-feather-pillows-still-waters-pillows__08048.1706025262.386.513.jpg?c=1", "https://cdn11.bigcommerce.com/s-zd141b7qtp/products/48026/images/148147/bulk-t-233-feather-pillows-still-waters-pillows__40710.1706018901.386.513.jpg?c=1"], "Url": "https://directtextilestore.com/bulk-t-233-feather-pillows/"}
{"SKU": "1WGF27_12", "Type": "", "Size": "Standard - 20 x 26", "Color": "", "Options": {"Main Option": "T-233 Feather Pillows", "Size": "Standard - 20 x 26", "Fill Weight (Oz)": "38 Oz", "CHOOSE PACK SIZE": "Case of (12) Pieces"}, "Price Per Each": "11.12", "Full Price": "133.4300", "Stock Status": "In Stock", "Brand": "Still Water Pillows", "Category": "Pillows", "Sub Category": "Hotel Brand Pillows", "Material": "100% Cotton", "Title": "Bulk T-233 Feather Pillows", "Description": "Bulk T-233 Feather Pillows, discover the perfect balance of softness and support with these down feather pillows. Each pillow features a 100% 233-thread-count cotton cover, ensuring a smooth and ...", "Images": ["https://cdn11.bigcommerce.com/s-zd141b7qtp/products/48026/images/152748/bulk-t-233-feather-pillows-still-waters-pillows__08048.1706025262.386.513.jpg?c=1", "https://cdn11.bigcommerce.com/s-zd141b7qtp/products/48026/images/148147/bulk-t-233-feather-pillows-still-waters-pillows__40710.1706018901.386.513.jpg?c=1"], "Url": "https://directtextilestore.com/bulk-t-233-feather-pillows/"}
{"SKU": "1WGF31", "Type": "", "Size": "Queen - 20 x 30", "Color": "", "Options": {"Main Option": "T-233 Feather Pillows", "Size": "Queen - 20 x 30", "Fill Weight (Oz)": "42 Oz", "CHOOSE PACK SIZE": "Sample (1) Piece"}, "Price Per Each": "11.79", "Full Price": "11.7900", "Stock Status": "In Stock", "Brand": "Still Water Pillows", "Category": "Pillows", "Sub Category": "Hotel Brand Pillows", "Material": "100% Cotton", "Title": "Bulk T-233 Feather Pillows", "Description": "Bulk T-233 Feather Pillows, discover the perfect balance of softness and support with these down feather pillows. Each pillow features a 100% 233-thread-count cotton cover, ensuring a smooth and ...", "Images": ["https://cdn11.bigcommerce.com/s-zd141b7qtp/products/48026/images/152748/bulk-t-233-feather-pillows-still-waters-pillows__08048.1706025262.386.513.jpg?c=1", "https://cdn11.bigcommerce.com/s-zd141b7qtp/products/48026/images/148147/bulk-t-233-feather-pillows-still-waters-pillows__40710.1706018901.386.513.jpg?c=1"], "Url": "https://directtextilestore.com/bulk-t-233-feather-pillows/"}
{"SKU": "1WGF31_10", "Type": "", "Size": "Queen - 20 x 30", "Color": "", "Options": {"Main Option": "T-233 Feather Pillows", "Size": "Queen - 20 x 30", "Fill Weight (Oz)": "42 Oz", "CHOOSE PACK SIZE": "Case of (10) Pieces"}, "Price Per Each": "11.79", "Full Price": "117.9100", "Stock Status": "In Stock", "Brand": "Still Water Pillows", "Category": "Pillows", "Sub Category": "Hotel Brand Pillows", "Material": "100% Cotton", "Title": "Bulk T-233 Feather Pillows", "Description": "Bulk T-233 Feather Pillows, discover the perfect balance of softness and support with these down feather pillows. Each pillow features a 100% 233-thread-count cotton cover, ensuring a smooth and ...", "Images": ["https://cdn11.bigcommerce.com/s-zd141b7qtp/products/48026/images/152748/bulk-t-233-feather-pillows-still-waters-pillows__08048.1706025262.386.513.jpg?c=1", "https://cdn11.bigcommerce.com/s-zd141b7qtp/products/48026/images/148147/bulk-t-233-feather-pillows-still-waters-pillows__40710.1706018901.386.513.jpg?c=1"], "Url": "https://directtextilestore.com/bulk-t-233-feather-pillows/"}
{"SKU": "1WGF37", "Type": "", "Size": "King - 20 x 36", "Color": "", "Options": {"Main Option": "T-233 Feather Pillows", "Size": "King - 20 x 36", "Fill Weight (Oz)": "52 Oz", "CHOOSE PACK SIZE": "Sample (1) Piece"}, "Price Per Each": "13.28", "Full Price": "13.2800", "Stock Status": "In Stock", "Brand": "Still Water Pillows", "Category": "Pillows", "Sub Category": "Hotel Brand Pillows", "Material": "100% Cotton", "Title": "Bulk T-233 Feather Pillows", "Description": "Bulk T-233 Feather Pillows, discover the perfect balance of softness and support with these down feather pillows. Each pillow features a 100% 233-thread-count cotton cover, ensuring a smooth and ...", "Images": ["https://cdn11.bigcommerce.com/s-zd141b7qtp/products/48026/images/152748/bulk-t-233-feather-pillows-still-waters-pillows__08048.1706025262.386.513.jpg?c=1", "https://cdn11.bigcommerce.com/s-zd141b7qtp/products/48026/images/148147/bulk-t-233-feather-pillows-still-waters-pillows__40710.1706018901.386.513.jpg?c=1"], "Url": "https://directtextilestore.com/bulk-t-233-feather-pillows/"}
{"SKU": "1WGF37_8", "Type": "", "Size": "King - 20 x 36", "Color": "", "Options": {"Main Option": "T-233 Feather Pillows", "Size": "King - 20 x 36", "Fill Weight (Oz)": "52 Oz", "CHOOSE PACK SIZE": "Case of (8) Pieces"}, "Price Per Each": "13.28", "Full Price": "106.2700", "Stock Status": "In Stock", "Brand": "Still Water Pillows", "Category": "Pillows", "Sub Category": "Hotel Brand Pillows", "Material": "100% Cotton", "Title": "Bulk T-233 Feather Pillows", "Description": "Bulk T-233 Feather Pillows, discover the perfect balance of softness and support with these down feather pillows. Each pillow features a 100% 233-thread-count cotton cover, ensuring a smooth and ...", "Images": ["https://cdn11.bigcommerce.com/s-zd141b7qtp/products/48026/images/152748/bulk-t-233-feather-pillows-still-waters-pillows__08048.1706025262.386.513.jpg?c=1", "https://cdn11.bigcommerce.com/s-zd141b7qtp/products/48026/images/148147/bulk-t-233-feather-pillows-still-waters-pillows__40710.1706018901.386.513.jpg?c=1"], "Url": "https://directtextilestore.com/bulk-t-233-feather-pillows/"}
{"SKU": "PS-233CG105", "Type": "", "Size": "Standard - 18 x 24 x 2", "Color": "", "Options": {"Main Option": "Down Alt Gusseted Pillows", "Size": "Standard - 18 x 24 x 2", "Fill Weight (Oz)": "35 Oz", "CHOOSE PACK SIZE": "Sample (1) Piece"}, "Price Per Each": "11.79", "Full Price": "11.7900", "Stock Status": "In Stock", "Brand": "Still Water Pillows", "Category": "Pillows", "Sub Category": "Hotel Brand Pillows", "Material": "100% Cotton", "Title": "Down Alternative Gusseted Pillow", "Description": "Down Alternative Gusseted Pillow, elevate your sleep experience with this Luxurious Dream Down Alternative Gusseted Pillow. These luxury hotel pillows feature a 100% 233-thread-count cotton cover ...", "Images": ["https://cdn11.bigcommerce.com/s-zd141b7qtp/products/48025/images/147175/down-alternative-gusseted-pillow-still-waters-pillows__32642.1706017589.386.513.jpg?c=1"], "Url": "https://directtextilestore.com/down-alternative-gusseted-pillow/"}
{"SKU": "PS-233CG105_12", "Type": "", "Size": "Standard - 18 x 24 x 2", "Color": "", "Options": {"Main Option": "Down Alt Gusseted Pillows", "Size": "Standard - 18 x 24 x 2", "Fill Weight (Oz)": "35 Oz", "CHOOSE PACK SIZE": "Case of (12) Pieces"}, "Price Per Each": "11.79", "Full Price": "141.4900", "Stock Status": "In Stock", "Brand": "Still Water Pillows", "Category": "Pillows", "Sub Category": "Hotel Brand Pillows", "Material": "100% Cotton", "Title": "Down Alternative Gusseted Pillow", "Description": "Down Alternative Gusseted Pillow, elevate your sleep experience with this Luxurious Dream Down Alternative Gusseted Pillow. These luxury hotel pillows feature a 100% 233-thread-count cotton cover ...", "Images": ["https://cdn11.bigcommerce.com/s-zd141b7qtp/products/48025/images/147175/down-alternative-gusseted-pillow-still-waters-pillows__32642.1706017589.386.513.jpg?c=1"], "Url": "https://directtextilestore.com/down-alternative-gusseted-pillow/"}
{"SKU": "PQ-233CG100", "Type": "", "Size": "Queen - 18 x 28 x 2", "Color": "", "Options": {"Main Option": "Down Alt Gusseted Pillows", "Size": "Queen - 18 x 28 x 2", "Fill Weight (Oz)": "40 Oz", "CHOOSE PACK SIZE": "Sample (1) Piece"}, "Price Per Each": "14.18", "Full Price": "14.1800", "Stock Status": "In Stock", "Brand": "Still Water Pillows", "Category": "Pillows", "Sub Category": "Hotel Brand Pillows", "Material": "100% Cotton", "Title": "Down Alternative Gusseted Pillow", "Description": "Down Alternative Gusseted Pillow, elevate your sleep experience with this Luxurious Dream Down Alternative Gusseted Pillow. These luxury hotel pillows feature a 100% 233-thread-count cotton cover ...", "Images": ["https://cdn11.bigcommerce.com/s-zd141b7qtp/products/48025/images/147175/down-alternative-gusseted-pillow-still-waters-pillows__32642.1706017589.386.513.jpg?c=1"], "Url": "https://directtextilestore.com/down-alternative-gusseted-pillow/"}
{"SKU": "PQ-233CG100_10", "Type": "", "Size": "Queen - 18 x 28 x 2", "Color": "", "Options": {"Main Option": "Down Alt Gusseted Pillows", "Size": "Queen - 18 x 28 x 2", "Fill Weight (Oz)": "40 Oz", "CHOOSE PACK SIZE": "Case of (10) Pieces"}, "Price Per Each": "14.18", "Full Price": "141.7900", "Stock Status": "In Stock", "Brand": "Still Water Pillows", "Category": "Pillows", "Sub Category": "Hotel Brand Pillows", "Material": "100% Cotton", "Title": "Down Alternative Gusseted Pillow", "Description": "Down Alternative Gusseted Pillow, elevate your sleep experience with this Luxurious Dream Down Alternative Gusseted Pillow. These luxury hotel pillows feature a 100% 233-thread-count cotton cover ...", "Images": ["https://cdn11.bigcommerce.com/s-zd141b7qtp/products/48025/images/147175/down-alternative-gusseted-pillow-still-waters-pillows__32642.1706017589.386.513.jpg?c=1"], "Url": "https://directtextilestore.com/down-alternative-gusseted-pillow/"}
{"SKU": "PK-233CG100", "Type": "", "Size": "King - 18 x 34 x 2", "Color": "", "Options": {"Main Option": "Down Alt Gusseted Pillows", "Size": "King - 18 x 34 x 2", "Fill Weight (Oz)": "50 Oz", "CHOOSE PACK SIZE": "Sample (1) Piece"}, "Price Per Each": "16.34", "Full Price": "16.3400", "Stock Status": "In Stock", "Brand": "Still Water Pillows", "Category": "Pillows", "Sub Category": "Hotel Brand Pillows", "Material": "100% Cotton", "Title": "Down Alternative Gusseted Pillow", "Description": "Down Alternative Gusseted Pillow, elevate your sleep experience with this Luxurious Dream Down Alternative Gusseted Pillow. These luxury hotel pillows feature a 100% 233-thread-count cotton cover ...", "Images": ["https://cdn11.bigcommerce.com/s-zd141b7qtp/products/48025/images/147175/down-alternative-gusseted-pillow-still-waters-pillows__32642.1706017589.386.513.jpg?c=1"], "Url": "https://directtextilestore.com/down-alternative-gusseted-pillow/"}
{"SKU": "PK-233CG100_8", "Type": "", "Size": "King - 18 x 34 x 2", "Color": "", "Options": {"Main Option": "Down Alt Gusseted Pillows", "Size": "King - 18 x 34 x 2", "Fill Weight (Oz)": "50 Oz", "CHOOSE PACK SIZE": "Case of (8) Pieces"}, "Price Per Each": "16.34", "Full Price": "130.7500", "Stock Status": "In Stock", "Brand": "Still Water Pillows", "Category": "Pillows", "Sub Category": "Hotel Brand Pillows", "Material": "100% Cotton", "Title": "Down Alternative Gusseted Pillow", "Description": "Down Alternative Gusseted Pillow, elevate your sleep experience with this Luxurious Dream Down Alternative Gusseted Pillow. These luxury hotel pillows feature a 100% 233-thread-count cotton cover ...", "Images": ["https://cdn11.bigcommerce.com/s-zd141b7qtp/products/48025/images/147175/down-alternative-gusseted-pillow-still-waters-pillows__32642.1706017589.386.513.jpg?c=1"], "Url": "https://directtextilestore.com/down-alternative-gusseted-pillow/"}
{"SKU": "PS-VTWP101", "Type": "", "Size": "18 x 24", "Color": "White", "Options": {"Main Option": "Micro-Perforated Premium Staph Check Pillows", "Color": "White", "Fill Weight": "16 Oz", "Size": "18 x 24", "CHOOSE PACK SIZE": "Sample (1) Piece"}, "Price Per Each": "5.75", "Full Price": "5.7500", "Stock Status": "In Stock", "Brand": "Still Water Pillows", "Category": "Pillows", "Sub Category": "Hospital Pillows", "Material": "", "Title": "Micro-Perforated Premium Staph Check Pillows", "Description": "Micro-Perforated Premium Staph Check Pillows are designed to provide you with the utmost comfort and peace of mind. These vinyl wholesale pillows are not only durable but also breathable, making ...", "Images": ["https://cdn11.bigcommerce.com/s-zd141b7qtp/products/48020/images/151735/micro-perforated-premium-staph-check-pillows-still-waters-pillows__25333.1706023908.386.513.jpg?c=1"], "Url": "https://directtextilestore.com/micro-perforated-premium-staph-check-pillows/"}
{"SKU": "PS-VTWP101_12", "Type": "", "Size": "18 x 24", "Color": "White", "Options": {"Main Option": "Micro-Perforated Premium Staph Check Pillows", "Color": "White", "Fill Weight": "16 Oz", "Size": "18 x 24", "CHOOSE PACK SIZE": "Case of (12) Pieces"}, "Price Per Each": "5.75", "Full Price": "68.9600", "Stock Status": "In Stock", "Brand": "Still Water Pillows", "Category": "Pillows", "Sub Category": "Hospital Pillows", "Material": "", "Title": "Micro-Perforated Premium Staph Check Pillows", "Description": "Micro-Perforated Premium Staph Check Pillows are designed to provide you with the utmost comfort and peace of mind. These vinyl wholesale pillows are not only durable but also breathable, making ...", "Images": ["https://cdn11.bigcommerce.com/s-zd141b7qtp/products/48020/images/151735/micro-perforated-premium-staph-check-pillows-still-waters-pillows__25333.1706023908.386.513.jpg?c=1"], "Url": "https://directtextilestore.com/micro-perforated-premium-staph-check-pillows/"}
{"SKU": "PS-VTWP108", "Type": "", "Size": "20 X 26", "Color": "White", "Options": {"Main Option": "Micro-Perforated Premium Staph Check Pillows", "Color": "White", "Fill Weight": "18 Oz", "Size": "20 X 26", "CHOOSE PACK SIZE": "Sample (1) Piece"}, "Price Per Each": "6.12", "Full Price": "6.1200", "Stock Status": "In Stock", "Brand": "Still Water Pillows", "Category": "Pillows", "Sub Category": "Hospital Pillows", "Material": "", "Title": "Micro-Perforated Premium Staph Check Pillows", "Description": "Micro-Perforated Premium Staph Check Pillows are designed to provide you with the utmost comfort and peace of mind. These vinyl wholesale pillows are not only durable but also breathable, making ...", "Images": ["https://cdn11.bigcommerce.com/s-zd141b7qtp/products/48020/images/151735/micro-perforated-premium-staph-check-pillows-still-waters-pillows__25333.1706023908.386.513.jpg?c=1"], "Url": "https://directtextilestore.com/micro-perforated-premium-staph-check-pillows/"}
{"SKU": "PS-VTWP108_12", "Type": "", "Size": "20 X 26", "Color": "White", "Options": {"Main Option": "Micro-Perforated Premium Staph Check Pillows", "Color": "White", "Fill Weight": "18 Oz", "Size": "20 X 26", "CHOOSE PACK SIZE": "Case of (12) Pieces"}, "Price Per Each": "6.12", "Full Price": "73.4300", "Stock Status": "In Stock", "Brand": "Still Water Pillows", "Category": "Pillows", "Sub Category": "Hospital Pillows", "Material": "", "Title": "Micro-Perforated Premium Staph Check Pillows", "Description": "Micro-Perforated Premium Staph Check Pillows are designed to provide you with the utmost comfort and peace of mind. These vinyl wholesale pillows are not only durable but also breathable, making ...", "Images": ["https://cdn11.bigcommerce.com/s-zd141b7qtp/products/48020/images/151735/micro-perforated-premium-staph-check-pillows-still-waters-pillows__25333.1706023908.386.513.jpg?c=1"], "Url": "https://directtextilestore.com/micro-perforated-premium-staph-check-pillows/"}
{"SKU": "PS-NY102", "Type": "", "Size": "20 X 26", "Color": "White", "Options": {"Main Option": "70D taffeta nylon Pillows", "Color": "White", "Fill Weight": "18 Oz", "Size": "20 X 26", "CHOOSE PACK SIZE": "Sample (1) Piece"}, "Price Per Each": "6.57", "Full Price": "6.5700", "Stock Status": "In Stock", "Brand": "Still Water Pillows", "Category": "Pillows", "Sub Category": "Hospital Pillows", "Material": "", "Title": "Nylon Pillows In Bulk", "Description": "Nylon Pillows, crafted from durable 70D taffeta nylon, these pillows offers an uninterrupted night's sleep.These pillows in bulk are flame retardant and fluid-resistant. This means you can rest ...", "Images": ["https://cdn11.bigcommerce.com/s-zd141b7qtp/products/48021/images/153898/nylon-pillows-in-bulk-still-waters-pillows__26071.1706026811.386.513.jpg?c=1", "https://cdn11.bigcommerce.com/s-zd141b7qtp/products/48021/images/149056/nylon-pillows-in-bulk-still-waters-pillows__74269.1706020136.386.513.jpg?c=1"], "Url": "https://directtextilestore.com/nylon-pillows-in-bulk/"}
{"SKU": "PS-NY102_12", "Type": "", "Size": "20 X 26", "Color": "White", "Options": {"Main Option": "70D taffeta nylon Pillows", "Color": "White", "Fill Weight": "18 Oz", "Size": "20 X 26", "CHOOSE PACK SIZE": "Case of (12) Pieces"}, "Price Per Each": "6.57", "Full Price": "78.8100", "Stock Status": "In Stock", "Brand": "Still Water Pillows", "Category": "Pillows", "Sub Category": "Hospital Pillows", "Material": "", "Title": "Nylon Pillows In Bulk", "Description": "Nylon Pillows, crafted from durable 70D taffeta nylon, these pillows offers an uninterrupted night's sleep.These pillows in bulk are flame retardant and fluid-resistant. This means you can rest ...", "Images": ["https://cdn11.bigcommerce.com/s-zd141b7qtp/products/48021/images/153898/nylon-pillows-in-bulk-still-waters-pillows__26071.1706026811.386.513.jpg?c=1", "https://cdn11.bigcommerce.com/s-zd141b7qtp/products/48021/images/149056/nylon-pillows-in-bulk-still-waters-pillows__74269.1706020136.386.513.jpg?c=1"], "Url": "https://directtextilestore.com/nylon-pillows-in-bulk/"}
{"SKU": "PS-NY100", "Type": "", "Size": "20 X 26", "Color": "Blue", "Options": {"Main Option": "70D taffeta nylon Pillows", "Color": "Blue", "Fill Weight": "18 Oz", "Size": "20 X 26", "CHOOSE PACK SIZE": "Sample (1) Piece"}, "Price Per Each": "6.57", "Full Price": "6.5700", "Stock Status": "In Stock", "Brand": "Still Water Pillows", "Category": "Pillows", "Sub Category": "Hospital Pillows", "Material": "", "Title": "Nylon Pillows In Bulk", "Description": "Nylon Pillows, crafted from durable 70D taffeta nylon, these pillows offers an uninterrupted night's sleep.These pillows in bulk are flame retardant and fluid-resistant. This means you can rest ...", "Images": ["https://cdn11.bigcommerce.com/s-zd141b7qtp/products/48021/images/153898/nylon-pillows-in-bulk-still-waters-pillows__26071.1706026811.386.513.jpg?c=1", "https://cdn11.bigcommerce.com/s-zd141b7qtp/products/48021/images/149056/nylon-pillows-in-bulk-still-waters-pillows__74269.1706020136.386.513.jpg?c=1"], "Url": "https://directtextilestore.com/nylon-pillows-in-bulk/"}
{"SKU": "PS-NY100_12", "Type": "", "Size": "20 X 26", "Color": "Blue", "Options": {"Main Option": "70D taffeta nylon Pillows", "Color": "Blue", "Fill Weight": "18 Oz", "Size": "20 X 26", "CHOOSE PACK SIZE": "Case of (12) Pieces"}, "Price Per Each": "6.57", "Full Price": "78.8100", "Stock Status": "In Stock", "Brand": "Still Water Pillows", "Category": "Pillows", "Sub Category": "Hospital Pillows", "Material": "", "Title": "Nylon Pillows In Bulk", "Description": "Nylon Pillows, crafted from durable 70D taffeta nylon, these pillows offers an uninterrupted night's sleep.These pillows in bulk are flame retardant and fluid-resistant. This means you can rest ...", "Images": ["https://cdn11.bigcommerce.com/s-zd141b7qtp/products/48021/images/153898/nylon-pillows-in-bulk-still-waters-pillows__26071.1706026811.386.513.jpg?c=1", "https://cdn11.bigcommerce.com/s-zd141b7qtp/products/48021/images/149056/nylon-pillows-in-bulk-still-waters-pillows__74269.1706020136.386.513.jpg?c=1"], "Url": "https://directtextilestore.com/nylon-pillows-in-bulk/"}
{"SKU": "PS-NY101", "Type": "", "Size": "20 X 26", "Color": "Ivory", "Options": {"Main Option": "70D taffeta nylon Pillows", "Color": "Ivory", "Fill Weight": "18 Oz", "Size": "20 X 26", "CHOOSE PACK SIZE": "Sample (1) Piece"}, "Price Per Each": "6.57", "Full Price": "6.5700", "Stock Status": "In Stock", "Brand": "Still Water Pillows", "Category": "Pillows", "Sub Category": "Hospital Pillows", "Material": "", "Title": "Nylon Pillows In Bulk", "Description": "Nylon Pillows, crafted from durable 70D taffeta nylon, these pillows offers an uninterrupted night's sleep.These pillows in bulk are flame retardant and fluid-resistant. This means you can rest ...", "Images": ["https://cdn11.bigcommerce.com/s-zd141b7qtp/products/48021/images/153898/nylon-pillows-in-bulk-still-waters-pillows__26071.1706026811.386.513.jpg?c=1", "https://cdn11.bigcommerce.com/s-zd141b7qtp/products/48021/images/149056/nylon-pillows-in-bulk-still-waters-pillows__74269.1706020136.386.513.jpg?c=1"], "Url": "https://directtextilestore.com/nylon-pillows-in-bulk/"}
{"SKU": "PS-NY101_12", "Type": "", "Size": "20 X 26", "Color": "Ivory", "Options": {"Main Option": "70D taffeta nylon Pillows", "Color": "Ivory", "Fill Weight": "18 Oz", "Size": "20 X 26", "CHOOSE PACK SIZE": "Case of (12) Pieces"}, "Price Per Each": "6.57", "Full Price": "78.8100", "Stock Status": "In Stock", "Brand": "Still Water Pillows", "Category": "Pillows", "Sub Category": "Hospital Pillows", "Material": "", "Title": "Nylon Pillows In Bulk", "Description": "Nylon Pillows, crafted from durable 70D taffeta nylon, these pillows offers an uninterrupted night's sleep.These pillows in bulk are flame retardant and fluid-resistant. This means you can rest ...", "Images": ["https://cdn11.bigcommerce.com/s-zd141b7qtp/products/48021/images/153898/nylon-pillows-in-bulk-still-waters-pillows__26071.1706026811.386.513.jpg?c=1", "https://cdn11.bigcommerce.com/s-zd141b7qtp/products/48021/images/149056/nylon-pillows-in-bulk-still-waters-pillows__74269.1706020136.386.513.jpg?c=1"], "Url": "https://directtextilestore.com/nylon-pillows-in-bulk/"}
{"SKU": "PS-LNB108", "Type": "", "Size": "20 X 26", "Color": "Blue", "Options": {"Main Option": "Reusable Pillows", "Color": "Blue", "Fill Weight": "18 Oz", "Size": "20 X 26", "CHOOSE PACK SIZE": "Sample (1) Piece"}, "Price Per Each": "4.78", "Full Price": "4.7800", "Stock Status": "In Stock", "Brand": "Still Water Pillows", "Category": "Pillows", "Sub Category": "Hospital Pillows", "Material": "", "Title": "Reusable Pillows", "Description": "These Reusable Pillows are designed with your comfort and convenience in mind. These wholesale pillows are not only comfortable but also easy to care for. Made from laminated non-woven material ...", "Images": ["https://cdn11.bigcommerce.com/s-zd141b7qtp/products/48019/images/150602/reusable-pillows-still-waters-pillows__23388.1706022322.386.513.jpg?c=1"], "Url": "https://directtextilestore.com/reusable-pillows/"}
{"SKU": "PS-LNB108_12", "Type": "", "Size": "20 X 26", "Color": "Blue", "Options": {"Main Option": "Reusable Pillows", "Color": "Blue", "Fill Weight": "18 Oz", "Size": "20 X 26", "CHOOSE PACK SIZE": "Case of (12) Pieces"}, "Price Per Each": "4.78", "Full Price": "57.3100", "Stock Status": "In Stock", "Brand": "Still Water Pillows", "Category": "Pillows", "Sub Category": "Hospital Pillows", "Material": "", "Title": "Reusable Pillows", "Description": "These Reusable Pillows are designed with your comfort and convenience in mind. These wholesale pillows are not only comfortable but also easy to care for. Made from laminated non-woven material ...", "Images": ["https://cdn11.bigcommerce.com/s-zd141b7qtp/products/48019/images/150602/reusable-pillows-still-waters-pillows__23388.1706022322.386.513.jpg?c=1"], "Url": "https://directtextilestore.com/reusable-pillows/"}
{"SKU": "PS-233CMD104", "Type": "", "Size": "Standard - 20 x 26", "Color": "", "Options": {"Main Option": "T-233 Down Alt Pillows", "Size": "Standard - 20 x 26", "Fill Weight (Oz)": "24 Oz", "CHOOSE PACK SIZE": "Sample (1) Piece"}, "Price Per Each": "7.84", "Full Price": "7.8400", "Stock Status": "In Stock", "Brand": "Still Water Pillows", "Category": "Pillows", "Sub Category": "Hotel Brand Pillows", "Material": "100% Cotton", "Title": "Serenity Down Alternative Pillows", "Description": "Serenity Down Alternative Pillows - Your Key to a Perfect Night's Rest! Experience unparalleled comfort with these Down Alternative Pillows. These luxury hotel pillows feature a 100% ...", "Images": ["https://cdn11.bigcommerce.com/s-zd141b7qtp/products/48024/images/154004/serenity-down-alternative-pillows-still-waters-pillows__76486.1706026966.386.513.jpg?c=1"], "Url": "https://directtextilestore.com/serenity-down-alternative-pillows/"}
{"SKU": "PS-233CMD104_12", "Type": "", "Size": "Standard - 20 x 26", "Color": "", "Options": {"Main Option": "T-233 Down Alt Pillows", "Size": "Standard - 20 x 26", "Fill Weight (Oz)": "24 Oz", "CHOOSE PACK SIZE": "Case of (12) Pieces"}, "Price Per Each": "7.84", "Full Price": "94.0300", "Stock Status": "In Stock", "Brand": "Still Water Pillows", "Category": "Pillows", "Sub Category": "Hotel Brand Pillows", "Material": "100% Cotton", "Title": "Serenity Down Alternative Pillows", "Description": "Serenity Down Alternative Pillows - Your Key to a Perfect Night's Rest! Experience unparalleled comfort with these Down Alternative Pillows. These luxury hotel pillows feature a 100% ...", "Images": ["https://cdn11.bigcommerce.com/s-zd141b7qtp/products/48024/images/154004/serenity-down-alternative-pillows-still-waters-pillows__76486.1706026966.386.513.jpg?c=1"], "Url": "https://directtextilestore.com/serenity-down-alternative-pillows/"}
{"SKU": "PQ-233CMD109", "Type": "", "Size": "Queen - 20 x 30", "Color": "", "Options": {"Main Option": "T-233 Down Alt Pillows", "Size": "Queen - 20 x 30", "Fill Weight (Oz)": "29 Oz", "CHOOSE PACK SIZE": "Sample (1) Piece"}, "Price Per Each": "8.58", "Full Price": "8.5800", "Stock Status": "In Stock", "Brand": "Still Water Pillows", "Category": "Pillows", "Sub Category": "Hotel Brand Pillows", "Material": "100% Cotton", "Title": "Serenity Down Alternative Pillows", "Description": "Serenity Down Alternative Pillows - Your Key to a Perfect Night's Rest! Experience unparalleled comfort with these Down Alternative Pillows. These luxury hotel pillows feature a 100% ...", "Images": ["https://cdn11.bigcommerce.com/s-zd141b7qtp/products/48024/images/154004/serenity-down-alternative-pillows-still-waters-pillows__76486.1706026966.386.513.jpg?c=1"], "Url": "https://directtextilestore.com/serenity-down-alternative-pillows/"}
{"SKU": "PQ-233CMD109_10", "Type": "", "Size": "Queen - 20 x 30", "Color": "", "Options": {"Main Option": "T-233 Down Alt Pillows", "Size": "Queen - 20 x 30", "Fill Weight (Oz)": "29 Oz", "CHOOSE PACK SIZE": "Case of (10) Pieces"}, "Price Per Each": "8.58", "Full Price": "85.8200", "Stock Status": "In Stock", "Brand": "Still Water Pillows", "Category": "Pillows", "Sub Category": "Hotel Brand Pillows", "Material": "100% Cotton", "Title": "Serenity Down Alternative Pillows", "Description": "Serenity Down Alternative Pillows - Your Key to a Perfect Night's Rest! Experience unparalleled comfort with these Down Alternative Pillows. These luxury hotel pillows feature a 100% ...", "Images": ["https://cdn11.bigcommerce.com/s-zd141b7qtp/products/48024/images/154004/serenity-down-alternative-pillows-still-waters-pillows__76486.1706026966.386.513.jpg?c=1"], "Url": "https://directtextilestore.com/serenity-down-alternative-pillows/"}
{"SKU": "PK-233CMD103", "Type": "", "Size": "King - 20 x 36", "Color": "", "Options": {"Main Option": "T-233 Down Alt Pillows", "Size": "King - 20 x 36", "Fill Weight (Oz)": "33 Oz", "CHOOSE PACK SIZE": "Sample (1) Piece"}, "Price Per Each": "10.22", "Full Price": "10.2200", "Stock Status": "In Stock", "Brand": "Still Water Pillows", "Category": "Pillows", "Sub Category": "Hotel Brand Pillows", "Material": "100% Cotton", "Title": "Serenity Down Alternative Pillows", "Description": "Serenity Down Alternative Pillows - Your Key to a Perfect Night's Rest! Experience unparalleled comfort with these Down Alternative Pillows. These luxury hotel pillows feature a 100% ...", "Images": ["https://cdn11.bigcommerce.com/s-zd141b7qtp/products/48024/images/154004/serenity-down-alternative-pillows-still-waters-pillows__76486.1706026966.386.513.jpg?c=1"], "Url": "https://directtextilestore.com/serenity-down-alternative-pillows/"}
{"SKU": "PK-233CMD103_8", "Type": "", "Size": "King - 20 x 36", "Color": "", "Options": {"Main Option": "T-233 Down Alt Pillows", "Size": "King - 20 x 36", "Fill Weight (Oz)": "33 Oz", "CHOOSE PACK SIZE": "Case of (8) Pieces"}, "Price Per Each": "10.22", "Full Price": "81.7900", "Stock Status": "In Stock", "Brand": "Still Water Pillows", "Category": "Pillows", "Sub Category": "Hotel Brand Pillows", "Material": "100% Cotton", "Title": "Serenity Down Alternative Pillows", "Description": "Serenity Down Alternative Pillows - Your Key to a Perfect Night's Rest! Experience unparalleled comfort with these Down Alternative Pillows. These luxury hotel pillows feature a 100% ...", "Images": ["https://cdn11.bigcommerce.com/s-zd141b7qtp/products/48024/images/154004/serenity-down-alternative-pillows-still-waters-pillows__76486.1706026966.386.513.jpg?c=1"], "Url": "https://directtextilestore.com/serenity-down-alternative-pillows/"}
{"SKU": "PS-PO102", "Type": "", "Size": "Standard - 20 x 26", "Color": "", "Options": {"Main Option": "Gold Label Pillows", "Size": "Standard - 20 x 26", "Fill Weight (Oz)": "22 Oz", "CHOOSE PACK SIZE": "Sample (1) Piece"}, "Price Per Each": "4.93", "Full Price": "4.9300", "Stock Status": "In Stock", "Brand": "Still Water Pillows", "Category": "Pillows", "Sub Category": "Hotel Brand Pillows", "Material": "", "Title": "T-180 Gold Label Pillows", "Description": "Gold Label Pillows, an economical choice for a restful night's sleep. This Soft Comfort pillow features a durable 180-thread-count polyester microfiber cover, providing both comfort and quality ...", "Images": ["https://cdn11.bigcommerce.com/s-zd141b7qtp/products/48029/images/153390/t-180-gold-label-pillows-still-waters-pillows__73351.1706026158.386.513.jpg?c=1"], "Url": "https://directtextilestore.com/t-180-gold-label-pillows/"}
{"SKU": "PS-PO102_12", "Type": "", "Size": "Standard - 20 x 26", "Color": "", "Options": {"Main Option": "Gold Label Pillows", "Size": "Standard - 20 x 26", "Fill Weight (Oz)": "22 Oz", "CHOOSE PACK SIZE": "Case of (12) Pieces"}, "Price Per Each": "4.92", "Full Price": "59.1000", "Stock Status": "In Stock", "Brand": "Still Water Pillows", "Category": "Pillows", "Sub Category": "Hotel Brand Pillows", "Material": "", "Title": "T-180 Gold Label Pillows", "Description": "Gold Label Pillows, an economical choice for a restful night's sleep. This Soft Comfort pillow features a durable 180-thread-count polyester microfiber cover, providing both comfort and quality ...", "Images": ["https://cdn11.bigcommerce.com/s-zd141b7qtp/products/48029/images/153390/t-180-gold-label-pillows-still-waters-pillows__73351.1706026158.386.513.jpg?c=1"], "Url": "https://directtextilestore.com/t-180-gold-label-pillows/"}
{"SKU": "PQ-PO107", "Type": "", "Size": "Queen - 20 x 30", "Color": "", "Options": {"Main Option": "Gold Label Pillows", "Size": "Queen - 20 x 30", "Fill Weight (Oz)": "27 Oz", "CHOOSE PACK SIZE": "Sample (1) Piece"}, "Price Per Each": "6.42", "Full Price": "6.4200", "Stock Status": "In Stock", "Brand": "Still Water Pillows", "Category": "Pillows", "Sub Category": "Hotel Brand Pillows", "Material": "", "Title": "T-180 Gold Label Pillows", "Description": "Gold Label Pillows, an economical choice for a restful night's sleep. This Soft Comfort pillow features a durable 180-thread-count polyester microfiber cover, providing both comfort and quality ...", "Images": ["https://cdn11.bigcommerce.com/s-zd141b7qtp/products/48029/images/153390/t-180-gold-label-pillows-still-waters-pillows__73351.1706026158.386.513.jpg?c=1"], "Url": "https://directtextilestore.com/t-180-gold-label-pillows/"}
{"SKU": "PQ-PO107_10", "Type": "", "Size": "Queen - 20 x 30", "Color": "", "Options": {"Main Option": "Gold Label Pillows", "Size": "Queen - 20 x 30", "Fill Weight (Oz)": "27 Oz", "CHOOSE PACK SIZE": "Case of (10) Pieces"}, "Price Per Each": "6.42", "Full Price": "64.1800", "Stock Status": "In Stock", "Brand": "Still Water Pillows", "Category": "Pillows", "Sub Category": "Hotel Brand Pillows", "Material": "", "Title": "T-180 Gold Label Pillows", "Description": "Gold Label Pillows, an economical choice for a restful night's sleep. This Soft Comfort pillow features a durable 180-thread-count polyester microfiber cover, providing both comfort and quality ...", "Images": ["https://cdn11.bigcommerce.com/s-zd141b7qtp/products/48029/images/153390/t-180-gold-label-pillows-still-waters-pillows__73351.1706026158.386.513.jpg?c=1"], "Url": "https://directtextilestore.com/t-180-gold-label-pillows/"}
{"SKU": "PK-PO103", "Type": "", "Size": "King - 20 x 36", "Color": "", "Options": {"Main Option": "Gold Label Pillows", "Size": "King - 20 x 36", "Fill Weight (Oz)": "33 Oz", "CHOOSE PACK SIZE": "Sample (1) Piece"}, "Price Per Each": "7.39", "Full Price": "7.3900", "Stock Status": "In Stock", "Brand": "Still Water Pillows", "Category": "Pillows", "Sub Category": "Hotel Brand Pillows", "Material": "", "Title": "T-180 Gold Label Pillows", "Description": "Gold Label Pillows, an economical choice for a restful night's sleep. This Soft Comfort pillow features a durable 180-thread-count polyester microfiber cover, providing both comfort and quality ...", "Images": ["https://cdn11.bigcommerce.com/s-zd141b7qtp/products/48029/images/153390/t-180-gold-label-pillows-still-waters-pillows__73351.1706026158.386.513.jpg?c=1"], "Url": "https://directtextilestore.com/t-180-gold-label-pillows/"}
{"SKU": "PK-PO103_8", "Type": "", "Size": "King - 20 x 36", "Color": "", "Options": {"Main Option": "Gold Label Pillows", "Size": "King - 20 x 36", "Fill Weight (Oz)": "33 Oz", "CHOOSE PACK SIZE": "Case of (8) Pieces"}, "Price Per Each": "7.39", "Full Price": "59.1000", "Stock Status": "In Stock", "Brand": "Still Water Pillows", "Category": "Pillows", "Sub Category": "Hotel Brand Pillows", "Material": "", "Title": "T-180 Gold Label Pillows", "Description": "Gold Label Pillows, an economical choice for a restful night's sleep. This Soft Comfort pillow features a durable 180-thread-count polyester microfiber cover, providing both comfort and quality ...", "Images": ["https://cdn11.bigcommerce.com/s-zd141b7qtp/products/48029/images/153390/t-180-gold-label-pillows-still-waters-pillows__73351.1706026158.386.513.jpg?c=1"], "Url": "https://directtextilestore.com/t-180-gold-label-pillows/"}
{"SKU": "PS-PO100", "Type": "", "Size": "Standard - 20 x 26", "Color": "", "Options": {"Main Option": "Green Label Pillows", "Size": "Standard - 20 x 26", "Fill Weight (Oz)": "20 Oz", "CHOOSE PACK SIZE": "Sample (1) Piece"}, "Price Per Each": "4.78", "Full Price": "4.7800", "Stock Status": "In Stock", "Brand": "Still Water Pillows", "Category": "Pillows", "Sub Category": "Hotel Brand Pillows", "Material": "", "Title": "T-180 Green Label Pillows", "Description": "Green Label Pillows, an economical choice for a restful night's sleep. This Soft Comfort pillow features a durable 180-thread-count polyester microfiber cover, providing both comfort and ...", "Images": ["https://cdn11.bigcommerce.com/s-zd141b7qtp/products/48028/images/153216/t-180-green-label-pillows-still-waters-pillows__93679.1706025921.386.513.jpg?c=1"], "Url": "https://directtextilestore.com/t-180-green-label-pillows/"}
{"SKU": "PS-PO100_12", "Type": "", "Size": "Standard - 20 x 26", "Color": "", "Options": {"Main Option": "Green Label Pillows", "Size": "Standard - 20 x 26", "Fill Weight (Oz)": "20 Oz", "CHOOSE PACK SIZE": "Case of (12) Pieces"}, "Price Per Each": "4.78", "Full Price": "57.3100", "Stock Status": "In Stock", "Brand": "Still Water Pillows", "Category": "Pillows", "Sub Category": "Hotel Brand Pillows", "Material": "", "Title": "T-180 Green Label Pillows", "Description": "Green Label Pillows, an economical choice for a restful night's sleep. This Soft Comfort pillow features a durable 180-thread-count polyester microfiber cover, providing both comfort and ...", "Images": ["https://cdn11.bigcommerce.com/s-zd141b7qtp/products/48028/images/153216/t-180-green-label-pillows-still-waters-pillows__93679.1706025921.386.513.jpg?c=1"], "Url": "https://directtextilestore.com/t-180-green-label-pillows/"}
{"SKU": "PQ-PO105", "Type": "", "Size": "Queen - 20 x 30", "Color": "", "Options": {"Main Option": "Green Label Pillows", "Size": "Queen - 20 x 30", "Fill Weight (Oz)": "25 Oz", "CHOOSE PACK SIZE": "Sample (1) Piece"}, "Price Per Each": "6.12", "Full Price": "6.1200", "Stock Status": "In Stock", "Brand": "Still Water Pillows", "Category": "Pillows", "Sub Category": "Hotel Brand Pillows", "Material": "", "Title": "T-180 Green Label Pillows", "Description": "Green Label Pillows, an economical choice for a restful night's sleep. This Soft Comfort pillow features a durable 180-thread-count polyester microfiber cover, providing both comfort and ...", "Images": ["https://cdn11.bigcommerce.com/s-zd141b7qtp/products/48028/images/153216/t-180-green-label-pillows-still-waters-pillows__93679.1706025921.386.513.jpg?c=1"], "Url": "https://directtextilestore.com/t-180-green-label-pillows/"}
{"SKU": "PQ-PO105_10", "Type": "", "Size": "Queen - 20 x 30", "Color": "", "Options": {"Main Option": "Green Label Pillows", "Size": "Queen - 20 x 30", "Fill Weight (Oz)": "25 Oz", "CHOOSE PACK SIZE": "Case of (10) Pieces"}, "Price Per Each": "6.12", "Full Price": "61.1900", "Stock Status": "In Stock", "Brand": "Still Water Pillows", "Category": "Pillows", "Sub Category": "Hotel Brand Pillows", "Material": "", "Title": "T-180 Green Label Pillows", "Description": "Green Label Pillows, an economical choice for a restful night's sleep. This Soft Comfort pillow features a durable 180-thread-count polyester microfiber cover, providing both comfort and ...", "Images": ["https://cdn11.bigcommerce.com/s-zd141b7qtp/products/48028/images/153216/t-180-green-label-pillows-still-waters-pillows__93679.1706025921.386.513.jpg?c=1"], "Url": "https://directtextilestore.com/t-180-green-label-pillows/"}
{"SKU": "PK-PO101", "Type": "", "Size": "King - 20 x 36", "Color": "", "Options": {"Main Option": "Green Label Pillows", "Size": "King - 20 x 36", "Fill Weight (Oz)": "31 Oz", "CHOOSE PACK SIZE": "Sample (1) Piece"}, "Price Per Each": "7.16", "Full Price": "7.1600", "Stock Status": "In Stock", "Brand": "Still Water Pillows", "Category": "Pillows", "Sub Category": "Hotel Brand Pillows", "Material": "", "Title": "T-180 Green Label Pillows", "Description": "Green Label Pillows, an economical choice for a restful night's sleep. This Soft Comfort pillow features a durable 180-thread-count polyester microfiber cover, providing both comfort and ...", "Images": ["https://cdn11.bigcommerce.com/s-zd141b7qtp/products/48028/images/153216/t-180-green-label-pillows-still-waters-pillows__93679.1706025921.386.513.jpg?c=1"], "Url": "https://directtextilestore.com/t-180-green-label-pillows/"}
{"SKU": "PK-PO101_8", "Type": "", "Size": "King - 20 x 36", "Color": "", "Options": {"Main Option": "Green Label Pillows", "Size": "King - 20 x 36", "Fill Weight (Oz)": "31 Oz", "CHOOSE PACK SIZE": "Case of (8) Pieces"}, "Price Per Each": "7.16", "Full Price": "57.3100", "Stock Status": "In Stock", "Brand": "Still Water Pillows", "Category": "Pillows", "Sub Category": "Hotel Brand Pillows", "Material": "", "Title": "T-180 Green Label Pillows", "Description": "Green Label Pillows, an economical choice for a restful night's sleep. This Soft Comfort pillow features a durable 180-thread-count polyester microfiber cover, providing both comfort and ...", "Images": ["https://cdn11.bigcommerce.com/s-zd141b7qtp/products/48028/images/153216/t-180-green-label-pillows-still-waters-pillows__93679.1706025921.386.513.jpg?c=1"], "Url": "https://directtextilestore.com/t-180-green-label-pillows/"}
{"SKU": "PS-PO106", "Type": "", "Size": "Standard - 20 x 26", "Color": "", "Options": {"Main Option": "Platinum Label Pillows", "Size": "Standard - 20 x 26", "Fill Weight (Oz)": "26 Oz", "CHOOSE PACK SIZE": "Sample (1) Piece"}, "Price Per Each": "5.67", "Full Price": "5.6700", "Stock Status": "In Stock", "Brand": "Still Water Pillows", "Category": "Pillows", "Sub Category": "Hotel Brand Pillows", "Material": "", "Title": "T-180 Platinum Label Pillows", "Description": "Platinum Label Pillows, an affordable and comfortable choice for a peaceful night's rest. Crafted with a sturdy 180-thread-count polyester microfiber cover, this Soft Comfort pillow is designed ...", "Images": ["https://cdn11.bigcommerce.com/s-zd141b7qtp/products/48030/images/147386/t-180-platinum-label-pillows-still-waters-pillows__50165.1706017884.386.513.jpg?c=1"], "Url": "https://directtextilestore.com/t-180-platinum-label-pillows/"}
{"SKU": "PS-PO106_12", "Type": "", "Size": "Standard - 20 x 26", "Color": "", "Options": {"Main Option": "Platinum Label Pillows", "Size": "Standard - 20 x 26", "Fill Weight (Oz)": "26 Oz", "CHOOSE PACK SIZE": "Case of (12) Pieces"}, "Price Per Each": "5.67", "Full Price": "68.0600", "Stock Status": "In Stock", "Brand": "Still Water Pillows", "Category": "Pillows", "Sub Category": "Hotel Brand Pillows", "Material": "", "Title": "T-180 Platinum Label Pillows", "Description": "Platinum Label Pillows, an affordable and comfortable choice for a peaceful night's rest. Crafted with a sturdy 180-thread-count polyester microfiber cover, this Soft Comfort pillow is designed ...", "Images": ["https://cdn11.bigcommerce.com/s-zd141b7qtp/products/48030/images/147386/t-180-platinum-label-pillows-still-waters-pillows__50165.1706017884.386.513.jpg?c=1"], "Url": "https://directtextilestore.com/t-180-platinum-label-pillows/"}
{"SKU": "PQ-PO101", "Type": "", "Size": "Queen - 20 x 30", "Color": "", "Options": {"Main Option": "Platinum Label Pillows", "Size": "Queen - 20 x 30", "Fill Weight (Oz)": "31 Oz", "CHOOSE PACK SIZE": "Sample (1) Piece"}, "Price Per Each": "7.09", "Full Price": "7.0900", "Stock Status": "In Stock", "Brand": "Still Water Pillows", "Category": "Pillows", "Sub Category": "Hotel Brand Pillows", "Material": "", "Title": "T-180 Platinum Label Pillows", "Description": "Platinum Label Pillows, an affordable and comfortable choice for a peaceful night's rest. Crafted with a sturdy 180-thread-count polyester microfiber cover, this Soft Comfort pillow is designed ...", "Images": ["https://cdn11.bigcommerce.com/s-zd141b7qtp/products/48030/images/147386/t-180-platinum-label-pillows-still-waters-pillows__50165.1706017884.386.513.jpg?c=1"], "Url": "https://directtextilestore.com/t-180-platinum-label-pillows/"}
{"SKU": "PQ-PO101_10", "Type": "", "Size": "Queen - 20 x 30", "Color": "", "Options": {"Main Option": "Platinum Label Pillows", "Size": "Queen - 20 x 30", "Fill Weight (Oz)": "31 Oz", "CHOOSE PACK SIZE": "Case of (10) Pieces"}, "Price Per Each": "7.09", "Full Price": "70.9000", "Stock Status": "In Stock", "Brand": "Still Water Pillows", "Category": "Pillows", "Sub Category": "Hotel Brand Pillows", "Material": "", "Title": "T-180 Platinum Label Pillows", "Description": "Platinum Label Pillows, an affordable and comfortable choice for a peaceful night's rest. Crafted with a sturdy 180-thread-count polyester microfiber cover, this Soft Comfort pillow is designed ...", "Images": ["https://cdn11.bigcommerce.com/s-zd141b7qtp/products/48030/images/147386/t-180-platinum-label-pillows-still-waters-pillows__50165.1706017884.386.513.jpg?c=1"], "Url": "https://directtextilestore.com/t-180-platinum-label-pillows/"}
{"SKU": "PK-PO107", "Type": "", "Size": "King - 20 x 36", "Color": "", "Options": {"Main Option": "Platinum Label Pillows", "Size": "King - 20 x 36", "Fill Weight (Oz)": "37 Oz", "CHOOSE PACK SIZE": "Sample (1) Piece"}, "Price Per Each": "8.13", "Full Price": "8.1300", "Stock Status": "In Stock", "Brand": "Still Water Pillows", "Category": "Pillows", "Sub Category": "Hotel Brand Pillows", "Material": "", "Title": "T-180 Platinum Label Pillows", "Description": "Platinum Label Pillows, an affordable and comfortable choice for a peaceful night's rest. Crafted with a sturdy 180-thread-count polyester microfiber cover, this Soft Comfort pillow is designed ...", "Images": ["https://cdn11.bigcommerce.com/s-zd141b7qtp/products/48030/images/147386/t-180-platinum-label-pillows-still-waters-pillows__50165.1706017884.386.513.jpg?c=1"], "Url": "https://directtextilestore.com/t-180-platinum-label-pillows/"}
{"SKU": "PK-PO107_8", "Type": "", "Size": "King - 20 x 36", "Color": "", "Options": {"Main Option": "Platinum Label Pillows", "Size": "King - 20 x 36", "Fill Weight (Oz)": "37 Oz", "CHOOSE PACK SIZE": "Case of (8) Pieces"}, "Price Per Each": "8.13", "Full Price": "65.0700", "Stock Status": "In Stock", "Brand": "Still Water Pillows", "Category": "Pillows", "Sub Category": "Hotel Brand Pillows", "Material": "", "Title": "T-180 Platinum Label Pillows", "Description": "Platinum Label Pillows, an affordable and comfortable choice for a peaceful night's rest. Crafted with a sturdy 180-thread-count polyester microfiber cover, this Soft Comfort pillow is designed ...", "Images": ["https://cdn11.bigcommerce.com/s-zd141b7qtp/products/48030/images/147386/t-180-platinum-label-pillows-still-waters-pillows__50165.1706017884.386.513.jpg?c=1"], "Url": "https://directtextilestore.com/t-180-platinum-label-pillows/"}
{"SKU": "PS-200C100", "Type": "", "Size": "Standard - 20 X 26", "Color": "White", "Options": {"Main Option": "T-200 Antimicrobial Pillows", "Color": "White", "Fill Weight": "20 Oz", "Size": "Standard - 20 X 26", "CHOOSE PACK SIZE": "Sample (1) Piece"}, "Price Per Each": "6.12", "Full Price": "6.1200", "Stock Status": "In Stock", "Brand": "Still Water Pillows", "Category": "Pillows", "Sub Category": "Hotel Brand Pillows", "Material": "", "Title": "T-200 Antimicrobial Pillows In Bulk", "Description": "T-200 Antimicrobial Pillows In Bulk. Elevate your guests' sleep with the Fresh Comfort Antimicrobial Treated Pillow. It's a standard-sized pillow with a soft, durable 200-thread-count cotton ...", "Images": ["https://cdn11.bigcommerce.com/s-zd141b7qtp/products/48027/images/148149/t-200-antimicrobial-pillows-in-bulk-still-waters-pillows__62311.1706018903.386.513.jpg?c=1"], "Url": "https://directtextilestore.com/t-200-antimicrobial-pillows-in-bulk/"}
{"SKU": "PS-200C100_12", "Type": "", "Size": "Standard - 20 X 26", "Color": "White", "Options": {"Main Option": "T-200 Antimicrobial Pillows", "Color": "White", "Fill Weight": "20 Oz", "Size": "Standard - 20 X 26", "CHOOSE PACK SIZE": "Case of (12) Pieces"}, "Price Per Each": "6.12", "Full Price": "73.4300", "Stock Status": "In Stock", "Brand": "Still Water Pillows", "Category": "Pillows", "Sub Category": "Hotel Brand Pillows", "Material": "", "Title": "T-200 Antimicrobial Pillows In Bulk", "Description": "T-200 Antimicrobial Pillows In Bulk. Elevate your guests' sleep with the Fresh Comfort Antimicrobial Treated Pillow. It's a standard-sized pillow with a soft, durable 200-thread-count cotton ...", "Images": ["https://cdn11.bigcommerce.com/s-zd141b7qtp/products/48027/images/148149/t-200-antimicrobial-pillows-in-bulk-still-waters-pillows__62311.1706018903.386.513.jpg?c=1"], "Url": "https://directtextilestore.com/t-200-antimicrobial-pillows-in-bulk/"}
{"SKU": "PPS-180T", "Type": "", "Size": "Standard 20 x 27", "Color": "White", "Options": {"Main Option": "50/50 CTN/POLY T180 ZIP ANTI-MICROBIAL", "Size": "Standard 20 x 27", "Color": "White", "CHOOSE PACK SIZE": "Sample (1) Piece"}, "Price Per Each": "1.72", "Full Price": "1.7200", "Stock Status": "In Stock", "Brand": "Still Water Pillows", "Category": "Pillows", "Sub Category": "Pillow Protector", "Material": "50% Cotton / 50% Polyester", "Title": "T180 Pillow Protectors With Zipper- Pillow Cases", "Description": "T180 Pillow Protectors are designed to provide an extra layer of protection and comfort for your pillows. Crafted from a blend of 50% cotton and 50% polyester, these zippered pillow protectors ...", "Images": ["https://cdn11.bigcommerce.com/s-zd141b7qtp/products/48022/images/151393/t180-pillow-protectors-with-zipper-pillow-cases-still-waters-pillows__57854.1706023426.386.513.jpg?c=1"], "Url": "https://directtextilestore.com/t180-pillow-protectors-with-zipper-pillow-cases/"}
{"SKU": "PPS-180T_144", "Type": "", "Size": "Standard 20 x 27", "Color": "White", "Options": {"Main Option": "50/50 CTN/POLY T180 ZIP ANTI-MICROBIAL", "Size": "Standard 20 x 27", "Color": "White", "CHOOSE PACK SIZE": "Case of (144) Pieces"}, "Price Per Each": "1.72", "Full Price": "247.1600", "Stock Status": "In Stock", "Brand": "Still Water Pillows", "Category": "Pillows", "Sub Category": "Pillow Protector", "Material": "50% Cotton / 50% Polyester", "Title": "T180 Pillow Protectors With Zipper- Pillow Cases", "Description": "T180 Pillow Protectors are designed to provide an extra layer of protection and comfort for your pillows. Crafted from a blend of 50% cotton and 50% polyester, these zippered pillow protectors ...", "Images": ["https://cdn11.bigcommerce.com/s-zd141b7qtp/products/48022/images/151393/t180-pillow-protectors-with-zipper-pillow-cases-still-waters-pillows__57854.1706023426.386.513.jpg?c=1"], "Url": "https://directtextilestore.com/t180-pillow-protectors-with-zipper-pillow-cases/"}
{"SKU": "PPQ-180T", "Type": "", "Size": "Queen 20 x 31", "Color": "White", "Options": {"Main Option": "50/50 CTN/POLY T180 ZIP ANTI-MICROBIAL", "Size": "Queen 20 x 31", "Color": "White", "CHOOSE PACK SIZE": "Sample (1) Piece"}, "Price Per Each": "1.94", "Full Price": "1.9400", "Stock Status": "In Stock", "Brand": "Still Water Pillows", "Category": "Pillows", "Sub Category": "Pillow Protector", "Material": "50% Cotton / 50% Polyester", "Title": "T180 Pillow Protectors With Zipper- Pillow Cases", "Description": "T180 Pillow Protectors are designed to provide an extra layer of protection and comfort for your pillows. Crafted from a blend of 50% cotton and 50% polyester, these zippered pillow protectors ...", "Images": ["https://cdn11.bigcommerce.com/s-zd141b7qtp/products/48022/images/151393/t180-pillow-protectors-with-zipper-pillow-cases-still-waters-pillows__57854.1706023426.386.513.jpg?c=1"], "Url": "https://directtextilestore.com/t180-pillow-protectors-with-zipper-pillow-cases/"}
{"SKU": "PPQ-180T_144", "Type": "", "Size": "Queen 20 x 31", "Color": "White", "Options": {"Main Option": "50/50 CTN/POLY T180 ZIP ANTI-MICROBIAL", "Size": "Queen 20 x 31", "Color": "White", "CHOOSE PACK SIZE": "Case of (144) Pieces"}, "Price Per Each": "1.94", "Full Price": "279.4000", "Stock Status": "In Stock", "Brand": "Still Water Pillows", "Category": "Pillows", "Sub Category": "Pillow Protector", "Material": "50% Cotton / 50% Polyester", "Title": "T180 Pillow Protectors With Zipper- Pillow Cases", "Description": "T180 Pillow Protectors are designed to provide an extra layer of protection and comfort for your pillows. Crafted from a blend of 50% cotton and 50% polyester, these zippered pillow protectors ...", "Images": ["https://cdn11.bigcommerce.com/s-zd141b7qtp/products/48022/images/151393/t180-pillow-protectors-with-zipper-pillow-cases-still-waters-pillows__57854.1706023426.386.513.jpg?c=1"], "Url": "https://directtextilestore.com/t180-pillow-protectors-with-zipper-pillow-cases/"}
{"SKU": "PPK-180T", "Type": "", "Size": "King 20 x 37", "Color": "White", "Options": {"Main Option": "50/50 CTN/POLY T180 ZIP ANTI-MICROBIAL", "Size": "King 20 x 37", "Color": "White", "CHOOSE PACK SIZE": "Sample (1) Piece"}, "Price Per Each": "2.24", "Full Price": "2.2400", "Stock Status": "In Stock", "Brand": "Still Water Pillows", "Category": "Pillows", "Sub Category": "Pillow Protector", "Material": "50% Cotton / 50% Polyester", "Title": "T180 Pillow Protectors With Zipper- Pillow Cases", "Description": "T180 Pillow Protectors are designed to provide an extra layer of protection and comfort for your pillows. Crafted from a blend of 50% cotton and 50% polyester, these zippered pillow protectors ...", "Images": ["https://cdn11.bigcommerce.com/s-zd141b7qtp/products/48022/images/151393/t180-pillow-protectors-with-zipper-pillow-cases-still-waters-pillows__57854.1706023426.386.513.jpg?c=1"], "Url": "https://directtextilestore.com/t180-pillow-protectors-with-zipper-pillow-cases/"}
{"SKU": "PPK-180T_144", "Type": "", "Size": "King 20 x 37", "Color": "White", "Options": {"Main Option": "50/50 CTN/POLY T180 ZIP ANTI-MICROBIAL", "Size": "King 20 x 37", "Color": "White", "CHOOSE PACK SIZE": "Case of (144) Pieces"}, "Price Per Each": "2.24", "Full Price": "322.3900", "Stock Status": "In Stock", "Brand": "Still Water Pillows", "Category": "Pillows", "Sub Category": "Pillow Protector", "Material": "50% Cotton / 50% Polyester", "Title": "T180 Pillow Protectors With Zipper- Pillow Cases", "Description": "T180 Pillow Protectors are designed to provide an extra layer of protection and comfort for your pillows. Crafted from a blend of 50% cotton and 50% polyester, these zippered pillow protectors ...", "Images": ["https://cdn11.bigcommerce.com/s-zd141b7qtp/products/48022/images/151393/t180-pillow-protectors-with-zipper-pillow-cases-still-waters-pillows__57854.1706023426.386.513.jpg?c=1"], "Url": "https://directtextilestore.com/t180-pillow-protectors-with-zipper-pillow-cases/"}
{"SKU": "PPS-180T_12", "Type": "", "Size": "Standard 20 x 27", "Color": "White", "Options": {"Main Option": "50/50 CTN/POLY T180 ZIP ANTI-MICROBIAL", "Size": "Standard 20 x 27", "Color": "White", "CHOOSE PACK SIZE": "Pack of (12) Pieces"}, "Price Per Each": "1.72", "Full Price": "20.6400", "Stock Status": "In Stock", "Brand": "Still Water Pillows", "Category": "Pillows", "Sub Category": "Pillow Protector", "Material": "50% Cotton / 50% Polyester", "Title": "T180 Pillow Protectors With Zipper- Pillow Cases", "Description": "T180 Pillow Protectors are designed to provide an extra layer of protection and comfort for your pillows. Crafted from a blend of 50% cotton and 50% polyester, these zippered pillow protectors ...", "Images": ["https://cdn11.bigcommerce.com/s-zd141b7qtp/products/48022/images/151393/t180-pillow-protectors-with-zipper-pillow-cases-still-waters-pillows__57854.1706023426.386.513.jpg?c=1"], "Url": "https://directtextilestore.com/t180-pillow-protectors-with-zipper-pillow-cases/"}
{"SKU": "PPQ-180T_12", "Type": "", "Size": "Queen 20 x 31", "Color": "White", "Options": {"Main Option": "50/50 CTN/POLY T180 ZIP ANTI-MICROBIAL", "Size": "Queen 20 x 31", "Color": "White", "CHOOSE PACK SIZE": "Pack of (12) Pieces"}, "Price Per Each": "1.94", "Full Price": "23.2800", "Stock Status": "In Stock", "Brand": "Still Water Pillows", "Category": "Pillows", "Sub Category": "Pillow Protector", "Material": "50% Cotton / 50% Polyester", "Title": "T180 Pillow Protectors With Zipper- Pillow Cases", "Description": "T180 Pillow Protectors are designed to provide an extra layer of protection and comfort for your pillows. Crafted from a blend of 50% cotton and 50% polyester, these zippered pillow protectors ...", "Images": ["https://cdn11.bigcommerce.com/s-zd141b7qtp/products/48022/images/151393/t180-pillow-protectors-with-zipper-pillow-cases-still-waters-pillows__57854.1706023426.386.513.jpg?c=1"], "Url": "https://directtextilestore.com/t180-pillow-protectors-with-zipper-pillow-cases/"}
{"SKU": "PPK-180T_12", "Type": "", "Size": "King 20 x 37", "Color": "White", "Options": {"Main Option": "50/50 CTN/POLY T180 ZIP ANTI-MICROBIAL", "Size": "King 20 x 37", "Color": "White", "CHOOSE PACK SIZE": "Pack of (12) Pieces"}, "Price Per Each": "2.24", "Full Price": "26.8800", "Stock Status": "In Stock", "Brand": "Still Water Pillows", "Category": "Pillows", "Sub Category": "Pillow Protector", "Material": "50% Cotton / 50% Polyester", "Title": "T180 Pillow Protectors With Zipper- Pillow Cases", "Description": "T180 Pillow Protectors are designed to provide an extra layer of protection and comfort for your pillows. Crafted from a blend of 50% cotton and 50% polyester, these zippered pillow protectors ...", "Images": ["https://cdn11.bigcommerce.com/s-zd141b7qtp/products/48022/images/151393/t180-pillow-protectors-with-zipper-pillow-cases-still-waters-pillows__57854.1706023426.386.513.jpg?c=1"], "Url": "https://directtextilestore.com/t180-pillow-protectors-with-zipper-pillow-cases/"}
{"SKU": "PS-233C104", "Type": "", "Size": "Standard - 20 x 26", "Color": "", "Options": {"Main Option": "Gel Pillows - Extra filling", "Size": "Standard - 20 x 26", "Fill Weight (Oz)": "24 Oz", "CHOOSE PACK SIZE": "Sample (1) Piece"}, "Price Per Each": "7.39", "Full Price": "7.3900", "Stock Status": "In Stock", "Brand": "Still Water Pillows", "Category": "Pillows", "Sub Category": "Hotel Brand Pillows", "Material": "100% Cotton", "Title": "T233 Superior Gel Pillows", "Description": "T233 Superior Gel Pillows - Your Ultimate Sleeping Companion, experience the pinnacle of comfort with Superior Gel Pillows. These wholesale pillows feature a luxurious 233-thread-count cotton ...", "Images": ["https://cdn11.bigcommerce.com/s-zd141b7qtp/products/48023/images/152408/t233-superior-gel-pillows-still-waters-pillows__83924.1706024825.386.513.jpg?c=1"], "Url": "https://directtextilestore.com/t233-superior-gel-pillows/"}
{"SKU": "PS-233C104_12", "Type": "", "Size": "Standard - 20 x 26", "Color": "", "Options": {"Main Option": "Gel Pillows - Extra filling", "Size": "Standard - 20 x 26", "Fill Weight (Oz)": "24 Oz", "CHOOSE PACK SIZE": "Case of (12) Pieces"}, "Price Per Each": "7.39", "Full Price": "88.6600", "Stock Status": "In Stock", "Brand": "Still Water Pillows", "Category": "Pillows", "Sub Category": "Hotel Brand Pillows", "Material": "100% Cotton", "Title": "T233 Superior Gel Pillows", "Description": "T233 Superior Gel Pillows - Your Ultimate Sleeping Companion, experience the pinnacle of comfort with Superior Gel Pillows. These wholesale pillows feature a luxurious 233-thread-count cotton ...", "Images": ["https://cdn11.bigcommerce.com/s-zd141b7qtp/products/48023/images/152408/t233-superior-gel-pillows-still-waters-pillows__83924.1706024825.386.513.jpg?c=1"], "Url": "https://directtextilestore.com/t233-superior-gel-pillows/"}
{"SKU": "PQ-233C108", "Type": "", "Size": "Queen - 20 x 30", "Color": "", "Options": {"Main Option": "Gel Pillows - Extra filling", "Size": "Queen - 20 x 30", "Fill Weight (Oz)": "28 Oz", "CHOOSE PACK SIZE": "Sample (1) Piece"}, "Price Per Each": "8.66", "Full Price": "8.6600", "Stock Status": "In Stock", "Brand": "Still Water Pillows", "Category": "Pillows", "Sub Category": "Hotel Brand Pillows", "Material": "100% Cotton", "Title": "T233 Superior Gel Pillows", "Description": "T233 Superior Gel Pillows - Your Ultimate Sleeping Companion, experience the pinnacle of comfort with Superior Gel Pillows. These wholesale pillows feature a luxurious 233-thread-count cotton ...", "Images": ["https://cdn11.bigcommerce.com/s-zd141b7qtp/products/48023/images/152408/t233-superior-gel-pillows-still-waters-pillows__83924.1706024825.386.513.jpg?c=1"], "Url": "https://directtextilestore.com/t233-superior-gel-pillows/"}
{"SKU": "PQ-233C108_10", "Type": "", "Size": "Queen - 20 x 30", "Color": "", "Options": {"Main Option": "Gel Pillows - Extra filling", "Size": "Queen - 20 x 30", "Fill Weight (Oz)": "28 Oz", "CHOOSE PACK SIZE": "Case of (10) Pieces"}, "Price Per Each": "8.66", "Full Price": "86.5700", "Stock Status": "In Stock", "Brand": "Still Water Pillows", "Category": "Pillows", "Sub Category": "Hotel Brand Pillows", "Material": "100% Cotton", "Title": "T233 Superior Gel Pillows", "Description": "T233 Superior Gel Pillows - Your Ultimate Sleeping Companion, experience the pinnacle of comfort with Superior Gel Pillows. These wholesale pillows feature a luxurious 233-thread-count cotton ...", "Images": ["https://cdn11.bigcommerce.com/s-zd141b7qtp/products/48023/images/152408/t233-superior-gel-pillows-still-waters-pillows__83924.1706024825.386.513.jpg?c=1"], "Url": "https://directtextilestore.com/t233-superior-gel-pillows/"}
{"SKU": "PK-233C104", "Type": "", "Size": "King - 20 x 36", "Color": "", "Options": {"Main Option": "Gel Pillows - Extra filling", "Size": "King - 20 x 36", "Fill Weight (Oz)": "34 Oz", "CHOOSE PACK SIZE": "Sample (1) Piece"}, "Price Per Each": "10.82", "Full Price": "10.8200", "Stock Status": "In Stock", "Brand": "Still Water Pillows", "Category": "Pillows", "Sub Category": "Hotel Brand Pillows", "Material": "100% Cotton", "Title": "T233 Superior Gel Pillows", "Description": "T233 Superior Gel Pillows - Your Ultimate Sleeping Companion, experience the pinnacle of comfort with Superior Gel Pillows. These wholesale pillows feature a luxurious 233-thread-count cotton ...", "Images": ["https://cdn11.bigcommerce.com/s-zd141b7qtp/products/48023/images/152408/t233-superior-gel-pillows-still-waters-pillows__83924.1706024825.386.513.jpg?c=1"], "Url": "https://directtextilestore.com/t233-superior-gel-pillows/"}
{"SKU": "PK-233C104_8", "Type": "", "Size": "King - 20 x 36", "Color": "", "Options": {"Main Option": "Gel Pillows - Extra filling", "Size": "King - 20 x 36", "Fill Weight (Oz)": "34 Oz", "CHOOSE PACK SIZE": "Case of (8) Pieces"}, "Price Per Each": "10.82", "Full Price": "86.5700", "Stock Status": "In Stock", "Brand": "Still Water Pillows", "Category": "Pillows", "Sub Category": "Hotel Brand Pillows", "Material": "100% Cotton", "Title": "T233 Superior Gel Pillows", "Description": "T233 Superior Gel Pillows - Your Ultimate Sleeping Companion, experience the pinnacle of comfort with Superior Gel Pillows. These wholesale pillows feature a luxurious 233-thread-count cotton ...", "Images": ["https://cdn11.bigcommerce.com/s-zd141b7qtp/products/48023/images/152408/t233-superior-gel-pillows-still-waters-pillows__83924.1706024825.386.513.jpg?c=1"], "Url": "https://directtextilestore.com/t233-superior-gel-pillows/"}
{"SKU": "PS-233C100", "Type": "", "Size": "Standard - 20 x 26", "Color": "", "Options": {"Main Option": "Gel Pillows - Normal filling", "Size": "Standard - 20 x 26", "Fill Weight (Oz)": "20 Oz", "CHOOSE PACK SIZE": "Sample (1) Piece"}, "Price Per Each": "7.09", "Full Price": "7.0900", "Stock Status": "In Stock", "Brand": "Still Water Pillows", "Category": "Pillows", "Sub Category": "Hotel Brand Pillows", "Material": "100% Cotton", "Title": "T233 Superior Gel Pillows", "Description": "T233 Superior Gel Pillows - Your Ultimate Sleeping Companion, experience the pinnacle of comfort with Superior Gel Pillows. These wholesale pillows feature a luxurious 233-thread-count cotton ...", "Images": ["https://cdn11.bigcommerce.com/s-zd141b7qtp/products/48023/images/152408/t233-superior-gel-pillows-still-waters-pillows__83924.1706024825.386.513.jpg?c=1"], "Url": "https://directtextilestore.com/t233-superior-gel-pillows/"}
{"SKU": "PS-233C100_12", "Type": "", "Size": "Standard - 20 x 26", "Color": "", "Options": {"Main Option": "Gel Pillows - Normal filling", "Size": "Standard - 20 x 26", "Fill Weight (Oz)": "20 Oz", "CHOOSE PACK SIZE": "Case of (12) Pieces"}, "Price Per Each": "7.09", "Full Price": "85.0700", "Stock Status": "In Stock", "Brand": "Still Water Pillows", "Category": "Pillows", "Sub Category": "Hotel Brand Pillows", "Material": "100% Cotton", "Title": "T233 Superior Gel Pillows", "Description": "T233 Superior Gel Pillows - Your Ultimate Sleeping Companion, experience the pinnacle of comfort with Superior Gel Pillows. These wholesale pillows feature a luxurious 233-thread-count cotton ...", "Images": ["https://cdn11.bigcommerce.com/s-zd141b7qtp/products/48023/images/152408/t233-superior-gel-pillows-still-waters-pillows__83924.1706024825.386.513.jpg?c=1"], "Url": "https://directtextilestore.com/t233-superior-gel-pillows/"}
{"SKU": "PQ-233C104", "Type": "", "Size": "Queen - 20 x 30", "Color": "", "Options": {"Main Option": "Gel Pillows - Normal filling", "Size": "Queen - 20 x 30", "Fill Weight (Oz)": "24 Oz", "CHOOSE PACK SIZE": "Sample (1) Piece"}, "Price Per Each": "8.28", "Full Price": "8.2800", "Stock Status": "In Stock", "Brand": "Still Water Pillows", "Category": "Pillows", "Sub Category": "Hotel Brand Pillows", "Material": "100% Cotton", "Title": "T233 Superior Gel Pillows", "Description": "T233 Superior Gel Pillows - Your Ultimate Sleeping Companion, experience the pinnacle of comfort with Superior Gel Pillows. These wholesale pillows feature a luxurious 233-thread-count cotton ...", "Images": ["https://cdn11.bigcommerce.com/s-zd141b7qtp/products/48023/images/152408/t233-superior-gel-pillows-still-waters-pillows__83924.1706024825.386.513.jpg?c=1"], "Url": "https://directtextilestore.com/t233-superior-gel-pillows/"}
{"SKU": "PQ-233C104_10", "Type": "", "Size": "Queen - 20 x 30", "Color": "", "Options": {"Main Option": "Gel Pillows - Normal filling", "Size": "Queen - 20 x 30", "Fill Weight (Oz)": "24 Oz", "CHOOSE PACK SIZE": "Case of (10) Pieces"}, "Price Per Each": "8.28", "Full Price": "82.8400", "Stock Status": "In Stock", "Brand": "Still Water Pillows", "Category": "Pillows", "Sub Category": "Hotel Brand Pillows", "Material": "100% Cotton", "Title": "T233 Superior Gel Pillows", "Description": "T233 Superior Gel Pillows - Your Ultimate Sleeping Companion, experience the pinnacle of comfort with Superior Gel Pillows. These wholesale pillows feature a luxurious 233-thread-count cotton ...", "Images": ["https://cdn11.bigcommerce.com/s-zd141b7qtp/products/48023/images/152408/t233-superior-gel-pillows-still-waters-pillows__83924.1706024825.386.513.jpg?c=1"], "Url": "https://directtextilestore.com/t233-superior-gel-pillows/"}
{"SKU": "PK-233C100", "Type": "", "Size": "King - 20 x 36", "Color": "", "Options": {"Main Option": "Gel Pillows - Normal filling", "Size": "King - 20 x 36", "Fill Weight (Oz)": "30 Oz", "CHOOSE PACK SIZE": "Sample (1) Piece"}, "Price Per Each": "10.37", "Full Price": "10.3700", "Stock Status": "In Stock", "Brand": "Still Water Pillows", "Category": "Pillows", "Sub Category": "Hotel Brand Pillows", "Material": "100% Cotton", "Title": "T233 Superior Gel Pillows", "Description": "T233 Superior Gel Pillows - Your Ultimate Sleeping Companion, experience the pinnacle of comfort with Superior Gel Pillows. These wholesale pillows feature a luxurious 233-thread-count cotton ...", "Images": ["https://cdn11.bigcommerce.com/s-zd141b7qtp/products/48023/images/152408/t233-superior-gel-pillows-still-waters-pillows__83924.1706024825.386.513.jpg?c=1"], "Url": "https://directtextilestore.com/t233-superior-gel-pillows/"}
{"SKU": "PK-233C100_8", "Type": "", "Size": "King - 20 x 36", "Color": "", "Options": {"Main Option": "Gel Pillows - Normal filling", "Size": "King - 20 x 36", "Fill Weight (Oz)": "30 Oz", "CHOOSE PACK SIZE": "Case of (8) Pieces"}, "Price Per Each": "10.37", "Full Price": "82.9900", "Stock Status": "In Stock", "Brand": "Still Water Pillows", "Category": "Pillows", "Sub Category": "Hotel Brand Pillows", "Material": "100% Cotton", "Title": "T233 Superior Gel Pillows", "Description": "T233 Superior Gel Pillows - Your Ultimate Sleeping Companion, experience the pinnacle of comfort with Superior Gel Pillows. These wholesale pillows feature a luxurious 233-thread-count cotton ...", "Images": ["https://cdn11.bigcommerce.com/s-zd141b7qtp/products/48023/images/152408/t233-superior-gel-pillows-still-waters-pillows__83924.1706024825.386.513.jpg?c=1"], "Url": "https://directtextilestore.com/t233-superior-gel-pillows/"}
{"SKU": "PS-VI108", "Type": "", "Size": "20 X 26", "Color": "White", "Options": {"Main Option": "Vinyl staph check pillows", "Color": "White", "Fill Weight": "18 Oz", "Size": "20 X 26", "CHOOSE PACK SIZE": "Sample (1) Piece"}, "Price Per Each": "4.93", "Full Price": "4.9300", "Stock Status": "In Stock", "Brand": "Still Water Pillows", "Category": "Pillows", "Sub Category": "Hospital Pillows", "Material": "", "Title": "Vinyl Pillows In Bulk", "Description": "Vinyl Pillows In Bulk - The Hygienic Choice. These wholesale vinyl staph check pillows are designed for utmost hygiene and comfort. Crafted with care, they offer a range of features to enhance ...", "Images": ["https://cdn11.bigcommerce.com/s-zd141b7qtp/products/48017/images/148707/vinyl-pillows-in-bulk-still-waters-pillows__33020.1706019679.386.513.jpg?c=1"], "Url": "https://directtextilestore.com/vinyl-pillows-in-bulk/"}
{"SKU": "PS-VI108_12", "Type": "", "Size": "20 X 26", "Color": "White", "Options": {"Main Option": "Vinyl staph check pillows", "Color": "White", "Fill Weight": "18 Oz", "Size": "20 X 26", "CHOOSE PACK SIZE": "Case of (12) Pieces"}, "Price Per Each": "4.92", "Full Price": "59.1000", "Stock Status": "In Stock", "Brand": "Still Water Pillows", "Category": "Pillows", "Sub Category": "Hospital Pillows", "Material": "", "Title": "Vinyl Pillows In Bulk", "Description": "Vinyl Pillows In Bulk - The Hygienic Choice. These wholesale vinyl staph check pillows are designed for utmost hygiene and comfort. Crafted with care, they offer a range of features to enhance ...", "Images": ["https://cdn11.bigcommerce.com/s-zd141b7qtp/products/48017/images/148707/vinyl-pillows-in-bulk-still-waters-pillows__33020.1706019679.386.513.jpg?c=1"], "Url": "https://directtextilestore.com/vinyl-pillows-in-bulk/"}
{"SKU": "PS-NW106", "Type": "", "Size": "18 x 24", "Color": "White", "Options": {"Main Option": "Disposable non-woven pillows", "Color": "White", "Fill Weight": "16 Oz", "Size": "18 x 24", "CHOOSE PACK SIZE": "Sample (1) Piece"}, "Price Per Each": "3.21", "Full Price": "3.2100", "Stock Status": "In Stock", "Brand": "Still Water Pillows", "Category": "Pillows", "Sub Category": "Hospital Pillows", "Material": "", "Title": "Wholesale Disposable Pillows", "Description": "Wholesale Disposable Pillows. These disposable non-woven pillows offer exceptional comfort and hygiene. With a hypoallergenic 16 and 18 oz fill, these pillows ensure a restful sleep ...", "Images": ["https://cdn11.bigcommerce.com/s-zd141b7qtp/products/48018/images/150645/wholesale-disposable-pillows-still-waters-pillows__60830.1706022377.386.513.jpg?c=1"], "Url": "https://directtextilestore.com/wholesale-disposable-pillows/"}
{"SKU": "PS-NW106_12", "Type": "", "Size": "18 x 24", "Color": "White", "Options": {"Main Option": "Disposable non-woven pillows", "Color": "White", "Fill Weight": "16 Oz", "Size": "18 x 24", "CHOOSE PACK SIZE": "Case of (12) Pieces"}, "Price Per Each": "3.21", "Full Price": "38.5100", "Stock Status": "In Stock", "Brand": "Still Water Pillows", "Category": "Pillows", "Sub Category": "Hospital Pillows", "Material": "", "Title": "Wholesale Disposable Pillows", "Description": "Wholesale Disposable Pillows. These disposable non-woven pillows offer exceptional comfort and hygiene. With a hypoallergenic 16 and 18 oz fill, these pillows ensure a restful sleep ...", "Images": ["https://cdn11.bigcommerce.com/s-zd141b7qtp/products/48018/images/150645/wholesale-disposable-pillows-still-waters-pillows__60830.1706022377.386.513.jpg?c=1"], "Url": "https://directtextilestore.com/wholesale-disposable-pillows/"}
{"SKU": "PS-NW108", "Type": "", "Size": "20 X 26", "Color": "White", "Options": {"Main Option": "Disposable non-woven pillows", "Color": "White", "Fill Weight": "18 Oz", "Size": "20 X 26", "CHOOSE PACK SIZE": "Sample (1) Piece"}, "Price Per Each": "3.43", "Full Price": "3.4300", "Stock Status": "In Stock", "Brand": "Still Water Pillows", "Category": "Pillows", "Sub Category": "Hospital Pillows", "Material": "", "Title": "Wholesale Disposable Pillows", "Description": "Wholesale Disposable Pillows. These disposable non-woven pillows offer exceptional comfort and hygiene. With a hypoallergenic 16 and 18 oz fill, these pillows ensure a restful sleep ...", "Images": ["https://cdn11.bigcommerce.com/s-zd141b7qtp/products/48018/images/150645/wholesale-disposable-pillows-still-waters-pillows__60830.1706022377.386.513.jpg?c=1"], "Url": "https://directtextilestore.com/wholesale-disposable-pillows/"}
{"SKU": "PS-NW108_12", "Type": "", "Size": "20 X 26", "Color": "White", "Options": {"Main Option": "Disposable non-woven pillows", "Color": "White", "Fill Weight": "18 Oz", "Size": "20 X 26", "CHOOSE PACK SIZE": "Case of (12) Pieces"}, "Price Per Each": "3.43", "Full Price": "41.1900", "Stock Status": "In Stock", "Brand": "Still Water Pillows", "Category": "Pillows", "Sub Category": "Hospital Pillows", "Material": "", "Title": "Wholesale Disposable Pillows", "Description": "Wholesale Disposable Pillows. These disposable non-woven pillows offer exceptional comfort and hygiene. With a hypoallergenic 16 and 18 oz fill, these pillows ensure a restful sleep ...", "Images": ["https://cdn11.bigcommerce.com/s-zd141b7qtp/products/48018/images/150645/wholesale-disposable-pillows-still-waters-pillows__60830.1706022377.386.513.jpg?c=1"], "Url": "https://directtextilestore.com/wholesale-disposable-pillows/"}
