{"SKU": "15703", "Type": "", "Size": "Gallon", "Color": "", "Options": {"Main Option": "Amenities", "Description": "Shampoo -", "Size": "Gallon", "CHOOSE PACK SIZE": "Case of (4) Pieces"}, "Price Per Each": "21.26", "Full Price": "85.0300", "Stock Status": "In Stock", "Brand": "Terra Pure", "Category": "Shampoo", "Sub Category": "Conditioner", "Material": "", "Title": "TERRA PURE GREEN TEA BULK", "Description": "Pamper your guests with the luxury TERRA PURE&reg; GREEN TEA&trade; line, featuring pure ingredients packaged using recycled paper and 100% soy-based ink. Elevate your guests bathing experience ...", "Images": ["https://cdn11.bigcommerce.com/s-zd141b7qtp/products/46012/images/159858/terra-pure-green-tea-bulk-terra-pure__14559.1711020695.386.513.jpg?c=1", "https://cdn11.bigcommerce.com/s-zd141b7qtp/products/46012/images/159891/terra-pure-green-tea-bulk-terra-pure__81190.1711020725.386.513.jpg?c=1", "https://cdn11.bigcommerce.com/s-zd141b7qtp/products/46012/images/159481/terra-pure-green-tea-bulk-terra-pure__74337.1711020144.386.513.jpg?c=1", "https://cdn11.bigcommerce.com/s-zd141b7qtp/products/46012/images/159738/terra-pure-green-tea-bulk-terra-pure__26259.1711020486.386.513.jpg?c=1"], "Url": "https://directtextilestore.com/TERRA-PURE-GREEN-TEA-BULK"}
{"SKU": "15704", "Type": "", "Size": "Gallon", "Color": "", "Options": {"Main Option": "Amenities", "Description": "Conditioner-", "Size": "Gallon", "CHOOSE PACK SIZE": "Case of (4) Pieces"}, "Price Per Each": "21.27", "Full Price": "85.0600", "Stock Status": "In Stock", "Brand": "Terra Pure", "Category": "Shampoo", "Sub Category": "Conditioner", "Material": "", "Title": "TERRA PURE GREEN TEA BULK", "Description": "Pamper your guests with the luxury TERRA PURE&reg; GREEN TEA&trade; line, featuring pure ingredients packaged using recycled paper and 100% soy-based ink. Elevate your guests bathing experience ...", "Images": ["https://cdn11.bigcommerce.com/s-zd141b7qtp/products/46012/images/159858/terra-pure-green-tea-bulk-terra-pure__14559.1711020695.386.513.jpg?c=1", "https://cdn11.bigcommerce.com/s-zd141b7qtp/products/46012/images/159891/terra-pure-green-tea-bulk-terra-pure__81190.1711020725.386.513.jpg?c=1", "https://cdn11.bigcommerce.com/s-zd141b7qtp/products/46012/images/159481/terra-pure-green-tea-bulk-terra-pure__74337.1711020144.386.513.jpg?c=1", "https://cdn11.bigcommerce.com/s-zd141b7qtp/products/46012/images/159738/terra-pure-green-tea-bulk-terra-pure__26259.1711020486.386.513.jpg?c=1"], "Url": "https://directtextilestore.com/TERRA-PURE-GREEN-TEA-BULK"}
{"SKU": "14821", "Type": "", "Size": "Gallon", "Color": "", "Options": {"Main Option": "Amenities", "Description": "Lotion -", "Size": "Gallon", "CHOOSE PACK SIZE": "Case of (4) Pieces"}, "Price Per Each": "21.52", "Full Price": "86.0600", "Stock Status": "In Stock", "Brand": "Terra Pure", "Category": "Shampoo", "Sub Category": "Conditioner", "Material": "", "Title": "TERRA PURE GREEN TEA BULK", "Description": "Pamper your guests with the luxury TERRA PURE&reg; GREEN TEA&trade; line, featuring pure ingredients packaged using recycled paper and 100% soy-based ink. Elevate your guests bathing experience ...", "Images": ["https://cdn11.bigcommerce.com/s-zd141b7qtp/products/46012/images/159858/terra-pure-green-tea-bulk-terra-pure__14559.1711020695.386.513.jpg?c=1", "https://cdn11.bigcommerce.com/s-zd141b7qtp/products/46012/images/159891/terra-pure-green-tea-bulk-terra-pure__81190.1711020725.386.513.jpg?c=1", "https://cdn11.bigcommerce.com/s-zd141b7qtp/products/46012/images/159481/terra-pure-green-tea-bulk-terra-pure__74337.1711020144.386.513.jpg?c=1", "https://cdn11.bigcommerce.com/s-zd141b7qtp/products/46012/images/159738/terra-pure-green-tea-bulk-terra-pure__26259.1711020486.386.513.jpg?c=1"], "Url": "https://directtextilestore.com/TERRA-PURE-GREEN-TEA-BULK"}
{"SKU": "13729", "Type": "", "Size": "Gallon", "Color": "", "Options": {"Main Option": "Amenities", "Description": "Body Wash -", "Size": "Gallon", "CHOOSE PACK SIZE": "Case of (4) Pieces"}, "Price Per Each": "19.16", "Full Price": "76.6300", "Stock Status": "In Stock", "Brand": "Terra Pure", "Category": "Shampoo", "Sub Category": "Conditioner", "Material": "", "Title": "TERRA PURE GREEN TEA BULK", "Description": "Pamper your guests with the luxury TERRA PURE&reg; GREEN TEA&trade; line, featuring pure ingredients packaged using recycled paper and 100% soy-based ink. Elevate your guests bathing experience ...", "Images": ["https://cdn11.bigcommerce.com/s-zd141b7qtp/products/46012/images/159858/terra-pure-green-tea-bulk-terra-pure__14559.1711020695.386.513.jpg?c=1", "https://cdn11.bigcommerce.com/s-zd141b7qtp/products/46012/images/159891/terra-pure-green-tea-bulk-terra-pure__81190.1711020725.386.513.jpg?c=1", "https://cdn11.bigcommerce.com/s-zd141b7qtp/products/46012/images/159481/terra-pure-green-tea-bulk-terra-pure__74337.1711020144.386.513.jpg?c=1", "https://cdn11.bigcommerce.com/s-zd141b7qtp/products/46012/images/159738/terra-pure-green-tea-bulk-terra-pure__26259.1711020486.386.513.jpg?c=1"], "Url": "https://directtextilestore.com/TERRA-PURE-GREEN-TEA-BULK"}
{"SKU": "TP030", "Type": "", "Size": "1.2 Oz", "Color": "", "Options": {"Main Option": "Amenities", "Description": "Shampoo", "Size": "1.2 Oz", "CHOOSE PACK SIZE": "Case of (300) Pieces"}, "Price Per Each": "0.31", "Full Price": "93.5700", "Stock Status": "In Stock", "Brand": "Terra Pure", "Category": "Shampoo", "Sub Category": "Conditioner", "Material": "", "Title": "TERRA PURE GREEN TEA Collection", "Description": "The environmentally conscious TERRA PURE&reg; GREEN TEA&trade; line is carefully enriched with pure ingredients and packaged using recycled paper and 100% soy-based ink. Designed to create a ...", "Images": ["https://cdn11.bigcommerce.com/s-zd141b7qtp/products/46011/images/160893/terra-pure-green-tea-collection-terra-pure__83048.1712319859.386.513.jpg?c=1", "https://cdn11.bigcommerce.com/s-zd141b7qtp/products/46011/images/161177/terra-pure-green-tea-collection-terra-pure__78992.1712320316.386.513.jpg?c=1", "https://cdn11.bigcommerce.com/s-zd141b7qtp/products/46011/images/160680/terra-pure-green-tea-collection-terra-pure__26383.1712319535.386.513.jpg?c=1", "https://cdn11.bigcommerce.com/s-zd141b7qtp/products/46011/images/161124/terra-pure-green-tea-collection-terra-pure__54127.1712320245.386.513.jpg?c=1", "https://cdn11.bigcommerce.com/s-zd141b7qtp/products/46011/images/160651/terra-pure-green-tea-collection-terra-pure__52454.1712319502.386.513.jpg?c=1", "https://cdn11.bigcommerce.com/s-zd141b7qtp/products/46011/images/160785/terra-pure-green-tea-collection-terra-pure__67381.1712319662.386.513.jpg?c=1", "https://cdn11.bigcommerce.com/s-zd141b7qtp/products/46011/images/161148/terra-pure-green-tea-collection-terra-pure__77481.1712320278.386.513.jpg?c=1", "https://cdn11.bigcommerce.com/s-zd141b7qtp/products/46011/images/160888/terra-pure-green-tea-collection-terra-pure__36437.1712319852.386.513.jpg?c=1"], "Url": "https://directtextilestore.com/TERRA-PURE-GREEN-TEA-Collection"}
{"SKU": "TP050", "Type": "", "Size": "1.2 Oz", "Color": "", "Options": {"Main Option": "Amenities", "Description": "Conditioner", "Size": "1.2 Oz", "CHOOSE PACK SIZE": "Case of (300) Pieces"}, "Price Per Each": "0.31", "Full Price": "94.2700", "Stock Status": "In Stock", "Brand": "Terra Pure", "Category": "Shampoo", "Sub Category": "Conditioner", "Material": "", "Title": "TERRA PURE GREEN TEA Collection", "Description": "The environmentally conscious TERRA PURE&reg; GREEN TEA&trade; line is carefully enriched with pure ingredients and packaged using recycled paper and 100% soy-based ink. Designed to create a ...", "Images": ["https://cdn11.bigcommerce.com/s-zd141b7qtp/products/46011/images/160893/terra-pure-green-tea-collection-terra-pure__83048.1712319859.386.513.jpg?c=1", "https://cdn11.bigcommerce.com/s-zd141b7qtp/products/46011/images/161177/terra-pure-green-tea-collection-terra-pure__78992.1712320316.386.513.jpg?c=1", "https://cdn11.bigcommerce.com/s-zd141b7qtp/products/46011/images/160680/terra-pure-green-tea-collection-terra-pure__26383.1712319535.386.513.jpg?c=1", "https://cdn11.bigcommerce.com/s-zd141b7qtp/products/46011/images/161124/terra-pure-green-tea-collection-terra-pure__54127.1712320245.386.513.jpg?c=1", "https://cdn11.bigcommerce.com/s-zd141b7qtp/products/46011/images/160651/terra-pure-green-tea-collection-terra-pure__52454.1712319502.386.513.jpg?c=1", "https://cdn11.bigcommerce.com/s-zd141b7qtp/products/46011/images/160785/terra-pure-green-tea-collection-terra-pure__67381.1712319662.386.513.jpg?c=1", "https://cdn11.bigcommerce.com/s-zd141b7qtp/products/46011/images/161148/terra-pure-green-tea-collection-terra-pure__77481.1712320278.386.513.jpg?c=1", "https://cdn11.bigcommerce.com/s-zd141b7qtp/products/46011/images/160888/terra-pure-green-tea-collection-terra-pure__36437.1712319852.386.513.jpg?c=1"], "Url": "https://directtextilestore.com/TERRA-PURE-GREEN-TEA-Collection"}
{"SKU": "TP060", "Type": "", "Size": "1.2 Oz", "Color": "", "Options": {"Main Option": "Amenities", "Description": "Lotion", "Size": "1.2 Oz", "CHOOSE PACK SIZE": "Case of (300) Pieces"}, "Price Per Each": "0.33", "Full Price": "98.8400", "Stock Status": "In Stock", "Brand": "Terra Pure", "Category": "Shampoo", "Sub Category": "Conditioner", "Material": "", "Title": "TERRA PURE GREEN TEA Collection", "Description": "The environmentally conscious TERRA PURE&reg; GREEN TEA&trade; line is carefully enriched with pure ingredients and packaged using recycled paper and 100% soy-based ink. Designed to create a ...", "Images": ["https://cdn11.bigcommerce.com/s-zd141b7qtp/products/46011/images/160893/terra-pure-green-tea-collection-terra-pure__83048.1712319859.386.513.jpg?c=1", "https://cdn11.bigcommerce.com/s-zd141b7qtp/products/46011/images/161177/terra-pure-green-tea-collection-terra-pure__78992.1712320316.386.513.jpg?c=1", "https://cdn11.bigcommerce.com/s-zd141b7qtp/products/46011/images/160680/terra-pure-green-tea-collection-terra-pure__26383.1712319535.386.513.jpg?c=1", "https://cdn11.bigcommerce.com/s-zd141b7qtp/products/46011/images/161124/terra-pure-green-tea-collection-terra-pure__54127.1712320245.386.513.jpg?c=1", "https://cdn11.bigcommerce.com/s-zd141b7qtp/products/46011/images/160651/terra-pure-green-tea-collection-terra-pure__52454.1712319502.386.513.jpg?c=1", "https://cdn11.bigcommerce.com/s-zd141b7qtp/products/46011/images/160785/terra-pure-green-tea-collection-terra-pure__67381.1712319662.386.513.jpg?c=1", "https://cdn11.bigcommerce.com/s-zd141b7qtp/products/46011/images/161148/terra-pure-green-tea-collection-terra-pure__77481.1712320278.386.513.jpg?c=1", "https://cdn11.bigcommerce.com/s-zd141b7qtp/products/46011/images/160888/terra-pure-green-tea-collection-terra-pure__36437.1712319852.386.513.jpg?c=1"], "Url": "https://directtextilestore.com/TERRA-PURE-GREEN-TEA-Collection"}
{"SKU": "TP040", "Type": "", "Size": "1.2 Oz", "Color": "", "Options": {"Main Option": "Amenities", "Description": "Body Wash", "Size": "1.2 Oz", "CHOOSE PACK SIZE": "Case of (300) Pieces"}, "Price Per Each": "0.32", "Full Price": "95.1900", "Stock Status": "In Stock", "Brand": "Terra Pure", "Category": "Shampoo", "Sub Category": "Conditioner", "Material": "", "Title": "TERRA PURE GREEN TEA Collection", "Description": "The environmentally conscious TERRA PURE&reg; GREEN TEA&trade; line is carefully enriched with pure ingredients and packaged using recycled paper and 100% soy-based ink. Designed to create a ...", "Images": ["https://cdn11.bigcommerce.com/s-zd141b7qtp/products/46011/images/160893/terra-pure-green-tea-collection-terra-pure__83048.1712319859.386.513.jpg?c=1", "https://cdn11.bigcommerce.com/s-zd141b7qtp/products/46011/images/161177/terra-pure-green-tea-collection-terra-pure__78992.1712320316.386.513.jpg?c=1", "https://cdn11.bigcommerce.com/s-zd141b7qtp/products/46011/images/160680/terra-pure-green-tea-collection-terra-pure__26383.1712319535.386.513.jpg?c=1", "https://cdn11.bigcommerce.com/s-zd141b7qtp/products/46011/images/161124/terra-pure-green-tea-collection-terra-pure__54127.1712320245.386.513.jpg?c=1", "https://cdn11.bigcommerce.com/s-zd141b7qtp/products/46011/images/160651/terra-pure-green-tea-collection-terra-pure__52454.1712319502.386.513.jpg?c=1", "https://cdn11.bigcommerce.com/s-zd141b7qtp/products/46011/images/160785/terra-pure-green-tea-collection-terra-pure__67381.1712319662.386.513.jpg?c=1", "https://cdn11.bigcommerce.com/s-zd141b7qtp/products/46011/images/161148/terra-pure-green-tea-collection-terra-pure__77481.1712320278.386.513.jpg?c=1", "https://cdn11.bigcommerce.com/s-zd141b7qtp/products/46011/images/160888/terra-pure-green-tea-collection-terra-pure__36437.1712319852.386.513.jpg?c=1"], "Url": "https://directtextilestore.com/TERRA-PURE-GREEN-TEA-Collection"}
{"SKU": "TP120", "Type": "", "Size": ".75 Oz", "Color": "", "Options": {"Main Option": "Amenities", "Description": "Cleansing Bar Soap", "Size": ".75 Oz", "CHOOSE PACK SIZE": "Case of (400) Pieces"}, "Price Per Each": "0.13", "Full Price": "52.7000", "Stock Status": "In Stock", "Brand": "Terra Pure", "Category": "Shampoo", "Sub Category": "Conditioner", "Material": "", "Title": "TERRA PURE GREEN TEA Collection", "Description": "The environmentally conscious TERRA PURE&reg; GREEN TEA&trade; line is carefully enriched with pure ingredients and packaged using recycled paper and 100% soy-based ink. Designed to create a ...", "Images": ["https://cdn11.bigcommerce.com/s-zd141b7qtp/products/46011/images/160893/terra-pure-green-tea-collection-terra-pure__83048.1712319859.386.513.jpg?c=1", "https://cdn11.bigcommerce.com/s-zd141b7qtp/products/46011/images/161177/terra-pure-green-tea-collection-terra-pure__78992.1712320316.386.513.jpg?c=1", "https://cdn11.bigcommerce.com/s-zd141b7qtp/products/46011/images/160680/terra-pure-green-tea-collection-terra-pure__26383.1712319535.386.513.jpg?c=1", "https://cdn11.bigcommerce.com/s-zd141b7qtp/products/46011/images/161124/terra-pure-green-tea-collection-terra-pure__54127.1712320245.386.513.jpg?c=1", "https://cdn11.bigcommerce.com/s-zd141b7qtp/products/46011/images/160651/terra-pure-green-tea-collection-terra-pure__52454.1712319502.386.513.jpg?c=1", "https://cdn11.bigcommerce.com/s-zd141b7qtp/products/46011/images/160785/terra-pure-green-tea-collection-terra-pure__67381.1712319662.386.513.jpg?c=1", "https://cdn11.bigcommerce.com/s-zd141b7qtp/products/46011/images/161148/terra-pure-green-tea-collection-terra-pure__77481.1712320278.386.513.jpg?c=1", "https://cdn11.bigcommerce.com/s-zd141b7qtp/products/46011/images/160888/terra-pure-green-tea-collection-terra-pure__36437.1712319852.386.513.jpg?c=1"], "Url": "https://directtextilestore.com/TERRA-PURE-GREEN-TEA-Collection"}
{"SKU": "TP117", "Type": "", "Size": "Osfa", "Color": "", "Options": {"Main Option": "Amenities", "Description": "Personal Care Kit", "Size": "Osfa", "CHOOSE PACK SIZE": "Case of (1000) Pieces"}, "Price Per Each": "0.26", "Full Price": "259.4400", "Stock Status": "In Stock", "Brand": "Terra Pure", "Category": "Shampoo", "Sub Category": "Conditioner", "Material": "", "Title": "TERRA PURE GREEN TEA Collection", "Description": "The environmentally conscious TERRA PURE&reg; GREEN TEA&trade; line is carefully enriched with pure ingredients and packaged using recycled paper and 100% soy-based ink. Designed to create a ...", "Images": ["https://cdn11.bigcommerce.com/s-zd141b7qtp/products/46011/images/160893/terra-pure-green-tea-collection-terra-pure__83048.1712319859.386.513.jpg?c=1", "https://cdn11.bigcommerce.com/s-zd141b7qtp/products/46011/images/161177/terra-pure-green-tea-collection-terra-pure__78992.1712320316.386.513.jpg?c=1", "https://cdn11.bigcommerce.com/s-zd141b7qtp/products/46011/images/160680/terra-pure-green-tea-collection-terra-pure__26383.1712319535.386.513.jpg?c=1", "https://cdn11.bigcommerce.com/s-zd141b7qtp/products/46011/images/161124/terra-pure-green-tea-collection-terra-pure__54127.1712320245.386.513.jpg?c=1", "https://cdn11.bigcommerce.com/s-zd141b7qtp/products/46011/images/160651/terra-pure-green-tea-collection-terra-pure__52454.1712319502.386.513.jpg?c=1", "https://cdn11.bigcommerce.com/s-zd141b7qtp/products/46011/images/160785/terra-pure-green-tea-collection-terra-pure__67381.1712319662.386.513.jpg?c=1", "https://cdn11.bigcommerce.com/s-zd141b7qtp/products/46011/images/161148/terra-pure-green-tea-collection-terra-pure__77481.1712320278.386.513.jpg?c=1", "https://cdn11.bigcommerce.com/s-zd141b7qtp/products/46011/images/160888/terra-pure-green-tea-collection-terra-pure__36437.1712319852.386.513.jpg?c=1"], "Url": "https://directtextilestore.com/TERRA-PURE-GREEN-TEA-Collection"}
{"SKU": "TP068", "Type": "", "Size": "Osfa", "Color": "", "Options": {"Main Option": "Amenities", "Description": "Shower Cap", "Size": "Osfa", "CHOOSE PACK SIZE": "Case of (1000) Pieces"}, "Price Per Each": "0.15", "Full Price": "151.1700", "Stock Status": "In Stock", "Brand": "Terra Pure", "Category": "Shampoo", "Sub Category": "Conditioner", "Material": "", "Title": "TERRA PURE GREEN TEA Collection", "Description": "The environmentally conscious TERRA PURE&reg; GREEN TEA&trade; line is carefully enriched with pure ingredients and packaged using recycled paper and 100% soy-based ink. Designed to create a ...", "Images": ["https://cdn11.bigcommerce.com/s-zd141b7qtp/products/46011/images/160893/terra-pure-green-tea-collection-terra-pure__83048.1712319859.386.513.jpg?c=1", "https://cdn11.bigcommerce.com/s-zd141b7qtp/products/46011/images/161177/terra-pure-green-tea-collection-terra-pure__78992.1712320316.386.513.jpg?c=1", "https://cdn11.bigcommerce.com/s-zd141b7qtp/products/46011/images/160680/terra-pure-green-tea-collection-terra-pure__26383.1712319535.386.513.jpg?c=1", "https://cdn11.bigcommerce.com/s-zd141b7qtp/products/46011/images/161124/terra-pure-green-tea-collection-terra-pure__54127.1712320245.386.513.jpg?c=1", "https://cdn11.bigcommerce.com/s-zd141b7qtp/products/46011/images/160651/terra-pure-green-tea-collection-terra-pure__52454.1712319502.386.513.jpg?c=1", "https://cdn11.bigcommerce.com/s-zd141b7qtp/products/46011/images/160785/terra-pure-green-tea-collection-terra-pure__67381.1712319662.386.513.jpg?c=1", "https://cdn11.bigcommerce.com/s-zd141b7qtp/products/46011/images/161148/terra-pure-green-tea-collection-terra-pure__77481.1712320278.386.513.jpg?c=1", "https://cdn11.bigcommerce.com/s-zd141b7qtp/products/46011/images/160888/terra-pure-green-tea-collection-terra-pure__36437.1712319852.386.513.jpg?c=1"], "Url": "https://directtextilestore.com/TERRA-PURE-GREEN-TEA-Collection"}
{"SKU": "TP040RET", "Type": "", "Size": "10.14 Oz Pump Bottle", "Color": "", "Options": {"Main Option": "Amenities", "Description": "Hand And Body Wash", "Size": "10.14 Oz Pump Bottle", "CHOOSE PACK SIZE": "Case of (24) Pieces"}, "Price Per Each": "9.93", "Full Price": "238.2900", "Stock Status": "In Stock", "Brand": "Terra Pure", "Category": "", "Sub Category": "", "Material": "", "Title": "Terra Pure Green Tea Organic Body & Hand Wash", "Description": "The exceptional TERRA PURE&reg; GREEN TEA&trade; Hand &amp; Body Wash contains delicate botanical fragrance to provide a gentle yet effective cleansing experience that revitalizes the skin without ...", "Images": ["https://cdn11.bigcommerce.com/s-zd141b7qtp/products/46846/images/158853/terra-pure-green-tea-organic-body-and-hand-wash__79356.1709723118.386.513.jpg?c=1"], "Url": "https://directtextilestore.com/Terra-Pure-Green-Tea-Organic-Body-Hand-Wash"}
{"SKU": "TP050RET", "Type": "", "Size": "10.14 Oz Pump Bottle", "Color": "", "Options": {"Main Option": "Amenities", "Description": "Hair Conditioner", "Size": "10.14 Oz Pump Bottle", "CHOOSE PACK SIZE": "Case of (25) Pieces"}, "Price Per Each": "9.93", "Full Price": "248.2100", "Stock Status": "In Stock", "Brand": "Terra Pure", "Category": "", "Sub Category": "", "Material": "", "Title": "Terra Pure Green Tea Organic Hair Conditioner", "Description": "There is more to the TERRA PURE&reg; GREEN TEATM Replenishing Hair Conditioner than just a light botanical scent. This conditioner is designed to provide the hair a deep conditioning sensation ...", "Images": ["https://cdn11.bigcommerce.com/s-zd141b7qtp/products/46847/images/158466/terra-pure-green-tea-organic-hair-conditioner__54892.1709722406.386.513.jpg?c=1"], "Url": "https://directtextilestore.com/Terra-Pure-Green-Tea-Organic-Hair-Conditioner"}
{"SKU": "TP060RET_7809", "Type": "", "Size": "", "Color": "", "Options": {"Select Options": "Case of 25 - 10.14 oz Lotion, Pump Bottle"}, "Price Per Each": "248.2100", "Full Price": "248.2100", "Stock Status": "In Stock", "Brand": "Terra Pure", "Category": "", "Sub Category": "", "Material": "", "Title": "Terra Pure Green Tea Organic Lotion", "Description": "Exquisite TERRA PURE&reg; GREEN TEA&trade; Soothing Body Lotion provides a delicate botanical fragrance specifically designed to provide intense hydration to the skin without any greasy residue. ...", "Images": ["https://cdn11.bigcommerce.com/s-zd141b7qtp/products/46848/images/158807/terra-pure-green-tea-organic-lotion__38558.1709723067.386.513.jpg?c=1", "https://cdn11.bigcommerce.com/s-zd141b7qtp/products/46848/images/150672/terra-pure-green-tea-organic-lotion__83278.1708724216.386.513.jpg?c=1"], "Url": "https://directtextilestore.com/Terra-Pure-Green-Tea-Organic-Lotion"}
{"SKU": "TP127", "Type": "", "Size": "500 Kits", "Color": "", "Options": {"Main Option": "Amenities", "Description": "Personal Care Kit", "Size": "500 Kits", "CHOOSE PACK SIZE": "Case of (500) Pieces"}, "Price Per Each": "0.29", "Full Price": "142.7100", "Stock Status": "In Stock", "Brand": "Terra Pure", "Category": "Personal Care Kit", "Sub Category": "", "Material": "", "Title": "Terra Pure Personal Care Kit", "Description": "The Terra Pure Green Tea Personal Care Kit contains a mending kit (with 2 needles, 4 colors of thread, 2 buttons, and a small safety pin) 2 cotton swabs, 2 cotton pads, and an individually wrapped ...", "Images": ["https://cdn11.bigcommerce.com/s-zd141b7qtp/products/46845/images/158596/terra-pure-personal-care-kit__33246.1709722634.386.513.jpg?c=1"], "Url": "https://directtextilestore.com/Terra-Pure-Personal-Care-Kit"}
