{"SKU": "HB300W8890PC", "Type": "", "Size": "88 X 90", "Color": "", "Options": {"Main Option": "Duvet Cover", "Description": "Queen", "Size": "88 X 90", "CHOOSE PACK SIZE": "Case of (12) Pieces"}, "Price Per Each": "29.07", "Full Price": "348.8300", "Stock Status": "In Stock", "Brand": "Villa Di Borghese Collection", "Category": "Duvet Covers", "Sub Category": "Bedding", "Material": "100% Cotton", "Title": "Villa di Borghese Duvet Covers", "Description": "Villa di Borghese Duvet Covers luxury bedding are made 310 Thread Count 100% Cotton/Pima Cotton Sateen.       Knife edge seam (plain seam) with a 15\"  flap opening in the middle of the end seam ...", "Images": ["https://cdn11.bigcommerce.com/s-zd141b7qtp/products/44918/images/160676/villa-di-borghese-duvet-covers-villa-di-borghese-collection__33070.1712319530.386.513.jpg?c=1", "https://cdn11.bigcommerce.com/s-zd141b7qtp/products/44918/images/160679/villa-di-borghese-duvet-covers-villa-di-borghese-collection__36605.1712319534.386.513.jpg?c=1", "https://cdn11.bigcommerce.com/s-zd141b7qtp/products/44918/images/151581/villa-di-borghese-duvet-covers-villa-di-borghese-collection__33445.1706023683.386.513.jpg?c=1", "https://cdn11.bigcommerce.com/s-zd141b7qtp/products/44918/images/160648/villa-di-borghese-duvet-covers-villa-di-borghese-collection__79417.1712319498.386.513.jpg?c=1", "https://cdn11.bigcommerce.com/s-zd141b7qtp/products/44918/images/161112/villa-di-borghese-duvet-covers-villa-di-borghese-collection__75575.1712320231.386.513.jpg?c=1"], "Url": "https://directtextilestore.com/Villa-di-Borghese-Duvet-Covers"}
{"SKU": "HB300W10490PC", "Type": "", "Size": "104 X 90", "Color": "", "Options": {"Main Option": "Duvet Cover", "Description": "King", "Size": "104 X 90", "CHOOSE PACK SIZE": "Case of (12) Pieces"}, "Price Per Each": "47.76", "Full Price": "573.1700", "Stock Status": "In Stock", "Brand": "Villa Di Borghese Collection", "Category": "Duvet Covers", "Sub Category": "Bedding", "Material": "100% Cotton", "Title": "Villa di Borghese Duvet Covers", "Description": "Villa di Borghese Duvet Covers luxury bedding are made 310 Thread Count 100% Cotton/Pima Cotton Sateen.       Knife edge seam (plain seam) with a 15\"  flap opening in the middle of the end seam ...", "Images": ["https://cdn11.bigcommerce.com/s-zd141b7qtp/products/44918/images/160676/villa-di-borghese-duvet-covers-villa-di-borghese-collection__33070.1712319530.386.513.jpg?c=1", "https://cdn11.bigcommerce.com/s-zd141b7qtp/products/44918/images/160679/villa-di-borghese-duvet-covers-villa-di-borghese-collection__36605.1712319534.386.513.jpg?c=1", "https://cdn11.bigcommerce.com/s-zd141b7qtp/products/44918/images/151581/villa-di-borghese-duvet-covers-villa-di-borghese-collection__33445.1706023683.386.513.jpg?c=1", "https://cdn11.bigcommerce.com/s-zd141b7qtp/products/44918/images/160648/villa-di-borghese-duvet-covers-villa-di-borghese-collection__79417.1712319498.386.513.jpg?c=1", "https://cdn11.bigcommerce.com/s-zd141b7qtp/products/44918/images/161112/villa-di-borghese-duvet-covers-villa-di-borghese-collection__75575.1712320231.386.513.jpg?c=1"], "Url": "https://directtextilestore.com/Villa-di-Borghese-Duvet-Covers"}
{"SKU": "HTVLUC1313WDC", "Type": "", "Size": "13 X 13", "Color": "", "Options": {"Main Option": "Washcloth", "Description": "Washcloth, White", "Weight Per Dozen": "1.50 Lbs", "Size": "13 X 13", "CHOOSE PACK SIZE": "Case of (288) Pieces"}, "Price Per Each": "1.46", "Full Price": "420.0000", "Stock Status": "In Stock", "Brand": "Villa Di Borghese Collection", "Category": "Towels", "Sub Category": "Hospital/Healthcare Towels", "Material": "100% Cotton100% Ringspun Cotton", "Title": "Villa di Borghese Lucca Towel Collection", "Description": "A pinnacle of luxury, the Villa di Borghese Lucca Towel Collection is made with the finest materials and attention to detail, these hotel towels offer unrivaled softness, absorbency, and ...", "Images": ["https://cdn11.bigcommerce.com/s-zd141b7qtp/products/44919/images/160939/villa-di-borghese-lucca-towel-collection-villa-di-borghese-collection__24033.1712319916.386.513.jpg?c=1", "https://cdn11.bigcommerce.com/s-zd141b7qtp/products/44919/images/161083/villa-di-borghese-lucca-towel-collection-villa-di-borghese-collection__48229.1712320147.386.513.jpg?c=1"], "Url": "https://directtextilestore.com/Villa-di-Borghese-Lucca-Towel-Collection"}
{"SKU": "HTVLUC2036WDC", "Type": "", "Size": "20 X 36", "Color": "", "Options": {"Main Option": "Hand Towel", "Description": "Hand Towel, White", "Weight Per Dozen": "6.20 Lbs", "Size": "20 X 36", "CHOOSE PACK SIZE": "Case of (72) Pieces"}, "Price Per Each": "4.50", "Full Price": "324.0000", "Stock Status": "In Stock", "Brand": "Villa Di Borghese Collection", "Category": "Towels", "Sub Category": "Hospital/Healthcare Towels", "Material": "100% Cotton100% Ringspun Cotton", "Title": "Villa di Borghese Lucca Towel Collection", "Description": "A pinnacle of luxury, the Villa di Borghese Lucca Towel Collection is made with the finest materials and attention to detail, these hotel towels offer unrivaled softness, absorbency, and ...", "Images": ["https://cdn11.bigcommerce.com/s-zd141b7qtp/products/44919/images/160939/villa-di-borghese-lucca-towel-collection-villa-di-borghese-collection__24033.1712319916.386.513.jpg?c=1", "https://cdn11.bigcommerce.com/s-zd141b7qtp/products/44919/images/161083/villa-di-borghese-lucca-towel-collection-villa-di-borghese-collection__48229.1712320147.386.513.jpg?c=1"], "Url": "https://directtextilestore.com/Villa-di-Borghese-Lucca-Towel-Collection"}
{"SKU": "HTVLUC3060WDC", "Type": "", "Size": "30 X 60", "Color": "", "Options": {"Main Option": "Bath Towel", "Description": "Bath Towel White", "Weight Per Dozen": "20.0 Lbs", "Size": "30 X 60", "CHOOSE PACK SIZE": "Case of (24) Pieces"}, "Price Per Each": "19.22", "Full Price": "461.3300", "Stock Status": "In Stock", "Brand": "Villa Di Borghese Collection", "Category": "Towels", "Sub Category": "Hospital/Healthcare Towels", "Material": "100% Cotton100% Ringspun Cotton", "Title": "Villa di Borghese Lucca Towel Collection", "Description": "A pinnacle of luxury, the Villa di Borghese Lucca Towel Collection is made with the finest materials and attention to detail, these hotel towels offer unrivaled softness, absorbency, and ...", "Images": ["https://cdn11.bigcommerce.com/s-zd141b7qtp/products/44919/images/160939/villa-di-borghese-lucca-towel-collection-villa-di-borghese-collection__24033.1712319916.386.513.jpg?c=1", "https://cdn11.bigcommerce.com/s-zd141b7qtp/products/44919/images/161083/villa-di-borghese-lucca-towel-collection-villa-di-borghese-collection__48229.1712320147.386.513.jpg?c=1"], "Url": "https://directtextilestore.com/Villa-di-Borghese-Lucca-Towel-Collection"}
{"SKU": "HTVLUC2236WDC", "Type": "", "Size": "22 X 36", "Color": "", "Options": {"Main Option": "Bath Mat", "Description": "Bath Mat, White", "Weight Per Dozen": "11.20 Lbs", "Size": "22 X 36", "CHOOSE PACK SIZE": "Case of (48) Pieces"}, "Price Per Each": "9.00", "Full Price": "432.0000", "Stock Status": "In Stock", "Brand": "Villa Di Borghese Collection", "Category": "Towels", "Sub Category": "Hospital/Healthcare Towels", "Material": "100% Cotton100% Ringspun Cotton", "Title": "Villa di Borghese Lucca Towel Collection", "Description": "A pinnacle of luxury, the Villa di Borghese Lucca Towel Collection is made with the finest materials and attention to detail, these hotel towels offer unrivaled softness, absorbency, and ...", "Images": ["https://cdn11.bigcommerce.com/s-zd141b7qtp/products/44919/images/160939/villa-di-borghese-lucca-towel-collection-villa-di-borghese-collection__24033.1712319916.386.513.jpg?c=1", "https://cdn11.bigcommerce.com/s-zd141b7qtp/products/44919/images/161083/villa-di-borghese-lucca-towel-collection-villa-di-borghese-collection__48229.1712320147.386.513.jpg?c=1"], "Url": "https://directtextilestore.com/Villa-di-Borghese-Lucca-Towel-Collection"}
{"SKU": "HTVLUC3570WDC", "Type": "", "Size": "35 X 70", "Color": "", "Options": {"Main Option": "Bath Sheet", "Description": "Bath Sheet, White", "Weight Per Dozen": "22.0 Lbs", "Size": "35 X 70", "CHOOSE PACK SIZE": "Case of (24) Pieces"}, "Price Per Each": "17.15", "Full Price": "411.6700", "Stock Status": "In Stock", "Brand": "Villa Di Borghese Collection", "Category": "Towels", "Sub Category": "Hospital/Healthcare Towels", "Material": "100% Cotton100% Ringspun Cotton", "Title": "Villa di Borghese Lucca Towel Collection", "Description": "A pinnacle of luxury, the Villa di Borghese Lucca Towel Collection is made with the finest materials and attention to detail, these hotel towels offer unrivaled softness, absorbency, and ...", "Images": ["https://cdn11.bigcommerce.com/s-zd141b7qtp/products/44919/images/160939/villa-di-borghese-lucca-towel-collection-villa-di-borghese-collection__24033.1712319916.386.513.jpg?c=1", "https://cdn11.bigcommerce.com/s-zd141b7qtp/products/44919/images/161083/villa-di-borghese-lucca-towel-collection-villa-di-borghese-collection__48229.1712320147.386.513.jpg?c=1"], "Url": "https://directtextilestore.com/Villa-di-Borghese-Lucca-Towel-Collection"}
{"SKU": "HRPDU5068WC", "Type": "", "Size": "Osfa", "Color": "", "Options": {"Main Option": "Robes", "Description": "Waffle Outer / Inner Terry W/Shawl Collar", "Size": "Osfa", "CHOOSE PACK SIZE": "Case of (12) Pieces"}, "Price Per Each": "39.74", "Full Price": "476.8300", "Stock Status": "In Stock", "Brand": "Villa Di Borghese Collection", "Category": "Waiter Jackets | Coats", "Sub Category": "Hospitality Robes", "Material": "100% Ringspun Cotton", "Title": "Villa di Borghese Padua Waffle/Terry Robe", "Description": "Villa di Borghese Robe Collection offers three luxurious styles. The name Borghese- a Designer Italian brand that eminates beauty, luxury, and style may bring make up and cosmetics to mind. Now ...", "Images": ["https://cdn11.bigcommerce.com/s-zd141b7qtp/products/45047/images/148723/villa-di-borghese-padua-waffleterry-robe-villa-di-borghese-collection__13636.1706019699.386.513.jpg?c=1", "https://cdn11.bigcommerce.com/s-zd141b7qtp/products/45047/images/152044/villa-di-borghese-padua-waffleterry-robe-villa-di-borghese-collection__04804.1706024308.386.513.jpg?c=1"], "Url": "https://directtextilestore.com/Villa-di-Borghese-Padua-Waffle-Terry-Robe"}
{"SKU": "HRRVN5063WC", "Type": "", "Size": "Osfa", "Color": "", "Options": {"Main Option": "Robes", "Description": "Velour Shawl Collar", "Size": "Osfa", "CHOOSE PACK SIZE": "Case of (12) Pieces"}, "Price Per Each": "51.72", "Full Price": "620.6700", "Stock Status": "In Stock", "Brand": "Villa Di Borghese Collection", "Category": "Waiter Jackets | Coats", "Sub Category": "Hospitality Robes", "Material": "100% Ringspun Cotton", "Title": "Villa di Borghese Ravenna Shawl Collar Velour Robe", "Description": "Villa di Borghese Ravenna Shawl Collar Velour Robe . The name Borghese- a Designer Italian brand that eminates beauty, luxury, and style may bring make up and cosmetics to mind. Now Borghese ...", "Images": ["https://cdn11.bigcommerce.com/s-zd141b7qtp/products/45048/images/148415/villa-di-borghese-ravenna-shawl-collar-velour-robe-villa-di-borghese-collection__03358.1706019265.386.513.jpg?c=1", "https://cdn11.bigcommerce.com/s-zd141b7qtp/products/45048/images/150738/villa-di-borghese-ravenna-shawl-collar-velour-robe-villa-di-borghese-collection__18523.1706022521.386.513.jpg?c=1"], "Url": "https://directtextilestore.com/Villa-di-Borghese-Ravenna-Shawl-Collar-Velour-Robe-"}
{"SKU": "HTSOR1313WDC", "Type": "", "Size": "13 X 13", "Color": "", "Options": {"Main Option": "Washcloth", "Description": "Washcloth, White", "Weight Per Dozen": "1.90 Lbs", "Size": "13 X 13", "CHOOSE PACK SIZE": "Case of (288) Pieces"}, "Price Per Each": "1.61", "Full Price": "464.0000", "Stock Status": "In Stock", "Brand": "Villa Di Borghese Collection", "Category": "Towels", "Sub Category": "Hospital/Healthcare Towels", "Material": "100% Cotton100% Ringspun Cotton", "Title": "Villa di Borghese Sorrento Towel Collection", "Description": "Indulge in the opulence of our Villa di Borghese Sorrento Luxury Towel Collection. Immerse yourself in the unparalleled luxury and comfort of these thick and extra absorbent hotel towels, ...", "Images": ["https://cdn11.bigcommerce.com/s-zd141b7qtp/products/44920/images/162742/villa-di-borghese-sorrento-towel-collection-villa-di-borghese-collection__65424.1713790713.386.513.jpg?c=1", "https://cdn11.bigcommerce.com/s-zd141b7qtp/products/44920/images/149892/villa-di-borghese-sorrento-towel-collection-villa-di-borghese-collection__89338.1713469920.386.513.jpg?c=1", "https://cdn11.bigcommerce.com/s-zd141b7qtp/products/44920/images/151003/villa-di-borghese-sorrento-towel-collection-villa-di-borghese-collection__78792.1713469920.386.513.jpg?c=1"], "Url": "https://directtextilestore.com/Villa-di-Borghese-Sorrento-Towel-Collection"}
{"SKU": "HTSOR1932WDC", "Type": "", "Size": "19 X 32", "Color": "", "Options": {"Main Option": "Hand Towel", "Description": "Hand Towel, White", "Weight Per Dozen": "6.90 Lbs", "Size": "19 X 32", "CHOOSE PACK SIZE": "Case of (72) Pieces"}, "Price Per Each": "3.81", "Full Price": "274.0000", "Stock Status": "In Stock", "Brand": "Villa Di Borghese Collection", "Category": "Towels", "Sub Category": "Hospital/Healthcare Towels", "Material": "100% Cotton100% Ringspun Cotton", "Title": "Villa di Borghese Sorrento Towel Collection", "Description": "Indulge in the opulence of our Villa di Borghese Sorrento Luxury Towel Collection. Immerse yourself in the unparalleled luxury and comfort of these thick and extra absorbent hotel towels, ...", "Images": ["https://cdn11.bigcommerce.com/s-zd141b7qtp/products/44920/images/162742/villa-di-borghese-sorrento-towel-collection-villa-di-borghese-collection__65424.1713790713.386.513.jpg?c=1", "https://cdn11.bigcommerce.com/s-zd141b7qtp/products/44920/images/149892/villa-di-borghese-sorrento-towel-collection-villa-di-borghese-collection__89338.1713469920.386.513.jpg?c=1", "https://cdn11.bigcommerce.com/s-zd141b7qtp/products/44920/images/151003/villa-di-borghese-sorrento-towel-collection-villa-di-borghese-collection__78792.1713469920.386.513.jpg?c=1"], "Url": "https://directtextilestore.com/Villa-di-Borghese-Sorrento-Towel-Collection"}
{"SKU": "HTSOR2754WDC", "Type": "", "Size": "27 X 54", "Color": "", "Options": {"Main Option": "Bath Towel", "Description": "Bath Towel, White", "Weight Per Dozen": "16.90 Lbs", "Size": "27 X 54", "CHOOSE PACK SIZE": "Case of (36) Pieces"}, "Price Per Each": "11.90", "Full Price": "428.5000", "Stock Status": "In Stock", "Brand": "Villa Di Borghese Collection", "Category": "Towels", "Sub Category": "Hospital/Healthcare Towels", "Material": "100% Cotton100% Ringspun Cotton", "Title": "Villa di Borghese Sorrento Towel Collection", "Description": "Indulge in the opulence of our Villa di Borghese Sorrento Luxury Towel Collection. Immerse yourself in the unparalleled luxury and comfort of these thick and extra absorbent hotel towels, ...", "Images": ["https://cdn11.bigcommerce.com/s-zd141b7qtp/products/44920/images/162742/villa-di-borghese-sorrento-towel-collection-villa-di-borghese-collection__65424.1713790713.386.513.jpg?c=1", "https://cdn11.bigcommerce.com/s-zd141b7qtp/products/44920/images/149892/villa-di-borghese-sorrento-towel-collection-villa-di-borghese-collection__89338.1713469920.386.513.jpg?c=1", "https://cdn11.bigcommerce.com/s-zd141b7qtp/products/44920/images/151003/villa-di-borghese-sorrento-towel-collection-villa-di-borghese-collection__78792.1713469920.386.513.jpg?c=1"], "Url": "https://directtextilestore.com/Villa-di-Borghese-Sorrento-Towel-Collection"}
{"SKU": "HTSOR1935WDC", "Type": "", "Size": "19 X 35", "Color": "", "Options": {"Main Option": "Bath Mat", "Description": "Bath Mat, White", "Weight Per Dozen": "11.30 Lbs", "Size": "19 X 35", "CHOOSE PACK SIZE": "Case of (48) Pieces"}, "Price Per Each": "5.32", "Full Price": "255.3300", "Stock Status": "In Stock", "Brand": "Villa Di Borghese Collection", "Category": "Towels", "Sub Category": "Hospital/Healthcare Towels", "Material": "100% Cotton100% Ringspun Cotton", "Title": "Villa di Borghese Sorrento Towel Collection", "Description": "Indulge in the opulence of our Villa di Borghese Sorrento Luxury Towel Collection. Immerse yourself in the unparalleled luxury and comfort of these thick and extra absorbent hotel towels, ...", "Images": ["https://cdn11.bigcommerce.com/s-zd141b7qtp/products/44920/images/162742/villa-di-borghese-sorrento-towel-collection-villa-di-borghese-collection__65424.1713790713.386.513.jpg?c=1", "https://cdn11.bigcommerce.com/s-zd141b7qtp/products/44920/images/149892/villa-di-borghese-sorrento-towel-collection-villa-di-borghese-collection__89338.1713469920.386.513.jpg?c=1", "https://cdn11.bigcommerce.com/s-zd141b7qtp/products/44920/images/151003/villa-di-borghese-sorrento-towel-collection-villa-di-borghese-collection__78792.1713469920.386.513.jpg?c=1"], "Url": "https://directtextilestore.com/Villa-di-Borghese-Sorrento-Towel-Collection"}
{"SKU": "HTSOR3566WDC", "Type": "", "Size": "35 X 66", "Color": "", "Options": {"Main Option": "Bath Sheet", "Description": "Bath Sheet, White", "Weight Per Dozen": "26.20 Lbs", "Size": "35 X 66", "CHOOSE PACK SIZE": "Case of (24) Pieces"}, "Price Per Each": "12.42", "Full Price": "298.0000", "Stock Status": "In Stock", "Brand": "Villa Di Borghese Collection", "Category": "Towels", "Sub Category": "Hospital/Healthcare Towels", "Material": "100% Cotton100% Ringspun Cotton", "Title": "Villa di Borghese Sorrento Towel Collection", "Description": "Indulge in the opulence of our Villa di Borghese Sorrento Luxury Towel Collection. Immerse yourself in the unparalleled luxury and comfort of these thick and extra absorbent hotel towels, ...", "Images": ["https://cdn11.bigcommerce.com/s-zd141b7qtp/products/44920/images/162742/villa-di-borghese-sorrento-towel-collection-villa-di-borghese-collection__65424.1713790713.386.513.jpg?c=1", "https://cdn11.bigcommerce.com/s-zd141b7qtp/products/44920/images/149892/villa-di-borghese-sorrento-towel-collection-villa-di-borghese-collection__89338.1713469920.386.513.jpg?c=1", "https://cdn11.bigcommerce.com/s-zd141b7qtp/products/44920/images/151003/villa-di-borghese-sorrento-towel-collection-villa-di-borghese-collection__78792.1713469920.386.513.jpg?c=1"], "Url": "https://directtextilestore.com/Villa-di-Borghese-Sorrento-Towel-Collection"}
{"SKU": "HBEVRI5171C", "Type": "", "Size": "51 X 71", "Color": "", "Options": {"Main Option": "Bed Throw", "Description": "Ivory", "Size": "51 X 71", "CHOOSE PACK SIZE": "Case of (12) Pieces"}, "Price Per Each": "47.83", "Full Price": "574.0000", "Stock Status": "In Stock", "Brand": "Villa Di Borghese Collection", "Category": "Bedding", "Sub Category": "Bed Skirts and Throws", "Material": "", "Title": "Villa di Borghese Throw", "Description": "Villa di Borghese quality bed Throws are made all natural fibers and are commerical machine washable.       All natural luxury fiber   Commercial machine washable   Made In Portugal      Colors: ...", "Images": ["https://cdn11.bigcommerce.com/s-zd141b7qtp/products/44922/images/160916/villa-di-borghese-throw-villa-di-borghese-collection__53250.1712319886.386.513.jpg?c=1", "https://cdn11.bigcommerce.com/s-zd141b7qtp/products/44922/images/160862/villa-di-borghese-throw-villa-di-borghese-collection__13906.1712319822.386.513.jpg?c=1"], "Url": "https://directtextilestore.com/Villa-di-Borghese-Throw"}
{"SKU": "HBEVRI5171Wheat", "Type": "", "Size": "51 X 71", "Color": "", "Options": {"Main Option": "Bed Throw", "Description": "Wheat - 90 Day Delivery", "Size": "51 X 71", "CHOOSE PACK SIZE": "Case of (200) Pieces"}, "Price Per Each": "47.83", "Full Price": "9566.6800", "Stock Status": "In Stock", "Brand": "Villa Di Borghese Collection", "Category": "Bedding", "Sub Category": "Bed Skirts and Throws", "Material": "", "Title": "Villa di Borghese Throw", "Description": "Villa di Borghese quality bed Throws are made all natural fibers and are commerical machine washable.       All natural luxury fiber   Commercial machine washable   Made In Portugal      Colors: ...", "Images": ["https://cdn11.bigcommerce.com/s-zd141b7qtp/products/44922/images/160916/villa-di-borghese-throw-villa-di-borghese-collection__53250.1712319886.386.513.jpg?c=1", "https://cdn11.bigcommerce.com/s-zd141b7qtp/products/44922/images/160862/villa-di-borghese-throw-villa-di-borghese-collection__13906.1712319822.386.513.jpg?c=1"], "Url": "https://directtextilestore.com/Villa-di-Borghese-Throw"}
{"SKU": "HB300W2126PC", "Type": "", "Size": "21 X 26", "Color": "", "Options": {"Main Option": "Pillow Sham", "Description": "White: Standard Sham", "Size": "21 X 26", "CHOOSE PACK SIZE": "Case of (60) Pieces"}, "Price Per Each": "4.97", "Full Price": "298.3000", "Stock Status": "In Stock", "Brand": "Villa Di Borghese Collection", "Category": "Bed Sheets", "Sub Category": "Hotel Bed Sheets", "Material": "100% Cotton", "Title": "Villa di Borghese Verona Bed Sheet Collection", "Description": "Luxurious Villa di Borghese Verona Sheet Collection, meticulously crafted from 310 Thread Count 100% Cotton Sateen weave. Experience the silky-smooth touch and exquisite softness of the fabric, ...", "Images": ["https://cdn11.bigcommerce.com/s-zd141b7qtp/products/44917/images/161078/villa-di-borghese-verona-bed-sheet-collection-villa-di-borghese-collection__07392.1712320140.386.513.jpg?c=1", "https://cdn11.bigcommerce.com/s-zd141b7qtp/products/44917/images/152669/villa-di-borghese-verona-bed-sheet-collection-villa-di-borghese-collection__70817.1706025158.386.513.jpg?c=1"], "Url": "https://directtextilestore.com/Villa-di-Borghese-Verona-Bed-Sheet-Collection"}
{"SKU": "HB300W2137PC", "Type": "", "Size": "21 X 37", "Color": "", "Options": {"Main Option": "Pillow Sham", "Description": "White: King Sham", "Size": "21 X 37", "CHOOSE PACK SIZE": "Case of (60) Pieces"}, "Price Per Each": "5.74", "Full Price": "344.1700", "Stock Status": "In Stock", "Brand": "Villa Di Borghese Collection", "Category": "Bed Sheets", "Sub Category": "Hotel Bed Sheets", "Material": "100% Cotton", "Title": "Villa di Borghese Verona Bed Sheet Collection", "Description": "Luxurious Villa di Borghese Verona Sheet Collection, meticulously crafted from 310 Thread Count 100% Cotton Sateen weave. Experience the silky-smooth touch and exquisite softness of the fabric, ...", "Images": ["https://cdn11.bigcommerce.com/s-zd141b7qtp/products/44917/images/161078/villa-di-borghese-verona-bed-sheet-collection-villa-di-borghese-collection__07392.1712320140.386.513.jpg?c=1", "https://cdn11.bigcommerce.com/s-zd141b7qtp/products/44917/images/152669/villa-di-borghese-verona-bed-sheet-collection-villa-di-borghese-collection__70817.1706025158.386.513.jpg?c=1"], "Url": "https://directtextilestore.com/Villa-di-Borghese-Verona-Bed-Sheet-Collection"}
{"SKU": "HS300W2133PC", "Type": "", "Size": "21 X 33", "Color": "", "Options": {"Main Option": "Pillow Cases", "Description": "Standard Pillowcase -White", "Size": "21 X 33", "CHOOSE PACK SIZE": "Case of (60) Pieces"}, "Price Per Each": "3.33", "Full Price": "200.0000", "Stock Status": "In Stock", "Brand": "Villa Di Borghese Collection", "Category": "Bed Sheets", "Sub Category": "Hotel Bed Sheets", "Material": "100% Cotton", "Title": "Villa di Borghese Verona Bed Sheet Collection", "Description": "Luxurious Villa di Borghese Verona Sheet Collection, meticulously crafted from 310 Thread Count 100% Cotton Sateen weave. Experience the silky-smooth touch and exquisite softness of the fabric, ...", "Images": ["https://cdn11.bigcommerce.com/s-zd141b7qtp/products/44917/images/161078/villa-di-borghese-verona-bed-sheet-collection-villa-di-borghese-collection__07392.1712320140.386.513.jpg?c=1", "https://cdn11.bigcommerce.com/s-zd141b7qtp/products/44917/images/152669/villa-di-borghese-verona-bed-sheet-collection-villa-di-borghese-collection__70817.1706025158.386.513.jpg?c=1"], "Url": "https://directtextilestore.com/Villa-di-Borghese-Verona-Bed-Sheet-Collection"}
{"SKU": "HS300W2142PC", "Type": "", "Size": "21 X 42", "Color": "", "Options": {"Main Option": "Pillow Cases", "Description": "King Pillowcase- White", "Size": "21 X 42", "CHOOSE PACK SIZE": "Case of (60) Pieces"}, "Price Per Each": "4.58", "Full Price": "275.0000", "Stock Status": "In Stock", "Brand": "Villa Di Borghese Collection", "Category": "Bed Sheets", "Sub Category": "Hotel Bed Sheets", "Material": "100% Cotton", "Title": "Villa di Borghese Verona Bed Sheet Collection", "Description": "Luxurious Villa di Borghese Verona Sheet Collection, meticulously crafted from 310 Thread Count 100% Cotton Sateen weave. Experience the silky-smooth touch and exquisite softness of the fabric, ...", "Images": ["https://cdn11.bigcommerce.com/s-zd141b7qtp/products/44917/images/161078/villa-di-borghese-verona-bed-sheet-collection-villa-di-borghese-collection__07392.1712320140.386.513.jpg?c=1", "https://cdn11.bigcommerce.com/s-zd141b7qtp/products/44917/images/152669/villa-di-borghese-verona-bed-sheet-collection-villa-di-borghese-collection__70817.1706025158.386.513.jpg?c=1"], "Url": "https://directtextilestore.com/Villa-di-Borghese-Verona-Bed-Sheet-Collection"}
{"SKU": "HS300W106122PC", "Type": "", "Size": "106 X 122", "Color": "", "Options": {"Main Option": "Flat Sheets", "Description": "Queen - White", "Size": "106 X 122", "CHOOSE PACK SIZE": "Case of (24) Pieces"}, "Price Per Each": "29.86", "Full Price": "716.6700", "Stock Status": "In Stock", "Brand": "Villa Di Borghese Collection", "Category": "Bed Sheets", "Sub Category": "Hotel Bed Sheets", "Material": "100% Cotton", "Title": "Villa di Borghese Verona Bed Sheet Collection", "Description": "Luxurious Villa di Borghese Verona Sheet Collection, meticulously crafted from 310 Thread Count 100% Cotton Sateen weave. Experience the silky-smooth touch and exquisite softness of the fabric, ...", "Images": ["https://cdn11.bigcommerce.com/s-zd141b7qtp/products/44917/images/161078/villa-di-borghese-verona-bed-sheet-collection-villa-di-borghese-collection__07392.1712320140.386.513.jpg?c=1", "https://cdn11.bigcommerce.com/s-zd141b7qtp/products/44917/images/152669/villa-di-borghese-verona-bed-sheet-collection-villa-di-borghese-collection__70817.1706025158.386.513.jpg?c=1"], "Url": "https://directtextilestore.com/Villa-di-Borghese-Verona-Bed-Sheet-Collection"}
{"SKU": "HS300W118122PC", "Type": "", "Size": "118 X 122", "Color": "", "Options": {"Main Option": "Flat Sheets", "Description": "King - White", "Size": "118 X 122", "CHOOSE PACK SIZE": "Case of (24) Pieces"}, "Price Per Each": "31.83", "Full Price": "764.0000", "Stock Status": "In Stock", "Brand": "Villa Di Borghese Collection", "Category": "Bed Sheets", "Sub Category": "Hotel Bed Sheets", "Material": "100% Cotton", "Title": "Villa di Borghese Verona Bed Sheet Collection", "Description": "Luxurious Villa di Borghese Verona Sheet Collection, meticulously crafted from 310 Thread Count 100% Cotton Sateen weave. Experience the silky-smooth touch and exquisite softness of the fabric, ...", "Images": ["https://cdn11.bigcommerce.com/s-zd141b7qtp/products/44917/images/161078/villa-di-borghese-verona-bed-sheet-collection-villa-di-borghese-collection__07392.1712320140.386.513.jpg?c=1", "https://cdn11.bigcommerce.com/s-zd141b7qtp/products/44917/images/152669/villa-di-borghese-verona-bed-sheet-collection-villa-di-borghese-collection__70817.1706025158.386.513.jpg?c=1"], "Url": "https://directtextilestore.com/Villa-di-Borghese-Verona-Bed-Sheet-Collection"}
{"SKU": "HRVST4864WB", "Type": "", "Size": "Osfa", "Color": "", "Options": {"Main Option": "Robes", "Description": "Waffle Kimono", "Size": "Osfa", "CHOOSE PACK SIZE": "Case of (12) Pieces"}, "Price Per Each": "26.79", "Full Price": "321.5000", "Stock Status": "In Stock", "Brand": "Villa Di Borghese Collection", "Category": "Waiter Jackets | Coats", "Sub Category": "Hospitality Robes", "Material": "Cotton Blend70% Cotton / 30% Polyester", "Title": "Villa di Borghese Veste Waffle Kimono", "Description": "Villa di Borghese Veste Waffle Kimono. The name Borghese- a Designer Italian brand that eminates beauty, luxury, and style may bring make up and cosmetics to mind. Now Borghese brings you its ...", "Images": ["https://cdn11.bigcommerce.com/s-zd141b7qtp/products/44921/images/153906/villa-di-borghese-veste-waffle-kimono-villa-di-borghese-collection__39469.1706026824.386.513.jpg?c=1", "https://cdn11.bigcommerce.com/s-zd141b7qtp/products/44921/images/147466/villa-di-borghese-veste-waffle-kimono-villa-di-borghese-collection__38151.1706017998.386.513.jpg?c=1"], "Url": "https://directtextilestore.com/Villa-di-Borghese-Veste-Waffle-Kimono"}
