{"SKU": "WLGT-TW-BT4-01", "Type": "", "Size": "27 X 56", "Color": "White", "Options": {"Main Option": "Options", "Description": "Bath Towel", "Color": "White", "Weight/Dozen": "17.00 Lbs", "Size": "27 X 56", "CHOOSE PACK SIZE": "Sample (1) Piece"}, "Price Per Each": "7.68", "Full Price": "7.6800", "Stock Status": "In Stock", "Brand": "Welspun Hospitality 101", "Category": "Towels", "Sub Category": "Hospital/Healthcare Towels", "Material": "100% Ringspun Cotton", "Title": "Welington Towels by Welspun", "Description": "Warm and inviting, the Wellington towels by Welspun are crafted with luxurious softness and quality. Featuring ring spun pile yarns for unparalleled comfort and precise finishing for a luxe touch. ...", "Images": ["https://cdn11.bigcommerce.com/s-zd141b7qtp/products/45793/images/150781/welington-towels-by-welspun-welspun-hospitality-101__17322.1706022586.386.513.jpg?c=1"], "Url": "https://directtextilestore.com/Welington-Towels-by-Welspun"}
{"SKU": "WLGT-TW-BT4-01_36", "Type": "", "Size": "27 X 56", "Color": "White", "Options": {"Main Option": "Options", "Description": "Bath Towel", "Color": "White", "Weight/Dozen": "17.00 Lbs", "Size": "27 X 56", "CHOOSE PACK SIZE": "Case of (36) Pieces"}, "Price Per Each": "7.68", "Full Price": "276.4600", "Stock Status": "In Stock", "Brand": "Welspun Hospitality 101", "Category": "Towels", "Sub Category": "Hospital/Healthcare Towels", "Material": "100% Ringspun Cotton", "Title": "Welington Towels by Welspun", "Description": "Warm and inviting, the Wellington towels by Welspun are crafted with luxurious softness and quality. Featuring ring spun pile yarns for unparalleled comfort and precise finishing for a luxe touch. ...", "Images": ["https://cdn11.bigcommerce.com/s-zd141b7qtp/products/45793/images/150781/welington-towels-by-welspun-welspun-hospitality-101__17322.1706022586.386.513.jpg?c=1"], "Url": "https://directtextilestore.com/Welington-Towels-by-Welspun"}
{"SKU": "WLGT-TW-BT2-01", "Type": "", "Size": "27 X 54", "Color": "White", "Options": {"Main Option": "Options", "Description": "Bath Towel", "Color": "White", "Weight/Dozen": "15.0 Lbs", "Size": "27 X 54", "CHOOSE PACK SIZE": "Sample (1) Piece"}, "Price Per Each": "6.74", "Full Price": "6.7400", "Stock Status": "In Stock", "Brand": "Welspun Hospitality 101", "Category": "Towels", "Sub Category": "Hospital/Healthcare Towels", "Material": "100% Ringspun Cotton", "Title": "Welington Towels by Welspun", "Description": "Warm and inviting, the Wellington towels by Welspun are crafted with luxurious softness and quality. Featuring ring spun pile yarns for unparalleled comfort and precise finishing for a luxe touch. ...", "Images": ["https://cdn11.bigcommerce.com/s-zd141b7qtp/products/45793/images/150781/welington-towels-by-welspun-welspun-hospitality-101__17322.1706022586.386.513.jpg?c=1"], "Url": "https://directtextilestore.com/Welington-Towels-by-Welspun"}
{"SKU": "WLGT-TW-BT2-01_48", "Type": "", "Size": "27 X 54", "Color": "White", "Options": {"Main Option": "Options", "Description": "Bath Towel", "Color": "White", "Weight/Dozen": "15.0 Lbs", "Size": "27 X 54", "CHOOSE PACK SIZE": "Case of (48) Pieces"}, "Price Per Each": "6.74", "Full Price": "323.5100", "Stock Status": "In Stock", "Brand": "Welspun Hospitality 101", "Category": "Towels", "Sub Category": "Hospital/Healthcare Towels", "Material": "100% Ringspun Cotton", "Title": "Welington Towels by Welspun", "Description": "Warm and inviting, the Wellington towels by Welspun are crafted with luxurious softness and quality. Featuring ring spun pile yarns for unparalleled comfort and precise finishing for a luxe touch. ...", "Images": ["https://cdn11.bigcommerce.com/s-zd141b7qtp/products/45793/images/150781/welington-towels-by-welspun-welspun-hospitality-101__17322.1706022586.386.513.jpg?c=1"], "Url": "https://directtextilestore.com/Welington-Towels-by-Welspun"}
{"SKU": "WLGT-TW-BT3-01", "Type": "", "Size": "27 X 50", "Color": "White", "Options": {"Main Option": "Options", "Description": "Bath Towel", "Color": "White", "Weight/Dozen": "14.0 Lbs", "Size": "27 X 50", "CHOOSE PACK SIZE": "Sample (1) Piece"}, "Price Per Each": "6.30", "Full Price": "6.3000", "Stock Status": "In Stock", "Brand": "Welspun Hospitality 101", "Category": "Towels", "Sub Category": "Hospital/Healthcare Towels", "Material": "100% Ringspun Cotton", "Title": "Welington Towels by Welspun", "Description": "Warm and inviting, the Wellington towels by Welspun are crafted with luxurious softness and quality. Featuring ring spun pile yarns for unparalleled comfort and precise finishing for a luxe touch. ...", "Images": ["https://cdn11.bigcommerce.com/s-zd141b7qtp/products/45793/images/150781/welington-towels-by-welspun-welspun-hospitality-101__17322.1706022586.386.513.jpg?c=1"], "Url": "https://directtextilestore.com/Welington-Towels-by-Welspun"}
{"SKU": "WLGT-TW-BT3-01_60", "Type": "", "Size": "27 X 50", "Color": "White", "Options": {"Main Option": "Options", "Description": "Bath Towel", "Color": "White", "Weight/Dozen": "14.0 Lbs", "Size": "27 X 50", "CHOOSE PACK SIZE": "Case of (60) Pieces"}, "Price Per Each": "6.30", "Full Price": "377.7800", "Stock Status": "In Stock", "Brand": "Welspun Hospitality 101", "Category": "Towels", "Sub Category": "Hospital/Healthcare Towels", "Material": "100% Ringspun Cotton", "Title": "Welington Towels by Welspun", "Description": "Warm and inviting, the Wellington towels by Welspun are crafted with luxurious softness and quality. Featuring ring spun pile yarns for unparalleled comfort and precise finishing for a luxe touch. ...", "Images": ["https://cdn11.bigcommerce.com/s-zd141b7qtp/products/45793/images/150781/welington-towels-by-welspun-welspun-hospitality-101__17322.1706022586.386.513.jpg?c=1"], "Url": "https://directtextilestore.com/Welington-Towels-by-Welspun"}
{"SKU": "WLGT-TW-HT3-01", "Type": "", "Size": "16 X 30", "Color": "White", "Options": {"Main Option": "Options", "Description": "Hand Towel", "Color": "White", "Weight/Dozen": "4.50 Lbs", "Size": "16 X 30", "CHOOSE PACK SIZE": "Sample (1) Piece"}, "Price Per Each": "2.10", "Full Price": "2.1000", "Stock Status": "In Stock", "Brand": "Welspun Hospitality 101", "Category": "Towels", "Sub Category": "Hospital/Healthcare Towels", "Material": "100% Ringspun Cotton", "Title": "Welington Towels by Welspun", "Description": "Warm and inviting, the Wellington towels by Welspun are crafted with luxurious softness and quality. Featuring ring spun pile yarns for unparalleled comfort and precise finishing for a luxe touch. ...", "Images": ["https://cdn11.bigcommerce.com/s-zd141b7qtp/products/45793/images/150781/welington-towels-by-welspun-welspun-hospitality-101__17322.1706022586.386.513.jpg?c=1"], "Url": "https://directtextilestore.com/Welington-Towels-by-Welspun"}
{"SKU": "WLGT-TW-HT3-01_120", "Type": "", "Size": "16 X 30", "Color": "White", "Options": {"Main Option": "Options", "Description": "Hand Towel", "Color": "White", "Weight/Dozen": "4.50 Lbs", "Size": "16 X 30", "CHOOSE PACK SIZE": "Case of (120) Pieces"}, "Price Per Each": "2.10", "Full Price": "252.1400", "Stock Status": "In Stock", "Brand": "Welspun Hospitality 101", "Category": "Towels", "Sub Category": "Hospital/Healthcare Towels", "Material": "100% Ringspun Cotton", "Title": "Welington Towels by Welspun", "Description": "Warm and inviting, the Wellington towels by Welspun are crafted with luxurious softness and quality. Featuring ring spun pile yarns for unparalleled comfort and precise finishing for a luxe touch. ...", "Images": ["https://cdn11.bigcommerce.com/s-zd141b7qtp/products/45793/images/150781/welington-towels-by-welspun-welspun-hospitality-101__17322.1706022586.386.513.jpg?c=1"], "Url": "https://directtextilestore.com/Welington-Towels-by-Welspun"}
{"SKU": "WLGT-TW-WC2-01", "Type": "", "Size": "13 X 13", "Color": "White", "Options": {"Main Option": "Options", "Description": "Wash Cloth", "Color": "White", "Weight/Dozen": "1.50 Lbs", "Size": "13 X 13", "CHOOSE PACK SIZE": "Sample (1) Piece"}, "Price Per Each": "0.75", "Full Price": "0.7500", "Stock Status": "In Stock", "Brand": "Welspun Hospitality 101", "Category": "Towels", "Sub Category": "Hospital/Healthcare Towels", "Material": "100% Ringspun Cotton", "Title": "Welington Towels by Welspun", "Description": "Warm and inviting, the Wellington towels by Welspun are crafted with luxurious softness and quality. Featuring ring spun pile yarns for unparalleled comfort and precise finishing for a luxe touch. ...", "Images": ["https://cdn11.bigcommerce.com/s-zd141b7qtp/products/45793/images/150781/welington-towels-by-welspun-welspun-hospitality-101__17322.1706022586.386.513.jpg?c=1"], "Url": "https://directtextilestore.com/Welington-Towels-by-Welspun"}
{"SKU": "WLGT-TW-WC2-01_300", "Type": "", "Size": "13 X 13", "Color": "White", "Options": {"Main Option": "Options", "Description": "Wash Cloth", "Color": "White", "Weight/Dozen": "1.50 Lbs", "Size": "13 X 13", "CHOOSE PACK SIZE": "Case of (300) Pieces"}, "Price Per Each": "0.75", "Full Price": "225.9800", "Stock Status": "In Stock", "Brand": "Welspun Hospitality 101", "Category": "Towels", "Sub Category": "Hospital/Healthcare Towels", "Material": "100% Ringspun Cotton", "Title": "Welington Towels by Welspun", "Description": "Warm and inviting, the Wellington towels by Welspun are crafted with luxurious softness and quality. Featuring ring spun pile yarns for unparalleled comfort and precise finishing for a luxe touch. ...", "Images": ["https://cdn11.bigcommerce.com/s-zd141b7qtp/products/45793/images/150781/welington-towels-by-welspun-welspun-hospitality-101__17322.1706022586.386.513.jpg?c=1"], "Url": "https://directtextilestore.com/Welington-Towels-by-Welspun"}
{"SKU": "WLGT-TW-BM2-01", "Type": "", "Size": "22 X 34", "Color": "White", "Options": {"Main Option": "Options", "Description": "Bath Mat", "Color": "White", "Weight/Dozen": "10.0 Lbs", "Size": "22 X 34", "CHOOSE PACK SIZE": "Sample (1) Piece"}, "Price Per Each": "4.33", "Full Price": "4.3300", "Stock Status": "In Stock", "Brand": "Welspun Hospitality 101", "Category": "Towels", "Sub Category": "Hospital/Healthcare Towels", "Material": "100% Ringspun Cotton", "Title": "Welington Towels by Welspun", "Description": "Warm and inviting, the Wellington towels by Welspun are crafted with luxurious softness and quality. Featuring ring spun pile yarns for unparalleled comfort and precise finishing for a luxe touch. ...", "Images": ["https://cdn11.bigcommerce.com/s-zd141b7qtp/products/45793/images/150781/welington-towels-by-welspun-welspun-hospitality-101__17322.1706022586.386.513.jpg?c=1"], "Url": "https://directtextilestore.com/Welington-Towels-by-Welspun"}
{"SKU": "WLGT-TW-BM2-01_60", "Type": "", "Size": "22 X 34", "Color": "White", "Options": {"Main Option": "Options", "Description": "Bath Mat", "Color": "White", "Weight/Dozen": "10.0 Lbs", "Size": "22 X 34", "CHOOSE PACK SIZE": "Case of (60) Pieces"}, "Price Per Each": "4.33", "Full Price": "260.0900", "Stock Status": "In Stock", "Brand": "Welspun Hospitality 101", "Category": "Towels", "Sub Category": "Hospital/Healthcare Towels", "Material": "100% Ringspun Cotton", "Title": "Welington Towels by Welspun", "Description": "Warm and inviting, the Wellington towels by Welspun are crafted with luxurious softness and quality. Featuring ring spun pile yarns for unparalleled comfort and precise finishing for a luxe touch. ...", "Images": ["https://cdn11.bigcommerce.com/s-zd141b7qtp/products/45793/images/150781/welington-towels-by-welspun-welspun-hospitality-101__17322.1706022586.386.513.jpg?c=1"], "Url": "https://directtextilestore.com/Welington-Towels-by-Welspun"}
{"SKU": "WHS1-SS-STD2-01", "Type": "", "Size": "Standard 42 X 36", "Color": "", "Options": {"Main Option": "Pillow Cases", "Description": "White Pillowcase", "Size": "Standard 42 X 36", "CHOOSE PACK SIZE": "Sample (1) Piece"}, "Price Per Each": "1.85", "Full Price": "1.8500", "Stock Status": "In Stock", "Brand": "Welspun Hospitality 101", "Category": "Bed Sheets", "Sub Category": "Hotel Bed Sheets", "Material": "60% Cotton / 40% Polyester", "Title": "Welspun T-200 Plain Weave Sheets", "Description": "These Weave Welspun sheets, which combine the greatest qualities of T-200 Ring Spun Cotton and a luxurious polyester blend, will upgrade your bedding. With a composition of 50% ring-spun cotton ...", "Images": ["https://cdn11.bigcommerce.com/s-zd141b7qtp/products/45804/images/159635/welspun-t-200-plain-weave-sheets-welspun-hospitality-101__60860.1711020387.386.513.jpg?c=1"], "Url": "https://directtextilestore.com/Welspun-T-200-Plain-Weave-Sheets"}
{"SKU": "WHS1-SS-STD2-01_72", "Type": "", "Size": "Standard 42 X 36", "Color": "", "Options": {"Main Option": "Pillow Cases", "Description": "White Pillowcase", "Size": "Standard 42 X 36", "CHOOSE PACK SIZE": "Case of (72) Pieces"}, "Price Per Each": "1.85", "Full Price": "133.0300", "Stock Status": "In Stock", "Brand": "Welspun Hospitality 101", "Category": "Bed Sheets", "Sub Category": "Hotel Bed Sheets", "Material": "60% Cotton / 40% Polyester", "Title": "Welspun T-200 Plain Weave Sheets", "Description": "These Weave Welspun sheets, which combine the greatest qualities of T-200 Ring Spun Cotton and a luxurious polyester blend, will upgrade your bedding. With a composition of 50% ring-spun cotton ...", "Images": ["https://cdn11.bigcommerce.com/s-zd141b7qtp/products/45804/images/159635/welspun-t-200-plain-weave-sheets-welspun-hospitality-101__60860.1711020387.386.513.jpg?c=1"], "Url": "https://directtextilestore.com/Welspun-T-200-Plain-Weave-Sheets"}
{"SKU": "WHS1-SS-KNG1-01", "Type": "", "Size": "King 42 X 46", "Color": "", "Options": {"Main Option": "Pillow Cases", "Description": "White Pillowcase", "Size": "King 42 X 46", "CHOOSE PACK SIZE": "Sample (1) Piece"}, "Price Per Each": "2.34", "Full Price": "2.3400", "Stock Status": "In Stock", "Brand": "Welspun Hospitality 101", "Category": "Bed Sheets", "Sub Category": "Hotel Bed Sheets", "Material": "60% Cotton / 40% Polyester", "Title": "Welspun T-200 Plain Weave Sheets", "Description": "These Weave Welspun sheets, which combine the greatest qualities of T-200 Ring Spun Cotton and a luxurious polyester blend, will upgrade your bedding. With a composition of 50% ring-spun cotton ...", "Images": ["https://cdn11.bigcommerce.com/s-zd141b7qtp/products/45804/images/159635/welspun-t-200-plain-weave-sheets-welspun-hospitality-101__60860.1711020387.386.513.jpg?c=1"], "Url": "https://directtextilestore.com/Welspun-T-200-Plain-Weave-Sheets"}
{"SKU": "WHS1-SS-KNG1-01_72", "Type": "", "Size": "King 42 X 46", "Color": "", "Options": {"Main Option": "Pillow Cases", "Description": "White Pillowcase", "Size": "King 42 X 46", "CHOOSE PACK SIZE": "Case of (72) Pieces"}, "Price Per Each": "2.34", "Full Price": "168.6900", "Stock Status": "In Stock", "Brand": "Welspun Hospitality 101", "Category": "Bed Sheets", "Sub Category": "Hotel Bed Sheets", "Material": "60% Cotton / 40% Polyester", "Title": "Welspun T-200 Plain Weave Sheets", "Description": "These Weave Welspun sheets, which combine the greatest qualities of T-200 Ring Spun Cotton and a luxurious polyester blend, will upgrade your bedding. With a composition of 50% ring-spun cotton ...", "Images": ["https://cdn11.bigcommerce.com/s-zd141b7qtp/products/45804/images/159635/welspun-t-200-plain-weave-sheets-welspun-hospitality-101__60860.1711020387.386.513.jpg?c=1"], "Url": "https://directtextilestore.com/Welspun-T-200-Plain-Weave-Sheets"}
{"SKU": "WHS1-SS-TWIN-01", "Type": "", "Size": "Twin 66 X 115", "Color": "", "Options": {"Main Option": "Flat Sheets", "Description": "White Flat Sheet", "Size": "Twin 66 X 115", "CHOOSE PACK SIZE": "Case of (24) Pieces"}, "Price Per Each": "9.60", "Full Price": "230.4100", "Stock Status": "In Stock", "Brand": "Welspun Hospitality 101", "Category": "Bed Sheets", "Sub Category": "Hotel Bed Sheets", "Material": "60% Cotton / 40% Polyester", "Title": "Welspun T-200 Plain Weave Sheets", "Description": "These Weave Welspun sheets, which combine the greatest qualities of T-200 Ring Spun Cotton and a luxurious polyester blend, will upgrade your bedding. With a composition of 50% ring-spun cotton ...", "Images": ["https://cdn11.bigcommerce.com/s-zd141b7qtp/products/45804/images/159635/welspun-t-200-plain-weave-sheets-welspun-hospitality-101__60860.1711020387.386.513.jpg?c=1"], "Url": "https://directtextilestore.com/Welspun-T-200-Plain-Weave-Sheets"}
{"SKU": "WHS1-SS-FUL2-01", "Type": "", "Size": "Full 81 X 115", "Color": "", "Options": {"Main Option": "Flat Sheets", "Description": "White Flat Sheet", "Size": "Full 81 X 115", "CHOOSE PACK SIZE": "Case of (24) Pieces"}, "Price Per Each": "10.97", "Full Price": "263.3200", "Stock Status": "In Stock", "Brand": "Welspun Hospitality 101", "Category": "Bed Sheets", "Sub Category": "Hotel Bed Sheets", "Material": "60% Cotton / 40% Polyester", "Title": "Welspun T-200 Plain Weave Sheets", "Description": "These Weave Welspun sheets, which combine the greatest qualities of T-200 Ring Spun Cotton and a luxurious polyester blend, will upgrade your bedding. With a composition of 50% ring-spun cotton ...", "Images": ["https://cdn11.bigcommerce.com/s-zd141b7qtp/products/45804/images/159635/welspun-t-200-plain-weave-sheets-welspun-hospitality-101__60860.1711020387.386.513.jpg?c=1"], "Url": "https://directtextilestore.com/Welspun-T-200-Plain-Weave-Sheets"}
{"SKU": "WHS1-SS-QUN2-01", "Type": "", "Size": "Queen 90 X 115", "Color": "", "Options": {"Main Option": "Flat Sheets", "Description": "White Flat Sheet", "Size": "Queen 90 X 115", "CHOOSE PACK SIZE": "Case of (24) Pieces"}, "Price Per Each": "12.10", "Full Price": "290.3000", "Stock Status": "In Stock", "Brand": "Welspun Hospitality 101", "Category": "Bed Sheets", "Sub Category": "Hotel Bed Sheets", "Material": "60% Cotton / 40% Polyester", "Title": "Welspun T-200 Plain Weave Sheets", "Description": "These Weave Welspun sheets, which combine the greatest qualities of T-200 Ring Spun Cotton and a luxurious polyester blend, will upgrade your bedding. With a composition of 50% ring-spun cotton ...", "Images": ["https://cdn11.bigcommerce.com/s-zd141b7qtp/products/45804/images/159635/welspun-t-200-plain-weave-sheets-welspun-hospitality-101__60860.1711020387.386.513.jpg?c=1"], "Url": "https://directtextilestore.com/Welspun-T-200-Plain-Weave-Sheets"}
{"SKU": "WHS1-SS-KNG3-01", "Type": "", "Size": "King 108 X 115", "Color": "", "Options": {"Main Option": "Flat Sheets", "Description": "White Flat Sheet", "Size": "King 108 X 115", "CHOOSE PACK SIZE": "Case of (24) Pieces"}, "Price Per Each": "14.40", "Full Price": "345.6100", "Stock Status": "In Stock", "Brand": "Welspun Hospitality 101", "Category": "Bed Sheets", "Sub Category": "Hotel Bed Sheets", "Material": "60% Cotton / 40% Polyester", "Title": "Welspun T-200 Plain Weave Sheets", "Description": "These Weave Welspun sheets, which combine the greatest qualities of T-200 Ring Spun Cotton and a luxurious polyester blend, will upgrade your bedding. With a composition of 50% ring-spun cotton ...", "Images": ["https://cdn11.bigcommerce.com/s-zd141b7qtp/products/45804/images/159635/welspun-t-200-plain-weave-sheets-welspun-hospitality-101__60860.1711020387.386.513.jpg?c=1"], "Url": "https://directtextilestore.com/Welspun-T-200-Plain-Weave-Sheets"}
{"SKU": "T200-SS-TS-01", "Type": "", "Size": "Twin 39 X 80 X 12", "Color": "", "Options": {"Main Option": "Fitted Sheets", "Description": "White Fitted Sheet", "Size": "Twin 39 X 80 X 12", "CHOOSE PACK SIZE": "Case of (24) Pieces"}, "Price Per Each": "9.37", "Full Price": "224.9200", "Stock Status": "In Stock", "Brand": "Welspun Hospitality 101", "Category": "Bed Sheets", "Sub Category": "Hotel Bed Sheets", "Material": "60% Cotton / 40% Polyester", "Title": "Welspun T-200 Plain Weave Sheets", "Description": "These Weave Welspun sheets, which combine the greatest qualities of T-200 Ring Spun Cotton and a luxurious polyester blend, will upgrade your bedding. With a composition of 50% ring-spun cotton ...", "Images": ["https://cdn11.bigcommerce.com/s-zd141b7qtp/products/45804/images/159635/welspun-t-200-plain-weave-sheets-welspun-hospitality-101__60860.1711020387.386.513.jpg?c=1"], "Url": "https://directtextilestore.com/Welspun-T-200-Plain-Weave-Sheets"}
{"SKU": "WHS1-SS-FUL3-01", "Type": "", "Size": "Full 54 X 80 X 12", "Color": "", "Options": {"Main Option": "Fitted Sheets", "Description": "White Fitted Sheet", "Size": "Full 54 X 80 X 12", "CHOOSE PACK SIZE": "Case of (24) Pieces"}, "Price Per Each": "9.94", "Full Price": "238.6400", "Stock Status": "In Stock", "Brand": "Welspun Hospitality 101", "Category": "Bed Sheets", "Sub Category": "Hotel Bed Sheets", "Material": "60% Cotton / 40% Polyester", "Title": "Welspun T-200 Plain Weave Sheets", "Description": "These Weave Welspun sheets, which combine the greatest qualities of T-200 Ring Spun Cotton and a luxurious polyester blend, will upgrade your bedding. With a composition of 50% ring-spun cotton ...", "Images": ["https://cdn11.bigcommerce.com/s-zd141b7qtp/products/45804/images/159635/welspun-t-200-plain-weave-sheets-welspun-hospitality-101__60860.1711020387.386.513.jpg?c=1"], "Url": "https://directtextilestore.com/Welspun-T-200-Plain-Weave-Sheets"}
{"SKU": "WHS1-SS-QUN3-01", "Type": "", "Size": "Queen 60 X 80 X 12", "Color": "", "Options": {"Main Option": "Fitted Sheets", "Description": "White Fitted Sheet", "Size": "Queen 60 X 80 X 12", "CHOOSE PACK SIZE": "Case of (24) Pieces"}, "Price Per Each": "10.57", "Full Price": "253.7200", "Stock Status": "In Stock", "Brand": "Welspun Hospitality 101", "Category": "Bed Sheets", "Sub Category": "Hotel Bed Sheets", "Material": "60% Cotton / 40% Polyester", "Title": "Welspun T-200 Plain Weave Sheets", "Description": "These Weave Welspun sheets, which combine the greatest qualities of T-200 Ring Spun Cotton and a luxurious polyester blend, will upgrade your bedding. With a composition of 50% ring-spun cotton ...", "Images": ["https://cdn11.bigcommerce.com/s-zd141b7qtp/products/45804/images/159635/welspun-t-200-plain-weave-sheets-welspun-hospitality-101__60860.1711020387.386.513.jpg?c=1"], "Url": "https://directtextilestore.com/Welspun-T-200-Plain-Weave-Sheets"}
{"SKU": "WHS1-SS-KNG4-01", "Type": "", "Size": "King 78 X 80 X 12", "Color": "", "Options": {"Main Option": "Fitted Sheets", "Description": "White Fitted Sheet", "Size": "King 78 X 80 X 12", "CHOOSE PACK SIZE": "Case of (24) Pieces"}, "Price Per Each": "12.61", "Full Price": "302.6400", "Stock Status": "In Stock", "Brand": "Welspun Hospitality 101", "Category": "Bed Sheets", "Sub Category": "Hotel Bed Sheets", "Material": "60% Cotton / 40% Polyester", "Title": "Welspun T-200 Plain Weave Sheets", "Description": "These Weave Welspun sheets, which combine the greatest qualities of T-200 Ring Spun Cotton and a luxurious polyester blend, will upgrade your bedding. With a composition of 50% ring-spun cotton ...", "Images": ["https://cdn11.bigcommerce.com/s-zd141b7qtp/products/45804/images/159635/welspun-t-200-plain-weave-sheets-welspun-hospitality-101__60860.1711020387.386.513.jpg?c=1"], "Url": "https://directtextilestore.com/Welspun-T-200-Plain-Weave-Sheets"}
{"SKU": "WHS2-SS-STD2-01", "Type": "", "Size": "42 X 36", "Color": "", "Options": {"Main Option": "Pillow Cases", "Description": "Standard Pillowcase", "Size": "42 X 36", "CHOOSE PACK SIZE": "Sample (1) Piece"}, "Price Per Each": "2.70", "Full Price": "2.7000", "Stock Status": "In Stock", "Brand": "Welspun Hospitality 101", "Category": "Bed Sheets", "Sub Category": "Hotel Bed Sheets", "Material": "60% Cotton / 40% Polyester", "Title": "Welspun T-250 Plain Weave Sheets", "Description": "Welspun T-250 Plain Weave cotton polyester bed sheets. Our 250 thread count ring spun single pick polyester blend bedding has a smooth rich hand feel and high durabiity. A 3 inch hem and provides ...", "Images": ["https://cdn11.bigcommerce.com/s-zd141b7qtp/products/45802/images/149674/welspun-t-250-plain-weave-sheets-welspun-hospitality-101__38713.1706020974.386.513.jpg?c=1"], "Url": "https://directtextilestore.com/Welspun-T-250-Plain-Weave-Sheets"}
{"SKU": "WHS2-SS-STD2-01_72", "Type": "", "Size": "42 X 36", "Color": "", "Options": {"Main Option": "Pillow Cases", "Description": "Standard Pillowcase", "Size": "42 X 36", "CHOOSE PACK SIZE": "Case of (72) Pieces"}, "Price Per Each": "2.70", "Full Price": "194.7500", "Stock Status": "In Stock", "Brand": "Welspun Hospitality 101", "Category": "Bed Sheets", "Sub Category": "Hotel Bed Sheets", "Material": "60% Cotton / 40% Polyester", "Title": "Welspun T-250 Plain Weave Sheets", "Description": "Welspun T-250 Plain Weave cotton polyester bed sheets. Our 250 thread count ring spun single pick polyester blend bedding has a smooth rich hand feel and high durabiity. A 3 inch hem and provides ...", "Images": ["https://cdn11.bigcommerce.com/s-zd141b7qtp/products/45802/images/149674/welspun-t-250-plain-weave-sheets-welspun-hospitality-101__38713.1706020974.386.513.jpg?c=1"], "Url": "https://directtextilestore.com/Welspun-T-250-Plain-Weave-Sheets"}
{"SKU": "WHS2-SS-KNG1-01", "Type": "", "Size": "42 X 46", "Color": "", "Options": {"Main Option": "Pillow Cases", "Description": "King Pillowcase", "Size": "42 X 46", "CHOOSE PACK SIZE": "Sample (1) Piece"}, "Price Per Each": "3.37", "Full Price": "3.3700", "Stock Status": "In Stock", "Brand": "Welspun Hospitality 101", "Category": "Bed Sheets", "Sub Category": "Hotel Bed Sheets", "Material": "60% Cotton / 40% Polyester", "Title": "Welspun T-250 Plain Weave Sheets", "Description": "Welspun T-250 Plain Weave cotton polyester bed sheets. Our 250 thread count ring spun single pick polyester blend bedding has a smooth rich hand feel and high durabiity. A 3 inch hem and provides ...", "Images": ["https://cdn11.bigcommerce.com/s-zd141b7qtp/products/45802/images/149674/welspun-t-250-plain-weave-sheets-welspun-hospitality-101__38713.1706020974.386.513.jpg?c=1"], "Url": "https://directtextilestore.com/Welspun-T-250-Plain-Weave-Sheets"}
{"SKU": "WHS2-SS-KNG1-01_72", "Type": "", "Size": "42 X 46", "Color": "", "Options": {"Main Option": "Pillow Cases", "Description": "King Pillowcase", "Size": "42 X 46", "CHOOSE PACK SIZE": "Case of (72) Pieces"}, "Price Per Each": "3.37", "Full Price": "242.7500", "Stock Status": "In Stock", "Brand": "Welspun Hospitality 101", "Category": "Bed Sheets", "Sub Category": "Hotel Bed Sheets", "Material": "60% Cotton / 40% Polyester", "Title": "Welspun T-250 Plain Weave Sheets", "Description": "Welspun T-250 Plain Weave cotton polyester bed sheets. Our 250 thread count ring spun single pick polyester blend bedding has a smooth rich hand feel and high durabiity. A 3 inch hem and provides ...", "Images": ["https://cdn11.bigcommerce.com/s-zd141b7qtp/products/45802/images/149674/welspun-t-250-plain-weave-sheets-welspun-hospitality-101__38713.1706020974.386.513.jpg?c=1"], "Url": "https://directtextilestore.com/Welspun-T-250-Plain-Weave-Sheets"}
{"SKU": "WHS2-SS-FUL6-01", "Type": "", "Size": "Full 81 X 120", "Color": "", "Options": {"Main Option": "Flat Sheets", "Description": "Full Flat Sheet", "Size": "Full 81 X 120", "CHOOSE PACK SIZE": "Case of (24) Pieces"}, "Price Per Each": "16.86", "Full Price": "404.5900", "Stock Status": "In Stock", "Brand": "Welspun Hospitality 101", "Category": "Bed Sheets", "Sub Category": "Hotel Bed Sheets", "Material": "60% Cotton / 40% Polyester", "Title": "Welspun T-250 Plain Weave Sheets", "Description": "Welspun T-250 Plain Weave cotton polyester bed sheets. Our 250 thread count ring spun single pick polyester blend bedding has a smooth rich hand feel and high durabiity. A 3 inch hem and provides ...", "Images": ["https://cdn11.bigcommerce.com/s-zd141b7qtp/products/45802/images/149674/welspun-t-250-plain-weave-sheets-welspun-hospitality-101__38713.1706020974.386.513.jpg?c=1"], "Url": "https://directtextilestore.com/Welspun-T-250-Plain-Weave-Sheets"}
{"SKU": "WHS2-SS-QUN6-01", "Type": "", "Size": "90 X 120", "Color": "", "Options": {"Main Option": "Flat Sheets", "Description": "Queen Flat Sheet", "Size": "90 X 120", "CHOOSE PACK SIZE": "Case of (24) Pieces"}, "Price Per Each": "18.36", "Full Price": "440.7000", "Stock Status": "In Stock", "Brand": "Welspun Hospitality 101", "Category": "Bed Sheets", "Sub Category": "Hotel Bed Sheets", "Material": "60% Cotton / 40% Polyester", "Title": "Welspun T-250 Plain Weave Sheets", "Description": "Welspun T-250 Plain Weave cotton polyester bed sheets. Our 250 thread count ring spun single pick polyester blend bedding has a smooth rich hand feel and high durabiity. A 3 inch hem and provides ...", "Images": ["https://cdn11.bigcommerce.com/s-zd141b7qtp/products/45802/images/149674/welspun-t-250-plain-weave-sheets-welspun-hospitality-101__38713.1706020974.386.513.jpg?c=1"], "Url": "https://directtextilestore.com/Welspun-T-250-Plain-Weave-Sheets"}
{"SKU": "WHS2-SS-KNG8-01", "Type": "", "Size": "108 X 120", "Color": "", "Options": {"Main Option": "Flat Sheets", "Description": "King Flat Sheet", "Size": "108 X 120", "CHOOSE PACK SIZE": "Case of (24) Pieces"}, "Price Per Each": "21.01", "Full Price": "504.2500", "Stock Status": "In Stock", "Brand": "Welspun Hospitality 101", "Category": "Bed Sheets", "Sub Category": "Hotel Bed Sheets", "Material": "60% Cotton / 40% Polyester", "Title": "Welspun T-250 Plain Weave Sheets", "Description": "Welspun T-250 Plain Weave cotton polyester bed sheets. Our 250 thread count ring spun single pick polyester blend bedding has a smooth rich hand feel and high durabiity. A 3 inch hem and provides ...", "Images": ["https://cdn11.bigcommerce.com/s-zd141b7qtp/products/45802/images/149674/welspun-t-250-plain-weave-sheets-welspun-hospitality-101__38713.1706020974.386.513.jpg?c=1"], "Url": "https://directtextilestore.com/Welspun-T-250-Plain-Weave-Sheets"}
{"SKU": "WHS2-SS-FLD-01", "Type": "", "Size": "54X80X15", "Color": "", "Options": {"Main Option": "Fitted Sheets", "Description": "Full Fitted Sheet", "Size": "54X80X15", "CHOOSE PACK SIZE": "Case of (24) Pieces"}, "Price Per Each": "15.77", "Full Price": "378.5300", "Stock Status": "In Stock", "Brand": "Welspun Hospitality 101", "Category": "Bed Sheets", "Sub Category": "Hotel Bed Sheets", "Material": "60% Cotton / 40% Polyester", "Title": "Welspun T-250 Plain Weave Sheets", "Description": "Welspun T-250 Plain Weave cotton polyester bed sheets. Our 250 thread count ring spun single pick polyester blend bedding has a smooth rich hand feel and high durabiity. A 3 inch hem and provides ...", "Images": ["https://cdn11.bigcommerce.com/s-zd141b7qtp/products/45802/images/149674/welspun-t-250-plain-weave-sheets-welspun-hospitality-101__38713.1706020974.386.513.jpg?c=1"], "Url": "https://directtextilestore.com/Welspun-T-250-Plain-Weave-Sheets"}
{"SKU": "WHS2-SS-QFT-01", "Type": "", "Size": "60X80X15", "Color": "", "Options": {"Main Option": "Fitted Sheets", "Description": "Queen Fitted Sheet", "Size": "60X80X15", "CHOOSE PACK SIZE": "Case of (24) Pieces"}, "Price Per Each": "17.01", "Full Price": "408.2500", "Stock Status": "In Stock", "Brand": "Welspun Hospitality 101", "Category": "Bed Sheets", "Sub Category": "Hotel Bed Sheets", "Material": "60% Cotton / 40% Polyester", "Title": "Welspun T-250 Plain Weave Sheets", "Description": "Welspun T-250 Plain Weave cotton polyester bed sheets. Our 250 thread count ring spun single pick polyester blend bedding has a smooth rich hand feel and high durabiity. A 3 inch hem and provides ...", "Images": ["https://cdn11.bigcommerce.com/s-zd141b7qtp/products/45802/images/149674/welspun-t-250-plain-weave-sheets-welspun-hospitality-101__38713.1706020974.386.513.jpg?c=1"], "Url": "https://directtextilestore.com/Welspun-T-250-Plain-Weave-Sheets"}
{"SKU": "WHS2-SS-KFT-01", "Type": "", "Size": "78X80X15", "Color": "", "Options": {"Main Option": "Fitted Sheets", "Description": "King Fitted Sheet", "Size": "78X80X15", "CHOOSE PACK SIZE": "Case of (24) Pieces"}, "Price Per Each": "19.79", "Full Price": "474.9900", "Stock Status": "In Stock", "Brand": "Welspun Hospitality 101", "Category": "Bed Sheets", "Sub Category": "Hotel Bed Sheets", "Material": "60% Cotton / 40% Polyester", "Title": "Welspun T-250 Plain Weave Sheets", "Description": "Welspun T-250 Plain Weave cotton polyester bed sheets. Our 250 thread count ring spun single pick polyester blend bedding has a smooth rich hand feel and high durabiity. A 3 inch hem and provides ...", "Images": ["https://cdn11.bigcommerce.com/s-zd141b7qtp/products/45802/images/149674/welspun-t-250-plain-weave-sheets-welspun-hospitality-101__38713.1706020974.386.513.jpg?c=1"], "Url": "https://directtextilestore.com/Welspun-T-250-Plain-Weave-Sheets"}
