{"SKU": "GRPWAHA-BDW-031", "Type": "", "Size": "Case of (4) Pieces", "Color": "", "Options": {"Main Option": "Bodyography blanc Amenities Collection", "Description": "Shampoo 1 Gal", "Weight/Case": "40 Lbs", "CHOOSE PACK SIZE": "Case of (4) Pieces"}, "Price Per Each": "20.80", "Full Price": "83.1900", "Stock Status": "In Stock", "Brand": "World Amenities", "Category": "Shampoo", "Sub Category": "Conditioner", "Material": "", "Title": "Bodyography blanc Bulk Shampoo And Conditioner - Case of 4 Gal", "Description": "Bodyography Blanc Bulk Shampoo and Conditioner is a premium hotel amenity inspired by the renowned Bodyography&reg; Skincare and Cosmetics brand. Expertly crafted with mineral-based formulas, ...", "Images": ["https://cdn11.bigcommerce.com/s-zd141b7qtp/products/47755/images/150225/bodyography-blanc-bulk-shampoo-and-conditioner-case-of-4-gal-world-amenities__36291.1706021672.386.513.jpg?c=1"], "Url": "https://directtextilestore.com/bodyography-blanc-bulk-shampoo-and-conditioner-case-of-4-gal/"}
{"SKU": "GRPWAHA-BDW-032", "Type": "", "Size": "Case of (4) Pieces", "Color": "", "Options": {"Main Option": "Bodyography blanc Amenities Collection", "Description": "Conditioner 1 Gal", "Weight/Case": "40 Lbs", "CHOOSE PACK SIZE": "Case of (4) Pieces"}, "Price Per Each": "20.80", "Full Price": "83.1900", "Stock Status": "In Stock", "Brand": "World Amenities", "Category": "Shampoo", "Sub Category": "Conditioner", "Material": "", "Title": "Bodyography blanc Bulk Shampoo And Conditioner - Case of 4 Gal", "Description": "Bodyography Blanc Bulk Shampoo and Conditioner is a premium hotel amenity inspired by the renowned Bodyography&reg; Skincare and Cosmetics brand. Expertly crafted with mineral-based formulas, ...", "Images": ["https://cdn11.bigcommerce.com/s-zd141b7qtp/products/47755/images/150225/bodyography-blanc-bulk-shampoo-and-conditioner-case-of-4-gal-world-amenities__36291.1706021672.386.513.jpg?c=1"], "Url": "https://directtextilestore.com/bodyography-blanc-bulk-shampoo-and-conditioner-case-of-4-gal/"}
{"SKU": "GRPWAHA-BDW-033", "Type": "", "Size": "Case of (4) Pieces", "Color": "", "Options": {"Main Option": "Bodyography blanc Amenities Collection", "Description": "Hand & Body Wash 1 Gal", "Weight/Case": "40 Lbs", "CHOOSE PACK SIZE": "Case of (4) Pieces"}, "Price Per Each": "20.80", "Full Price": "83.1900", "Stock Status": "In Stock", "Brand": "World Amenities", "Category": "Shampoo", "Sub Category": "Conditioner", "Material": "", "Title": "Bodyography blanc Bulk Shampoo And Conditioner - Case of 4 Gal", "Description": "Bodyography Blanc Bulk Shampoo and Conditioner is a premium hotel amenity inspired by the renowned Bodyography&reg; Skincare and Cosmetics brand. Expertly crafted with mineral-based formulas, ...", "Images": ["https://cdn11.bigcommerce.com/s-zd141b7qtp/products/47755/images/150225/bodyography-blanc-bulk-shampoo-and-conditioner-case-of-4-gal-world-amenities__36291.1706021672.386.513.jpg?c=1"], "Url": "https://directtextilestore.com/bodyography-blanc-bulk-shampoo-and-conditioner-case-of-4-gal/"}
{"SKU": "GRPWAHA-BDW-034", "Type": "", "Size": "Case of (4) Pieces", "Color": "", "Options": {"Main Option": "Bodyography blanc Amenities Collection", "Description": "Lotion 1 Gal", "Weight/Case": "40 Lbs", "CHOOSE PACK SIZE": "Case of (4) Pieces"}, "Price Per Each": "20.80", "Full Price": "83.1900", "Stock Status": "In Stock", "Brand": "World Amenities", "Category": "Shampoo", "Sub Category": "Conditioner", "Material": "", "Title": "Bodyography blanc Bulk Shampoo And Conditioner - Case of 4 Gal", "Description": "Bodyography Blanc Bulk Shampoo and Conditioner is a premium hotel amenity inspired by the renowned Bodyography&reg; Skincare and Cosmetics brand. Expertly crafted with mineral-based formulas, ...", "Images": ["https://cdn11.bigcommerce.com/s-zd141b7qtp/products/47755/images/150225/bodyography-blanc-bulk-shampoo-and-conditioner-case-of-4-gal-world-amenities__36291.1706021672.386.513.jpg?c=1"], "Url": "https://directtextilestore.com/bodyography-blanc-bulk-shampoo-and-conditioner-case-of-4-gal/"}
{"SKU": "GRPWAHA-BDW-001", "Type": "", "Size": "Case of (300) Pieces", "Color": "", "Options": {"Main Option": "Bodyography blanc Amenities Collection", "Description": "Shampoo 40ml", "Weight": "34 Lbs", "CHOOSE PACK SIZE": "Case of (300) Pieces"}, "Price Per Each": "0.48", "Full Price": "143.0800", "Stock Status": "In Stock", "Brand": "World Amenities", "Category": "Shampoo", "Sub Category": "Conditioner", "Material": "", "Title": "Bodyography blanc Bulk Shampoo And Conditioner With Artisan Soap", "Description": "Bodyography Premium Bulk Shampoo And Conditioner With Artisan Soap, a luxurious collection inspired by Bodyography's renowned professional retail brand, Bodyography&reg; Skincare and Cosmetics, ...", "Images": ["https://cdn11.bigcommerce.com/s-zd141b7qtp/products/47754/images/155383/bodyography-blanc-bulk-shampoo-and-conditioner-with-artisan-soap-world-amenities__71282.1707127678.386.513.jpg?c=1"], "Url": "https://directtextilestore.com/bodyography-blanc-bulk-shampoo-and-conditioner-with-artisan-soap/"}
{"SKU": "GRPWAHA-BDW-002", "Type": "", "Size": "Case of (300) Pieces", "Color": "", "Options": {"Main Option": "Bodyography blanc Amenities Collection", "Description": "Conditioner 40ml", "Weight": "34 Lbs", "CHOOSE PACK SIZE": "Case of (300) Pieces"}, "Price Per Each": "0.48", "Full Price": "143.0800", "Stock Status": "In Stock", "Brand": "World Amenities", "Category": "Shampoo", "Sub Category": "Conditioner", "Material": "", "Title": "Bodyography blanc Bulk Shampoo And Conditioner With Artisan Soap", "Description": "Bodyography Premium Bulk Shampoo And Conditioner With Artisan Soap, a luxurious collection inspired by Bodyography's renowned professional retail brand, Bodyography&reg; Skincare and Cosmetics, ...", "Images": ["https://cdn11.bigcommerce.com/s-zd141b7qtp/products/47754/images/155383/bodyography-blanc-bulk-shampoo-and-conditioner-with-artisan-soap-world-amenities__71282.1707127678.386.513.jpg?c=1"], "Url": "https://directtextilestore.com/bodyography-blanc-bulk-shampoo-and-conditioner-with-artisan-soap/"}
{"SKU": "GRPWAHA-BDW-003", "Type": "", "Size": "Case of (300) Pieces", "Color": "", "Options": {"Main Option": "Bodyography blanc Amenities Collection", "Description": "Body Wash 40ml", "Weight": "34 Lbs", "CHOOSE PACK SIZE": "Case of (300) Pieces"}, "Price Per Each": "0.49", "Full Price": "147.5100", "Stock Status": "In Stock", "Brand": "World Amenities", "Category": "Shampoo", "Sub Category": "Conditioner", "Material": "", "Title": "Bodyography blanc Bulk Shampoo And Conditioner With Artisan Soap", "Description": "Bodyography Premium Bulk Shampoo And Conditioner With Artisan Soap, a luxurious collection inspired by Bodyography's renowned professional retail brand, Bodyography&reg; Skincare and Cosmetics, ...", "Images": ["https://cdn11.bigcommerce.com/s-zd141b7qtp/products/47754/images/155383/bodyography-blanc-bulk-shampoo-and-conditioner-with-artisan-soap-world-amenities__71282.1707127678.386.513.jpg?c=1"], "Url": "https://directtextilestore.com/bodyography-blanc-bulk-shampoo-and-conditioner-with-artisan-soap/"}
{"SKU": "GRPWAHA-BDW-004", "Type": "", "Size": "Case of (300) Pieces", "Color": "", "Options": {"Main Option": "Bodyography blanc Amenities Collection", "Description": "Hand & Body Lotion 40ml", "Weight": "34 Lbs", "CHOOSE PACK SIZE": "Case of (300) Pieces"}, "Price Per Each": "0.48", "Full Price": "143.0800", "Stock Status": "In Stock", "Brand": "World Amenities", "Category": "Shampoo", "Sub Category": "Conditioner", "Material": "", "Title": "Bodyography blanc Bulk Shampoo And Conditioner With Artisan Soap", "Description": "Bodyography Premium Bulk Shampoo And Conditioner With Artisan Soap, a luxurious collection inspired by Bodyography's renowned professional retail brand, Bodyography&reg; Skincare and Cosmetics, ...", "Images": ["https://cdn11.bigcommerce.com/s-zd141b7qtp/products/47754/images/155383/bodyography-blanc-bulk-shampoo-and-conditioner-with-artisan-soap-world-amenities__71282.1707127678.386.513.jpg?c=1"], "Url": "https://directtextilestore.com/bodyography-blanc-bulk-shampoo-and-conditioner-with-artisan-soap/"}
{"SKU": "GRPWAHA-BDW-005", "Type": "", "Size": "Case of (300) Pieces", "Color": "", "Options": {"Main Option": "Bodyography blanc Amenities Collection", "Description": "Artisan Hand Soap 30g", "Weight": "23 Lbs", "CHOOSE PACK SIZE": "Case of (300) Pieces"}, "Price Per Each": "0.38", "Full Price": "112.5100", "Stock Status": "In Stock", "Brand": "World Amenities", "Category": "Shampoo", "Sub Category": "Conditioner", "Material": "", "Title": "Bodyography blanc Bulk Shampoo And Conditioner With Artisan Soap", "Description": "Bodyography Premium Bulk Shampoo And Conditioner With Artisan Soap, a luxurious collection inspired by Bodyography's renowned professional retail brand, Bodyography&reg; Skincare and Cosmetics, ...", "Images": ["https://cdn11.bigcommerce.com/s-zd141b7qtp/products/47754/images/155383/bodyography-blanc-bulk-shampoo-and-conditioner-with-artisan-soap-world-amenities__71282.1707127678.386.513.jpg?c=1"], "Url": "https://directtextilestore.com/bodyography-blanc-bulk-shampoo-and-conditioner-with-artisan-soap/"}
{"SKU": "GRPWAHA-BDW-006", "Type": "", "Size": "Case of (200) Pieces", "Color": "", "Options": {"Main Option": "Bodyography blanc Amenities Collection", "Description": "Artisan Massage Bar 50g", "Weight": "25 Lbs", "CHOOSE PACK SIZE": "Case of (200) Pieces"}, "Price Per Each": "0.48", "Full Price": "95.3900", "Stock Status": "In Stock", "Brand": "World Amenities", "Category": "Shampoo", "Sub Category": "Conditioner", "Material": "", "Title": "Bodyography blanc Bulk Shampoo And Conditioner With Artisan Soap", "Description": "Bodyography Premium Bulk Shampoo And Conditioner With Artisan Soap, a luxurious collection inspired by Bodyography's renowned professional retail brand, Bodyography&reg; Skincare and Cosmetics, ...", "Images": ["https://cdn11.bigcommerce.com/s-zd141b7qtp/products/47754/images/155383/bodyography-blanc-bulk-shampoo-and-conditioner-with-artisan-soap-world-amenities__71282.1707127678.386.513.jpg?c=1"], "Url": "https://directtextilestore.com/bodyography-blanc-bulk-shampoo-and-conditioner-with-artisan-soap/"}
{"SKU": "GRPWAHA-BD-031", "Type": "", "Size": "Case of (4) Pieces", "Color": "", "Options": {"Main Option": "Bodyography Amenities Collection", "Description": "Shampoo 1 Gal", "Weight/Case": "40 Lbs", "CHOOSE PACK SIZE": "Case of (4) Pieces"}, "Price Per Each": "20.80", "Full Price": "83.1900", "Stock Status": "In Stock", "Brand": "World Amenities", "Category": "Shampoo", "Sub Category": "Conditioner", "Material": "", "Title": "Bodyography Hotel Shampoo And Conditioner - Case of 4 Gal", "Description": "Bodyography Hotel Shampoo And Conditioner in Bulk Cases of 4 Gal is a luxurious collection of handmade personal care products with mineral-based formulas that offer lifelong skincare benefits. The ...", "Images": ["https://cdn11.bigcommerce.com/s-zd141b7qtp/products/47756/images/150838/bodyography-hotel-shampoo-and-conditioner-case-of-4-gal-world-amenities__88095.1706022674.386.513.jpg?c=1"], "Url": "https://directtextilestore.com/bodyography-hotel-shampoo-and-conditioner-case-of-4-gal/"}
{"SKU": "GRPWAHA-BD-032", "Type": "", "Size": "Case of (4) Pieces", "Color": "", "Options": {"Main Option": "Bodyography Amenities Collection", "Description": "Conditioner 1 Gal", "Weight/Case": "40 Lbs", "CHOOSE PACK SIZE": "Case of (4) Pieces"}, "Price Per Each": "20.80", "Full Price": "83.1900", "Stock Status": "In Stock", "Brand": "World Amenities", "Category": "Shampoo", "Sub Category": "Conditioner", "Material": "", "Title": "Bodyography Hotel Shampoo And Conditioner - Case of 4 Gal", "Description": "Bodyography Hotel Shampoo And Conditioner in Bulk Cases of 4 Gal is a luxurious collection of handmade personal care products with mineral-based formulas that offer lifelong skincare benefits. The ...", "Images": ["https://cdn11.bigcommerce.com/s-zd141b7qtp/products/47756/images/150838/bodyography-hotel-shampoo-and-conditioner-case-of-4-gal-world-amenities__88095.1706022674.386.513.jpg?c=1"], "Url": "https://directtextilestore.com/bodyography-hotel-shampoo-and-conditioner-case-of-4-gal/"}
{"SKU": "GRPWAHA-BD-035", "Type": "", "Size": "Case of (4) Pieces", "Color": "", "Options": {"Main Option": "Bodyography Amenities Collection", "Description": "2-in-1 Conditioning Shampoo 1 Gal", "Weight/Case": "40 Lbs", "CHOOSE PACK SIZE": "Case of (4) Pieces"}, "Price Per Each": "20.80", "Full Price": "83.1900", "Stock Status": "In Stock", "Brand": "World Amenities", "Category": "Shampoo", "Sub Category": "Conditioner", "Material": "", "Title": "Bodyography Hotel Shampoo And Conditioner - Case of 4 Gal", "Description": "Bodyography Hotel Shampoo And Conditioner in Bulk Cases of 4 Gal is a luxurious collection of handmade personal care products with mineral-based formulas that offer lifelong skincare benefits. The ...", "Images": ["https://cdn11.bigcommerce.com/s-zd141b7qtp/products/47756/images/150838/bodyography-hotel-shampoo-and-conditioner-case-of-4-gal-world-amenities__88095.1706022674.386.513.jpg?c=1"], "Url": "https://directtextilestore.com/bodyography-hotel-shampoo-and-conditioner-case-of-4-gal/"}
{"SKU": "GRPWAHA-BD-033", "Type": "", "Size": "Case of (4) Pieces", "Color": "", "Options": {"Main Option": "Bodyography Amenities Collection", "Description": "Hand Soap & Body Wash 1 Gal", "Weight/Case": "40 Lbs", "CHOOSE PACK SIZE": "Case of (4) Pieces"}, "Price Per Each": "20.80", "Full Price": "83.1900", "Stock Status": "In Stock", "Brand": "World Amenities", "Category": "Shampoo", "Sub Category": "Conditioner", "Material": "", "Title": "Bodyography Hotel Shampoo And Conditioner - Case of 4 Gal", "Description": "Bodyography Hotel Shampoo And Conditioner in Bulk Cases of 4 Gal is a luxurious collection of handmade personal care products with mineral-based formulas that offer lifelong skincare benefits. The ...", "Images": ["https://cdn11.bigcommerce.com/s-zd141b7qtp/products/47756/images/150838/bodyography-hotel-shampoo-and-conditioner-case-of-4-gal-world-amenities__88095.1706022674.386.513.jpg?c=1"], "Url": "https://directtextilestore.com/bodyography-hotel-shampoo-and-conditioner-case-of-4-gal/"}
{"SKU": "GRPWAHA-BD-034", "Type": "", "Size": "Case of (4) Pieces", "Color": "", "Options": {"Main Option": "Bodyography Amenities Collection", "Description": "Lotion 1 Gal", "Weight/Case": "40 Lbs", "CHOOSE PACK SIZE": "Case of (4) Pieces"}, "Price Per Each": "20.80", "Full Price": "83.1900", "Stock Status": "In Stock", "Brand": "World Amenities", "Category": "Shampoo", "Sub Category": "Conditioner", "Material": "", "Title": "Bodyography Hotel Shampoo And Conditioner - Case of 4 Gal", "Description": "Bodyography Hotel Shampoo And Conditioner in Bulk Cases of 4 Gal is a luxurious collection of handmade personal care products with mineral-based formulas that offer lifelong skincare benefits. The ...", "Images": ["https://cdn11.bigcommerce.com/s-zd141b7qtp/products/47756/images/150838/bodyography-hotel-shampoo-and-conditioner-case-of-4-gal-world-amenities__88095.1706022674.386.513.jpg?c=1"], "Url": "https://directtextilestore.com/bodyography-hotel-shampoo-and-conditioner-case-of-4-gal/"}
{"SKU": "GRPWAHA-BD-001", "Type": "", "Size": "Case of (300) Pieces", "Color": "", "Options": {"Main Option": "Bodyography Amenities Collection", "Description": "Shampoo 40ml", "Weight": "32 Lbs", "CHOOSE PACK SIZE": "Case of (300) Pieces"}, "Price Per Each": "0.48", "Full Price": "143.0800", "Stock Status": "In Stock", "Brand": "World Amenities", "Category": "Shampoo", "Sub Category": "Conditioner", "Material": "", "Title": "Bodyography Hotel Shampoo And Conditioner With  Artisan Soap - In Bulk", "Description": "Give your guests the best in luxury with the Bodyography Hotel Shampoo And Conditioner With Artisan Soap - In Bulk. This unique line of handmade personal care items includes mineral-based ...", "Images": ["https://cdn11.bigcommerce.com/s-zd141b7qtp/products/47753/images/155546/bodyography-hotel-shampoo-and-conditioner-with-artisan-soap-in-bulk-world-amenities__48556.1707127936.386.513.jpg?c=1"], "Url": "https://directtextilestore.com/bodyography-hotel-shampoo-and-conditioner-with-artisan-soap-in-bulk/"}
{"SKU": "GRPWAHA-BD-002", "Type": "", "Size": "Case of (300) Pieces", "Color": "", "Options": {"Main Option": "Bodyography Amenities Collection", "Description": "Conditioner 40ml", "Weight": "32 Lbs", "CHOOSE PACK SIZE": "Case of (300) Pieces"}, "Price Per Each": "0.48", "Full Price": "143.0800", "Stock Status": "In Stock", "Brand": "World Amenities", "Category": "Shampoo", "Sub Category": "Conditioner", "Material": "", "Title": "Bodyography Hotel Shampoo And Conditioner With  Artisan Soap - In Bulk", "Description": "Give your guests the best in luxury with the Bodyography Hotel Shampoo And Conditioner With Artisan Soap - In Bulk. This unique line of handmade personal care items includes mineral-based ...", "Images": ["https://cdn11.bigcommerce.com/s-zd141b7qtp/products/47753/images/155546/bodyography-hotel-shampoo-and-conditioner-with-artisan-soap-in-bulk-world-amenities__48556.1707127936.386.513.jpg?c=1"], "Url": "https://directtextilestore.com/bodyography-hotel-shampoo-and-conditioner-with-artisan-soap-in-bulk/"}
{"SKU": "GRPWAHA-BD-003", "Type": "", "Size": "Case of (300) Pieces", "Color": "", "Options": {"Main Option": "Bodyography Amenities Collection", "Description": "Body Wash 40ml", "Weight": "32 Lbs", "CHOOSE PACK SIZE": "Case of (300) Pieces"}, "Price Per Each": "0.48", "Full Price": "143.0800", "Stock Status": "In Stock", "Brand": "World Amenities", "Category": "Shampoo", "Sub Category": "Conditioner", "Material": "", "Title": "Bodyography Hotel Shampoo And Conditioner With  Artisan Soap - In Bulk", "Description": "Give your guests the best in luxury with the Bodyography Hotel Shampoo And Conditioner With Artisan Soap - In Bulk. This unique line of handmade personal care items includes mineral-based ...", "Images": ["https://cdn11.bigcommerce.com/s-zd141b7qtp/products/47753/images/155546/bodyography-hotel-shampoo-and-conditioner-with-artisan-soap-in-bulk-world-amenities__48556.1707127936.386.513.jpg?c=1"], "Url": "https://directtextilestore.com/bodyography-hotel-shampoo-and-conditioner-with-artisan-soap-in-bulk/"}
{"SKU": "GRPWAHA-BD-004", "Type": "", "Size": "Case of (300) Pieces", "Color": "", "Options": {"Main Option": "Bodyography Amenities Collection", "Description": "Hand & Body Lotion 40ml", "Weight": "32 Lbs", "CHOOSE PACK SIZE": "Case of (300) Pieces"}, "Price Per Each": "0.48", "Full Price": "143.0800", "Stock Status": "In Stock", "Brand": "World Amenities", "Category": "Shampoo", "Sub Category": "Conditioner", "Material": "", "Title": "Bodyography Hotel Shampoo And Conditioner With  Artisan Soap - In Bulk", "Description": "Give your guests the best in luxury with the Bodyography Hotel Shampoo And Conditioner With Artisan Soap - In Bulk. This unique line of handmade personal care items includes mineral-based ...", "Images": ["https://cdn11.bigcommerce.com/s-zd141b7qtp/products/47753/images/155546/bodyography-hotel-shampoo-and-conditioner-with-artisan-soap-in-bulk-world-amenities__48556.1707127936.386.513.jpg?c=1"], "Url": "https://directtextilestore.com/bodyography-hotel-shampoo-and-conditioner-with-artisan-soap-in-bulk/"}
{"SKU": "GRPWAHA-BD-005", "Type": "", "Size": "Case of (300) Pieces", "Color": "", "Options": {"Main Option": "Bodyography Amenities Collection", "Description": "Artisan Hand Soap 30g", "Weight": "22 Lbs", "CHOOSE PACK SIZE": "Case of (300) Pieces"}, "Price Per Each": "0.38", "Full Price": "112.5100", "Stock Status": "In Stock", "Brand": "World Amenities", "Category": "Shampoo", "Sub Category": "Conditioner", "Material": "", "Title": "Bodyography Hotel Shampoo And Conditioner With  Artisan Soap - In Bulk", "Description": "Give your guests the best in luxury with the Bodyography Hotel Shampoo And Conditioner With Artisan Soap - In Bulk. This unique line of handmade personal care items includes mineral-based ...", "Images": ["https://cdn11.bigcommerce.com/s-zd141b7qtp/products/47753/images/155546/bodyography-hotel-shampoo-and-conditioner-with-artisan-soap-in-bulk-world-amenities__48556.1707127936.386.513.jpg?c=1"], "Url": "https://directtextilestore.com/bodyography-hotel-shampoo-and-conditioner-with-artisan-soap-in-bulk/"}
{"SKU": "GRPWAHA-BD-006", "Type": "", "Size": "Case of (200) Pieces", "Color": "", "Options": {"Main Option": "Bodyography Amenities Collection", "Description": "Artisan Massage Bar 50g", "Weight": "36 Lbs", "CHOOSE PACK SIZE": "Case of (200) Pieces"}, "Price Per Each": "0.48", "Full Price": "95.3900", "Stock Status": "In Stock", "Brand": "World Amenities", "Category": "Shampoo", "Sub Category": "Conditioner", "Material": "", "Title": "Bodyography Hotel Shampoo And Conditioner With  Artisan Soap - In Bulk", "Description": "Give your guests the best in luxury with the Bodyography Hotel Shampoo And Conditioner With Artisan Soap - In Bulk. This unique line of handmade personal care items includes mineral-based ...", "Images": ["https://cdn11.bigcommerce.com/s-zd141b7qtp/products/47753/images/155546/bodyography-hotel-shampoo-and-conditioner-with-artisan-soap-in-bulk-world-amenities__48556.1707127936.386.513.jpg?c=1"], "Url": "https://directtextilestore.com/bodyography-hotel-shampoo-and-conditioner-with-artisan-soap-in-bulk/"}
{"SKU": "GRPWAHA-AC-026", "Type": "", "Size": "5 g", "Color": "", "Options": {"Main Option": "Colgate Toothpaste", "Description": "Clear Frosted Sachet", "Size": "5 g", "CHOOSE PACK SIZE": "Case of (288) Pieces"}, "Price Per Each": "0.89", "Full Price": "257.5400", "Stock Status": "In Stock", "Brand": "World Amenities", "Category": "", "Sub Category": "", "Material": "", "Title": "Dental Kit | Colgate Toothpaste And Toothbrush", "Description": "Dental Kit | Colgate Toothpaste And Toothbrush, Enhance guest satisfaction with this Dental Kit featuring a toothbrush and travel-size Colgate toothpaste (5g). Wrapped in a clear frosted sachet, ...", "Images": ["https://cdn11.bigcommerce.com/s-zd141b7qtp/products/47875/images/149638/dental-kit-or-colgate-toothpaste-and-toothbrush-world-amenities__27286.1706020918.386.513.jpg?c=1"], "Url": "https://directtextilestore.com/dental-kit-colgate-toothpaste-and-toothbrush/"}
{"SKU": "GRPWAHA-ER-001", "Type": "", "Size": "Case of (288) Pieces", "Color": "", "Options": {"Main Option": "Ecorite Hotel Amenities Collection", "Description": "Shampoo 30 ml", "Weight/Case": "24 Lbs", "CHOOSE PACK SIZE": "Case of (288) Pieces"}, "Price Per Each": "0.31", "Full Price": "90.1700", "Stock Status": "In Stock", "Brand": "World Amenities", "Category": "Shampoo", "Sub Category": "Conditioner", "Material": "", "Title": "Ecorite Bulk Shampoo And Conditioner For Hotels", "Description": "Introducing Ecorite Bulk Shampoo And Conditioner For Hotels, the ideal collection of bulk hotel amenities for eco-conscious hotels. With a high-quality moisturizing formula, these products are ...", "Images": ["https://cdn11.bigcommerce.com/s-zd141b7qtp/products/47759/images/155632/ecorite-bulk-shampoo-and-conditioner-for-hotels-world-amenities__14416.1707128022.386.513.jpg?c=1"], "Url": "https://directtextilestore.com/ecorite-bulk-shampoo-and-conditioner-for-hotels/"}
{"SKU": "GRPWAHA-ER-002", "Type": "", "Size": "Case of (288) Pieces", "Color": "", "Options": {"Main Option": "Ecorite Hotel Amenities Collection", "Description": "Conditioner 30ml", "Weight/Case": "24 Lbs", "CHOOSE PACK SIZE": "Case of (288) Pieces"}, "Price Per Each": "0.30", "Full Price": "85.0700", "Stock Status": "In Stock", "Brand": "World Amenities", "Category": "Shampoo", "Sub Category": "Conditioner", "Material": "", "Title": "Ecorite Bulk Shampoo And Conditioner For Hotels", "Description": "Introducing Ecorite Bulk Shampoo And Conditioner For Hotels, the ideal collection of bulk hotel amenities for eco-conscious hotels. With a high-quality moisturizing formula, these products are ...", "Images": ["https://cdn11.bigcommerce.com/s-zd141b7qtp/products/47759/images/155632/ecorite-bulk-shampoo-and-conditioner-for-hotels-world-amenities__14416.1707128022.386.513.jpg?c=1"], "Url": "https://directtextilestore.com/ecorite-bulk-shampoo-and-conditioner-for-hotels/"}
{"SKU": "GRPWAHA-ER-008", "Type": "", "Size": "Case of (288) Pieces", "Color": "", "Options": {"Main Option": "Ecorite Hotel Amenities Collection", "Description": "Shampoo/Conditioner 30ml", "Weight/Case": "24 Lbs", "CHOOSE PACK SIZE": "Case of (288) Pieces"}, "Price Per Each": "0.33", "Full Price": "95.5200", "Stock Status": "In Stock", "Brand": "World Amenities", "Category": "Shampoo", "Sub Category": "Conditioner", "Material": "", "Title": "Ecorite Bulk Shampoo And Conditioner For Hotels", "Description": "Introducing Ecorite Bulk Shampoo And Conditioner For Hotels, the ideal collection of bulk hotel amenities for eco-conscious hotels. With a high-quality moisturizing formula, these products are ...", "Images": ["https://cdn11.bigcommerce.com/s-zd141b7qtp/products/47759/images/155632/ecorite-bulk-shampoo-and-conditioner-for-hotels-world-amenities__14416.1707128022.386.513.jpg?c=1"], "Url": "https://directtextilestore.com/ecorite-bulk-shampoo-and-conditioner-for-hotels/"}
{"SKU": "GRPWAHA-ER-003", "Type": "", "Size": "Case of (288) Pieces", "Color": "", "Options": {"Main Option": "Ecorite Hotel Amenities Collection", "Description": "Bath Gel 30ml", "Weight/Case": "24 Lbs", "CHOOSE PACK SIZE": "Case of (288) Pieces"}, "Price Per Each": "0.30", "Full Price": "85.0700", "Stock Status": "In Stock", "Brand": "World Amenities", "Category": "Shampoo", "Sub Category": "Conditioner", "Material": "", "Title": "Ecorite Bulk Shampoo And Conditioner For Hotels", "Description": "Introducing Ecorite Bulk Shampoo And Conditioner For Hotels, the ideal collection of bulk hotel amenities for eco-conscious hotels. With a high-quality moisturizing formula, these products are ...", "Images": ["https://cdn11.bigcommerce.com/s-zd141b7qtp/products/47759/images/155632/ecorite-bulk-shampoo-and-conditioner-for-hotels-world-amenities__14416.1707128022.386.513.jpg?c=1"], "Url": "https://directtextilestore.com/ecorite-bulk-shampoo-and-conditioner-for-hotels/"}
{"SKU": "GRPWAHA-ER-004", "Type": "", "Size": "Case of (288) Pieces", "Color": "", "Options": {"Main Option": "Ecorite Hotel Amenities Collection", "Description": "Body Lotion 30ml", "Weight/Case": "24 Lbs", "CHOOSE PACK SIZE": "Case of (288) Pieces"}, "Price Per Each": "0.30", "Full Price": "85.0700", "Stock Status": "In Stock", "Brand": "World Amenities", "Category": "Shampoo", "Sub Category": "Conditioner", "Material": "", "Title": "Ecorite Bulk Shampoo And Conditioner For Hotels", "Description": "Introducing Ecorite Bulk Shampoo And Conditioner For Hotels, the ideal collection of bulk hotel amenities for eco-conscious hotels. With a high-quality moisturizing formula, these products are ...", "Images": ["https://cdn11.bigcommerce.com/s-zd141b7qtp/products/47759/images/155632/ecorite-bulk-shampoo-and-conditioner-for-hotels-world-amenities__14416.1707128022.386.513.jpg?c=1"], "Url": "https://directtextilestore.com/ecorite-bulk-shampoo-and-conditioner-for-hotels/"}
{"SKU": "GRPWAHA-ER-005", "Type": "", "Size": "Case of (288) Pieces", "Color": "", "Options": {"Main Option": "Ecorite Hotel Amenities Collection", "Description": "Facial Soap 20g", "Weight/Case": "24 Lbs", "CHOOSE PACK SIZE": "Case of (288) Pieces"}, "Price Per Each": "0.21", "Full Price": "61.5500", "Stock Status": "In Stock", "Brand": "World Amenities", "Category": "Shampoo", "Sub Category": "Conditioner", "Material": "", "Title": "Ecorite Bulk Shampoo And Conditioner For Hotels", "Description": "Introducing Ecorite Bulk Shampoo And Conditioner For Hotels, the ideal collection of bulk hotel amenities for eco-conscious hotels. With a high-quality moisturizing formula, these products are ...", "Images": ["https://cdn11.bigcommerce.com/s-zd141b7qtp/products/47759/images/155632/ecorite-bulk-shampoo-and-conditioner-for-hotels-world-amenities__14416.1707128022.386.513.jpg?c=1"], "Url": "https://directtextilestore.com/ecorite-bulk-shampoo-and-conditioner-for-hotels/"}
{"SKU": "GRPWAHA-ER-006", "Type": "", "Size": "Case of (288) Pieces", "Color": "", "Options": {"Main Option": "Ecorite Hotel Amenities Collection", "Description": "Body Soap 30g", "Weight/Case": "25 Lbs", "CHOOSE PACK SIZE": "Case of (288) Pieces"}, "Price Per Each": "0.27", "Full Price": "78.4700", "Stock Status": "In Stock", "Brand": "World Amenities", "Category": "Shampoo", "Sub Category": "Conditioner", "Material": "", "Title": "Ecorite Bulk Shampoo And Conditioner For Hotels", "Description": "Introducing Ecorite Bulk Shampoo And Conditioner For Hotels, the ideal collection of bulk hotel amenities for eco-conscious hotels. With a high-quality moisturizing formula, these products are ...", "Images": ["https://cdn11.bigcommerce.com/s-zd141b7qtp/products/47759/images/155632/ecorite-bulk-shampoo-and-conditioner-for-hotels-world-amenities__14416.1707128022.386.513.jpg?c=1"], "Url": "https://directtextilestore.com/ecorite-bulk-shampoo-and-conditioner-for-hotels/"}
{"SKU": "GRPWAHA-ER-007", "Type": "", "Size": "Case of (288) Pieces", "Color": "", "Options": {"Main Option": "Ecorite Hotel Amenities Collection", "Description": "Massage Soap 42g", "Weight/Case": "30 Lbs", "CHOOSE PACK SIZE": "Case of (288) Pieces"}, "Price Per Each": "0.37", "Full Price": "107.5100", "Stock Status": "In Stock", "Brand": "World Amenities", "Category": "Shampoo", "Sub Category": "Conditioner", "Material": "", "Title": "Ecorite Bulk Shampoo And Conditioner For Hotels", "Description": "Introducing Ecorite Bulk Shampoo And Conditioner For Hotels, the ideal collection of bulk hotel amenities for eco-conscious hotels. With a high-quality moisturizing formula, these products are ...", "Images": ["https://cdn11.bigcommerce.com/s-zd141b7qtp/products/47759/images/155632/ecorite-bulk-shampoo-and-conditioner-for-hotels-world-amenities__14416.1707128022.386.513.jpg?c=1"], "Url": "https://directtextilestore.com/ecorite-bulk-shampoo-and-conditioner-for-hotels/"}
{"SKU": "GRPWAHA-EST-001", "Type": "", "Size": "Case of (288) Pieces", "Color": "", "Options": {"Main Option": "Est. Collection Hotel Amenities", "Description": "Shampoo 40 ml", "Weight/Case": "34 Lbs", "CHOOSE PACK SIZE": "Case of (288) Pieces"}, "Price Per Each": "0.50", "Full Price": "143.0800", "Stock Status": "In Stock", "Brand": "World Amenities", "Category": "Shampoo", "Sub Category": "Conditioner", "Material": "", "Title": "Est. Collection Hotel Shampoo And Conditioner In Bulk", "Description": "Embrace sophistication with the Est. Collection Hotel Shampoo And Conditioner, the epitome of elegance in bulk hotel amenities. With its chic design and a delightful blend of grapefruit and ...", "Images": ["https://cdn11.bigcommerce.com/s-zd141b7qtp/products/47760/images/155372/est-collection-hotel-shampoo-and-conditioner-in-bulk-world-amenities__78053.1707127667.386.513.jpg?c=1"], "Url": "https://directtextilestore.com/est-collection-hotel-shampoo-and-conditioner-in-bulk/"}
{"SKU": "GRPWAHA-EST-002", "Type": "", "Size": "Case of (288) Pieces", "Color": "", "Options": {"Main Option": "Est. Collection Hotel Amenities", "Description": "Conditioner 40 ml", "Weight/Case": "34 Lbs", "CHOOSE PACK SIZE": "Case of (288) Pieces"}, "Price Per Each": "0.50", "Full Price": "143.0800", "Stock Status": "In Stock", "Brand": "World Amenities", "Category": "Shampoo", "Sub Category": "Conditioner", "Material": "", "Title": "Est. Collection Hotel Shampoo And Conditioner In Bulk", "Description": "Embrace sophistication with the Est. Collection Hotel Shampoo And Conditioner, the epitome of elegance in bulk hotel amenities. With its chic design and a delightful blend of grapefruit and ...", "Images": ["https://cdn11.bigcommerce.com/s-zd141b7qtp/products/47760/images/155372/est-collection-hotel-shampoo-and-conditioner-in-bulk-world-amenities__78053.1707127667.386.513.jpg?c=1"], "Url": "https://directtextilestore.com/est-collection-hotel-shampoo-and-conditioner-in-bulk/"}
{"SKU": "GRPWAHA-EST-003", "Type": "", "Size": "Case of (288) Pieces", "Color": "", "Options": {"Main Option": "Est. Collection Hotel Amenities", "Description": "Body Wash 40 ml", "Weight/Case": "34 Lbs", "CHOOSE PACK SIZE": "Case of (288) Pieces"}, "Price Per Each": "0.50", "Full Price": "143.0800", "Stock Status": "In Stock", "Brand": "World Amenities", "Category": "Shampoo", "Sub Category": "Conditioner", "Material": "", "Title": "Est. Collection Hotel Shampoo And Conditioner In Bulk", "Description": "Embrace sophistication with the Est. Collection Hotel Shampoo And Conditioner, the epitome of elegance in bulk hotel amenities. With its chic design and a delightful blend of grapefruit and ...", "Images": ["https://cdn11.bigcommerce.com/s-zd141b7qtp/products/47760/images/155372/est-collection-hotel-shampoo-and-conditioner-in-bulk-world-amenities__78053.1707127667.386.513.jpg?c=1"], "Url": "https://directtextilestore.com/est-collection-hotel-shampoo-and-conditioner-in-bulk/"}
{"SKU": "GRPWAHA-EST-004", "Type": "", "Size": "Case of (288) Pieces", "Color": "", "Options": {"Main Option": "Est. Collection Hotel Amenities", "Description": "Lotion 40 ml", "Weight/Case": "34 Lbs", "CHOOSE PACK SIZE": "Case of (288) Pieces"}, "Price Per Each": "0.50", "Full Price": "143.0800", "Stock Status": "In Stock", "Brand": "World Amenities", "Category": "Shampoo", "Sub Category": "Conditioner", "Material": "", "Title": "Est. Collection Hotel Shampoo And Conditioner In Bulk", "Description": "Embrace sophistication with the Est. Collection Hotel Shampoo And Conditioner, the epitome of elegance in bulk hotel amenities. With its chic design and a delightful blend of grapefruit and ...", "Images": ["https://cdn11.bigcommerce.com/s-zd141b7qtp/products/47760/images/155372/est-collection-hotel-shampoo-and-conditioner-in-bulk-world-amenities__78053.1707127667.386.513.jpg?c=1"], "Url": "https://directtextilestore.com/est-collection-hotel-shampoo-and-conditioner-in-bulk/"}
{"SKU": "GRPWAHA-EST-005", "Type": "", "Size": "Case of (288) Pieces", "Color": "", "Options": {"Main Option": "Est. Collection Hotel Amenities", "Description": "Hand Soap 30g", "Weight/Case": "21 Lbs", "CHOOSE PACK SIZE": "Case of (288) Pieces"}, "Price Per Each": "0.39", "Full Price": "112.5100", "Stock Status": "In Stock", "Brand": "World Amenities", "Category": "Shampoo", "Sub Category": "Conditioner", "Material": "", "Title": "Est. Collection Hotel Shampoo And Conditioner In Bulk", "Description": "Embrace sophistication with the Est. Collection Hotel Shampoo And Conditioner, the epitome of elegance in bulk hotel amenities. With its chic design and a delightful blend of grapefruit and ...", "Images": ["https://cdn11.bigcommerce.com/s-zd141b7qtp/products/47760/images/155372/est-collection-hotel-shampoo-and-conditioner-in-bulk-world-amenities__78053.1707127667.386.513.jpg?c=1"], "Url": "https://directtextilestore.com/est-collection-hotel-shampoo-and-conditioner-in-bulk/"}
{"SKU": "GRPWAHA-EST-006", "Type": "", "Size": "Case of (288) Pieces", "Color": "", "Options": {"Main Option": "Est. Collection Hotel Amenities", "Description": "Massage Bar 42g", "Weight/Case": "30 Lbs", "CHOOSE PACK SIZE": "Case of (288) Pieces"}, "Price Per Each": "0.33", "Full Price": "95.3900", "Stock Status": "In Stock", "Brand": "World Amenities", "Category": "Shampoo", "Sub Category": "Conditioner", "Material": "", "Title": "Est. Collection Hotel Shampoo And Conditioner In Bulk", "Description": "Embrace sophistication with the Est. Collection Hotel Shampoo And Conditioner, the epitome of elegance in bulk hotel amenities. With its chic design and a delightful blend of grapefruit and ...", "Images": ["https://cdn11.bigcommerce.com/s-zd141b7qtp/products/47760/images/155372/est-collection-hotel-shampoo-and-conditioner-in-bulk-world-amenities__78053.1707127667.386.513.jpg?c=1"], "Url": "https://directtextilestore.com/est-collection-hotel-shampoo-and-conditioner-in-bulk/"}
{"SKU": "GRPWAHA-NECSC-031", "Type": "", "Size": "1 Gal /Btl", "Color": "", "Options": {"Main Option": "Nectar amenities Collection", "Description": "Shampoo", "Size": "1 Gal /Btl", "Weight/Unit": "10 Lbs", "CHOOSE PACK SIZE": "Case of (4) Pieces"}, "Price Per Each": "16.63", "Full Price": "66.5200", "Stock Status": "In Stock", "Brand": "World Amenities", "Category": "Shampoo", "Sub Category": "Conditioner", "Material": "", "Title": "Nectar Bulk Shampoo And Conditioner For Hotels - Case of 4 Gal", "Description": "This Nectar Bulk Shampoo And Conditioner For Hotels collection will help your guests Elevate their bathing experience. This collection of antioxidant and vitamin-infused liquids will rejuvenate ...", "Images": ["https://cdn11.bigcommerce.com/s-zd141b7qtp/products/47748/images/149463/nectar-bulk-shampoo-and-conditioner-for-hotels-case-of-4-gal-world-amenities__53332.1706020682.386.513.jpg?c=1", "https://cdn11.bigcommerce.com/s-zd141b7qtp/products/47748/images/148782/nectar-bulk-shampoo-and-conditioner-for-hotels-case-of-4-gal-world-amenities__15785.1706019760.386.513.jpg?c=1", "https://cdn11.bigcommerce.com/s-zd141b7qtp/product_images/attribute_rule_images/293285_source_1706021795.jpg", "https://cdn11.bigcommerce.com/s-zd141b7qtp/product_images/attribute_rule_images/293286_source_1706018849.jpg"], "Url": "https://directtextilestore.com/nectar-bulk-shampoo-and-conditioner-for-hotels-case-of-4-gal/"}
{"SKU": "GRPWAHA-NECSC-032", "Type": "", "Size": "1 Gal /Btl", "Color": "", "Options": {"Main Option": "Nectar amenities Collection", "Description": "Conditioner", "Size": "1 Gal /Btl", "Weight/Unit": "10 Lbs", "CHOOSE PACK SIZE": "Case of (4) Pieces"}, "Price Per Each": "16.63", "Full Price": "66.5200", "Stock Status": "In Stock", "Brand": "World Amenities", "Category": "Shampoo", "Sub Category": "Conditioner", "Material": "", "Title": "Nectar Bulk Shampoo And Conditioner For Hotels - Case of 4 Gal", "Description": "This Nectar Bulk Shampoo And Conditioner For Hotels collection will help your guests Elevate their bathing experience. This collection of antioxidant and vitamin-infused liquids will rejuvenate ...", "Images": ["https://cdn11.bigcommerce.com/s-zd141b7qtp/products/47748/images/149463/nectar-bulk-shampoo-and-conditioner-for-hotels-case-of-4-gal-world-amenities__53332.1706020682.386.513.jpg?c=1", "https://cdn11.bigcommerce.com/s-zd141b7qtp/products/47748/images/148782/nectar-bulk-shampoo-and-conditioner-for-hotels-case-of-4-gal-world-amenities__15785.1706019760.386.513.jpg?c=1", "https://cdn11.bigcommerce.com/s-zd141b7qtp/product_images/attribute_rule_images/293285_source_1706021795.jpg", "https://cdn11.bigcommerce.com/s-zd141b7qtp/product_images/attribute_rule_images/293286_source_1706018849.jpg"], "Url": "https://directtextilestore.com/nectar-bulk-shampoo-and-conditioner-for-hotels-case-of-4-gal/"}
{"SKU": "GRPWAHA-NECSC-033", "Type": "", "Size": "1 Gal /Btl", "Color": "", "Options": {"Main Option": "Nectar amenities Collection", "Description": "Body Wash", "Size": "1 Gal /Btl", "Weight/Unit": "10 Lbs", "CHOOSE PACK SIZE": "Case of (4) Pieces"}, "Price Per Each": "16.63", "Full Price": "66.5200", "Stock Status": "In Stock", "Brand": "World Amenities", "Category": "Shampoo", "Sub Category": "Conditioner", "Material": "", "Title": "Nectar Bulk Shampoo And Conditioner For Hotels - Case of 4 Gal", "Description": "This Nectar Bulk Shampoo And Conditioner For Hotels collection will help your guests Elevate their bathing experience. This collection of antioxidant and vitamin-infused liquids will rejuvenate ...", "Images": ["https://cdn11.bigcommerce.com/s-zd141b7qtp/products/47748/images/149463/nectar-bulk-shampoo-and-conditioner-for-hotels-case-of-4-gal-world-amenities__53332.1706020682.386.513.jpg?c=1", "https://cdn11.bigcommerce.com/s-zd141b7qtp/products/47748/images/148782/nectar-bulk-shampoo-and-conditioner-for-hotels-case-of-4-gal-world-amenities__15785.1706019760.386.513.jpg?c=1", "https://cdn11.bigcommerce.com/s-zd141b7qtp/product_images/attribute_rule_images/293285_source_1706021795.jpg", "https://cdn11.bigcommerce.com/s-zd141b7qtp/product_images/attribute_rule_images/293286_source_1706018849.jpg"], "Url": "https://directtextilestore.com/nectar-bulk-shampoo-and-conditioner-for-hotels-case-of-4-gal/"}
{"SKU": "GRPWAHA-NECSC-034", "Type": "", "Size": "1 Gal /Btl", "Color": "", "Options": {"Main Option": "Nectar amenities Collection", "Description": "Body Lotion", "Size": "1 Gal /Btl", "Weight/Unit": "10 Lbs", "CHOOSE PACK SIZE": "Case of (4) Pieces"}, "Price Per Each": "16.63", "Full Price": "66.5200", "Stock Status": "In Stock", "Brand": "World Amenities", "Category": "Shampoo", "Sub Category": "Conditioner", "Material": "", "Title": "Nectar Bulk Shampoo And Conditioner For Hotels - Case of 4 Gal", "Description": "This Nectar Bulk Shampoo And Conditioner For Hotels collection will help your guests Elevate their bathing experience. This collection of antioxidant and vitamin-infused liquids will rejuvenate ...", "Images": ["https://cdn11.bigcommerce.com/s-zd141b7qtp/products/47748/images/149463/nectar-bulk-shampoo-and-conditioner-for-hotels-case-of-4-gal-world-amenities__53332.1706020682.386.513.jpg?c=1", "https://cdn11.bigcommerce.com/s-zd141b7qtp/products/47748/images/148782/nectar-bulk-shampoo-and-conditioner-for-hotels-case-of-4-gal-world-amenities__15785.1706019760.386.513.jpg?c=1", "https://cdn11.bigcommerce.com/s-zd141b7qtp/product_images/attribute_rule_images/293285_source_1706021795.jpg", "https://cdn11.bigcommerce.com/s-zd141b7qtp/product_images/attribute_rule_images/293286_source_1706018849.jpg"], "Url": "https://directtextilestore.com/nectar-bulk-shampoo-and-conditioner-for-hotels-case-of-4-gal/"}
{"SKU": "GRPWAHA-NECSC-001", "Type": "", "Size": "Case of (300) Pieces", "Color": "", "Options": {"Main Option": "Nectar amenities Collection", "Description": "Shampoo 30ml", "Weight": "25 Lbs", "CHOOSE PACK SIZE": "Case of (300) Pieces"}, "Price Per Each": "0.40", "Full Price": "120.0700", "Stock Status": "In Stock", "Brand": "World Amenities", "Category": "Shampoo", "Sub Category": "Conditioner", "Material": "", "Title": "Nectar Shampoo & Conditioner With Cleansing Bar - In Bulk Cases", "Description": "This Nectar Shampoo &amp; Conditioner With Cleansing Bar - In Bulk Cases For Hotels will help your guests Elevate their bathing experience. This collection of antioxidant and vitamin-infused ...", "Images": ["https://cdn11.bigcommerce.com/s-zd141b7qtp/products/47750/images/155573/nectar-shampoo-and-conditioner-with-cleansing-bar-in-bulk-cases-world-amenities__67920.1707127962.386.513.jpg?c=1"], "Url": "https://directtextilestore.com/nectar-shampoo-conditioner-with-cleansing-bar-in-bulk-cases/"}
{"SKU": "GRPWAHA-NECSC-002", "Type": "", "Size": "Case of (300) Pieces", "Color": "", "Options": {"Main Option": "Nectar amenities Collection", "Description": "Conditioner 30ml", "Weight": "25 Lbs", "CHOOSE PACK SIZE": "Case of (300) Pieces"}, "Price Per Each": "0.40", "Full Price": "120.0700", "Stock Status": "In Stock", "Brand": "World Amenities", "Category": "Shampoo", "Sub Category": "Conditioner", "Material": "", "Title": "Nectar Shampoo & Conditioner With Cleansing Bar - In Bulk Cases", "Description": "This Nectar Shampoo &amp; Conditioner With Cleansing Bar - In Bulk Cases For Hotels will help your guests Elevate their bathing experience. This collection of antioxidant and vitamin-infused ...", "Images": ["https://cdn11.bigcommerce.com/s-zd141b7qtp/products/47750/images/155573/nectar-shampoo-and-conditioner-with-cleansing-bar-in-bulk-cases-world-amenities__67920.1707127962.386.513.jpg?c=1"], "Url": "https://directtextilestore.com/nectar-shampoo-conditioner-with-cleansing-bar-in-bulk-cases/"}
{"SKU": "GRPWAHA-NECSC-008", "Type": "", "Size": "Case of (300) Pieces", "Color": "", "Options": {"Main Option": "Nectar amenities Collection", "Description": "2-in-1 Conditioning Shampoo 30ml", "Weight": "25 Lbs", "CHOOSE PACK SIZE": "Case of (300) Pieces"}, "Price Per Each": "0.42", "Full Price": "124.9500", "Stock Status": "In Stock", "Brand": "World Amenities", "Category": "Shampoo", "Sub Category": "Conditioner", "Material": "", "Title": "Nectar Shampoo & Conditioner With Cleansing Bar - In Bulk Cases", "Description": "This Nectar Shampoo &amp; Conditioner With Cleansing Bar - In Bulk Cases For Hotels will help your guests Elevate their bathing experience. This collection of antioxidant and vitamin-infused ...", "Images": ["https://cdn11.bigcommerce.com/s-zd141b7qtp/products/47750/images/155573/nectar-shampoo-and-conditioner-with-cleansing-bar-in-bulk-cases-world-amenities__67920.1707127962.386.513.jpg?c=1"], "Url": "https://directtextilestore.com/nectar-shampoo-conditioner-with-cleansing-bar-in-bulk-cases/"}
{"SKU": "GRPWAHA-NECSC-003", "Type": "", "Size": "Case of (300) Pieces", "Color": "", "Options": {"Main Option": "Nectar amenities Collection", "Description": "Body Wash 30ml", "Weight": "25 Lbs", "CHOOSE PACK SIZE": "Case of (300) Pieces"}, "Price Per Each": "0.40", "Full Price": "120.0700", "Stock Status": "In Stock", "Brand": "World Amenities", "Category": "Shampoo", "Sub Category": "Conditioner", "Material": "", "Title": "Nectar Shampoo & Conditioner With Cleansing Bar - In Bulk Cases", "Description": "This Nectar Shampoo &amp; Conditioner With Cleansing Bar - In Bulk Cases For Hotels will help your guests Elevate their bathing experience. This collection of antioxidant and vitamin-infused ...", "Images": ["https://cdn11.bigcommerce.com/s-zd141b7qtp/products/47750/images/155573/nectar-shampoo-and-conditioner-with-cleansing-bar-in-bulk-cases-world-amenities__67920.1707127962.386.513.jpg?c=1"], "Url": "https://directtextilestore.com/nectar-shampoo-conditioner-with-cleansing-bar-in-bulk-cases/"}
{"SKU": "GRPWAHA-NECSC-004", "Type": "", "Size": "Case of (300) Pieces", "Color": "", "Options": {"Main Option": "Nectar amenities Collection", "Description": "Hand & Body Lotion 30ml", "Weight": "25 Lbs", "CHOOSE PACK SIZE": "Case of (300) Pieces"}, "Price Per Each": "0.40", "Full Price": "120.0700", "Stock Status": "In Stock", "Brand": "World Amenities", "Category": "Shampoo", "Sub Category": "Conditioner", "Material": "", "Title": "Nectar Shampoo & Conditioner With Cleansing Bar - In Bulk Cases", "Description": "This Nectar Shampoo &amp; Conditioner With Cleansing Bar - In Bulk Cases For Hotels will help your guests Elevate their bathing experience. This collection of antioxidant and vitamin-infused ...", "Images": ["https://cdn11.bigcommerce.com/s-zd141b7qtp/products/47750/images/155573/nectar-shampoo-and-conditioner-with-cleansing-bar-in-bulk-cases-world-amenities__67920.1707127962.386.513.jpg?c=1"], "Url": "https://directtextilestore.com/nectar-shampoo-conditioner-with-cleansing-bar-in-bulk-cases/"}
{"SKU": "GRPWAHA-NECSC-005", "Type": "", "Size": "Case of (500) Pieces", "Color": "", "Options": {"Main Option": "Nectar amenities Collection", "Description": "Cleansing Bar Round 0.7oz 20g", "Weight": "22 Lbs", "CHOOSE PACK SIZE": "Case of (500) Pieces"}, "Price Per Each": "0.21", "Full Price": "105.8800", "Stock Status": "In Stock", "Brand": "World Amenities", "Category": "Shampoo", "Sub Category": "Conditioner", "Material": "", "Title": "Nectar Shampoo & Conditioner With Cleansing Bar - In Bulk Cases", "Description": "This Nectar Shampoo &amp; Conditioner With Cleansing Bar - In Bulk Cases For Hotels will help your guests Elevate their bathing experience. This collection of antioxidant and vitamin-infused ...", "Images": ["https://cdn11.bigcommerce.com/s-zd141b7qtp/products/47750/images/155573/nectar-shampoo-and-conditioner-with-cleansing-bar-in-bulk-cases-world-amenities__67920.1707127962.386.513.jpg?c=1"], "Url": "https://directtextilestore.com/nectar-shampoo-conditioner-with-cleansing-bar-in-bulk-cases/"}
{"SKU": "GRPWAHA-NECSC-006", "Type": "", "Size": "Case of (500) Pieces", "Color": "", "Options": {"Main Option": "Nectar amenities Collection", "Description": "Cleansing Bar Round 0.9oz 28g", "Weight": "31 Lbs", "CHOOSE PACK SIZE": "Case of (500) Pieces"}, "Price Per Each": "0.29", "Full Price": "142.9200", "Stock Status": "In Stock", "Brand": "World Amenities", "Category": "Shampoo", "Sub Category": "Conditioner", "Material": "", "Title": "Nectar Shampoo & Conditioner With Cleansing Bar - In Bulk Cases", "Description": "This Nectar Shampoo &amp; Conditioner With Cleansing Bar - In Bulk Cases For Hotels will help your guests Elevate their bathing experience. This collection of antioxidant and vitamin-infused ...", "Images": ["https://cdn11.bigcommerce.com/s-zd141b7qtp/products/47750/images/155573/nectar-shampoo-and-conditioner-with-cleansing-bar-in-bulk-cases-world-amenities__67920.1707127962.386.513.jpg?c=1"], "Url": "https://directtextilestore.com/nectar-shampoo-conditioner-with-cleansing-bar-in-bulk-cases/"}
{"SKU": "GRPWAHA-NECSC-007", "Type": "", "Size": "Case of (300) Pieces", "Color": "", "Options": {"Main Option": "Nectar amenities Collection", "Description": "Cleansing Bath & Body Bar 1.2oz 35g", "Weight": "23 Lbs", "CHOOSE PACK SIZE": "Case of (300) Pieces"}, "Price Per Each": "0.35", "Full Price": "105.8800", "Stock Status": "In Stock", "Brand": "World Amenities", "Category": "Shampoo", "Sub Category": "Conditioner", "Material": "", "Title": "Nectar Shampoo & Conditioner With Cleansing Bar - In Bulk Cases", "Description": "This Nectar Shampoo &amp; Conditioner With Cleansing Bar - In Bulk Cases For Hotels will help your guests Elevate their bathing experience. This collection of antioxidant and vitamin-infused ...", "Images": ["https://cdn11.bigcommerce.com/s-zd141b7qtp/products/47750/images/155573/nectar-shampoo-and-conditioner-with-cleansing-bar-in-bulk-cases-world-amenities__67920.1707127962.386.513.jpg?c=1"], "Url": "https://directtextilestore.com/nectar-shampoo-conditioner-with-cleansing-bar-in-bulk-cases/"}
{"SKU": "GRPWAHA-SPAR-031", "Type": "", "Size": "1 Gal", "Color": "", "Options": {"Main Option": "Spa Ritual Hotel Amenities Collection", "Description": "Shampoo", "Size/Unit": "1 Gal", "Weight/Case": "40 Lbs", "CHOOSE PACK SIZE": "Case of (4) Pieces"}, "Price Per Each": "18.27", "Full Price": "73.0700", "Stock Status": "In Stock", "Brand": "World Amenities", "Category": "Shampoo", "Sub Category": "Conditioner", "Material": "", "Title": "Spa Ritual Bulk Shampoo And Conditioner Case of 4 Gal", "Description": "Spa Ritual Bulk Shampoo And Conditioner - Elevate your guests' bathing experience with these Spa Rituals' bulk hotel amenities. This collection, featuring a fresh mix of garden flowers, herbs, and ...", "Images": ["https://cdn11.bigcommerce.com/s-zd141b7qtp/products/47757/images/155613/spa-ritual-bulk-shampoo-and-conditioner-case-of-4-gal-world-amenities__11687.1707128003.386.513.jpg?c=1"], "Url": "https://directtextilestore.com/spa-ritual-bulk-shampoo-and-conditioner-case-of-4-gal/"}
{"SKU": "GRPWAHA-SPAR-032", "Type": "", "Size": "1 Gal", "Color": "", "Options": {"Main Option": "Spa Ritual Hotel Amenities Collection", "Description": "Conditioner", "Size/Unit": "1 Gal", "Weight/Case": "40 Lbs", "CHOOSE PACK SIZE": "Case of (4) Pieces"}, "Price Per Each": "18.27", "Full Price": "73.0700", "Stock Status": "In Stock", "Brand": "World Amenities", "Category": "Shampoo", "Sub Category": "Conditioner", "Material": "", "Title": "Spa Ritual Bulk Shampoo And Conditioner Case of 4 Gal", "Description": "Spa Ritual Bulk Shampoo And Conditioner - Elevate your guests' bathing experience with these Spa Rituals' bulk hotel amenities. This collection, featuring a fresh mix of garden flowers, herbs, and ...", "Images": ["https://cdn11.bigcommerce.com/s-zd141b7qtp/products/47757/images/155613/spa-ritual-bulk-shampoo-and-conditioner-case-of-4-gal-world-amenities__11687.1707128003.386.513.jpg?c=1"], "Url": "https://directtextilestore.com/spa-ritual-bulk-shampoo-and-conditioner-case-of-4-gal/"}
{"SKU": "GRPWAHA-SPAR-033", "Type": "", "Size": "1 Gal", "Color": "", "Options": {"Main Option": "Spa Ritual Hotel Amenities Collection", "Description": "Hand Soap & Body Wash", "Size/Unit": "1 Gal", "Weight/Case": "40 Lbs", "CHOOSE PACK SIZE": "Case of (4) Pieces"}, "Price Per Each": "18.27", "Full Price": "73.0700", "Stock Status": "In Stock", "Brand": "World Amenities", "Category": "Shampoo", "Sub Category": "Conditioner", "Material": "", "Title": "Spa Ritual Bulk Shampoo And Conditioner Case of 4 Gal", "Description": "Spa Ritual Bulk Shampoo And Conditioner - Elevate your guests' bathing experience with these Spa Rituals' bulk hotel amenities. This collection, featuring a fresh mix of garden flowers, herbs, and ...", "Images": ["https://cdn11.bigcommerce.com/s-zd141b7qtp/products/47757/images/155613/spa-ritual-bulk-shampoo-and-conditioner-case-of-4-gal-world-amenities__11687.1707128003.386.513.jpg?c=1"], "Url": "https://directtextilestore.com/spa-ritual-bulk-shampoo-and-conditioner-case-of-4-gal/"}
{"SKU": "GRPWAHA-SPAR-034", "Type": "", "Size": "1 Gal", "Color": "", "Options": {"Main Option": "Spa Ritual Hotel Amenities Collection", "Description": "Body Lotion", "Size/Unit": "1 Gal", "Weight/Case": "40 Lbs", "CHOOSE PACK SIZE": "Case of (4) Pieces"}, "Price Per Each": "18.27", "Full Price": "73.0700", "Stock Status": "In Stock", "Brand": "World Amenities", "Category": "Shampoo", "Sub Category": "Conditioner", "Material": "", "Title": "Spa Ritual Bulk Shampoo And Conditioner Case of 4 Gal", "Description": "Spa Ritual Bulk Shampoo And Conditioner - Elevate your guests' bathing experience with these Spa Rituals' bulk hotel amenities. This collection, featuring a fresh mix of garden flowers, herbs, and ...", "Images": ["https://cdn11.bigcommerce.com/s-zd141b7qtp/products/47757/images/155613/spa-ritual-bulk-shampoo-and-conditioner-case-of-4-gal-world-amenities__11687.1707128003.386.513.jpg?c=1"], "Url": "https://directtextilestore.com/spa-ritual-bulk-shampoo-and-conditioner-case-of-4-gal/"}
{"SKU": "GRPWAHA-SPAR-001", "Type": "", "Size": "Case of (300) Pieces", "Color": "", "Options": {"Main Option": "Spa Ritual Hotel Amenities Collection", "Description": "Shampoo 30 ml", "Weight/Case": "25 Lbs", "CHOOSE PACK SIZE": "Case of (300) Pieces"}, "Price Per Each": "0.41", "Full Price": "123.6800", "Stock Status": "In Stock", "Brand": "World Amenities", "Category": "Shampoo", "Sub Category": "Conditioner", "Material": "", "Title": "Spa Ritual Hotel Shampoo And Conditioner In Bulk", "Description": "Spa Ritual Hotel Shampoo And Conditioner In Bulk - Elevate your guests' bathing experience with these Spa Rituals' hotel amenities. This collection, featuring a fresh mix of garden flowers, herbs, ...", "Images": ["https://cdn11.bigcommerce.com/s-zd141b7qtp/products/47758/images/155462/spa-ritual-hotel-shampoo-and-conditioner-in-bulk-world-amenities__87529.1707127763.386.513.jpg?c=1"], "Url": "https://directtextilestore.com/spa-ritual-hotel-shampoo-and-conditioner-in-bulk/"}
{"SKU": "GRPWAHA-SPAR-002", "Type": "", "Size": "Case of (300) Pieces", "Color": "", "Options": {"Main Option": "Spa Ritual Hotel Amenities Collection", "Description": "Conditioner 30 ml", "Weight/Case": "25 Lbs", "CHOOSE PACK SIZE": "Case of (300) Pieces"}, "Price Per Each": "0.41", "Full Price": "123.6800", "Stock Status": "In Stock", "Brand": "World Amenities", "Category": "Shampoo", "Sub Category": "Conditioner", "Material": "", "Title": "Spa Ritual Hotel Shampoo And Conditioner In Bulk", "Description": "Spa Ritual Hotel Shampoo And Conditioner In Bulk - Elevate your guests' bathing experience with these Spa Rituals' hotel amenities. This collection, featuring a fresh mix of garden flowers, herbs, ...", "Images": ["https://cdn11.bigcommerce.com/s-zd141b7qtp/products/47758/images/155462/spa-ritual-hotel-shampoo-and-conditioner-in-bulk-world-amenities__87529.1707127763.386.513.jpg?c=1"], "Url": "https://directtextilestore.com/spa-ritual-hotel-shampoo-and-conditioner-in-bulk/"}
{"SKU": "GRPWAHA-SPAR-004", "Type": "", "Size": "Case of (300) Pieces", "Color": "", "Options": {"Main Option": "Spa Ritual Hotel Amenities Collection", "Description": "Body Lotion 30 ml", "Weight/Case": "25 Lbs", "CHOOSE PACK SIZE": "Case of (300) Pieces"}, "Price Per Each": "0.41", "Full Price": "123.6800", "Stock Status": "In Stock", "Brand": "World Amenities", "Category": "Shampoo", "Sub Category": "Conditioner", "Material": "", "Title": "Spa Ritual Hotel Shampoo And Conditioner In Bulk", "Description": "Spa Ritual Hotel Shampoo And Conditioner In Bulk - Elevate your guests' bathing experience with these Spa Rituals' hotel amenities. This collection, featuring a fresh mix of garden flowers, herbs, ...", "Images": ["https://cdn11.bigcommerce.com/s-zd141b7qtp/products/47758/images/155462/spa-ritual-hotel-shampoo-and-conditioner-in-bulk-world-amenities__87529.1707127763.386.513.jpg?c=1"], "Url": "https://directtextilestore.com/spa-ritual-hotel-shampoo-and-conditioner-in-bulk/"}
{"SKU": "GRPWAHA-SPAR-006", "Type": "", "Size": "Case of (300) Pieces", "Color": "", "Options": {"Main Option": "Spa Ritual Hotel Amenities Collection", "Description": "Massage Soap Sq  35gm", "Weight/Case": "25 Lbs", "CHOOSE PACK SIZE": "Case of (300) Pieces"}, "Price Per Each": "0.36", "Full Price": "109.1300", "Stock Status": "In Stock", "Brand": "World Amenities", "Category": "Shampoo", "Sub Category": "Conditioner", "Material": "", "Title": "Spa Ritual Hotel Shampoo And Conditioner In Bulk", "Description": "Spa Ritual Hotel Shampoo And Conditioner In Bulk - Elevate your guests' bathing experience with these Spa Rituals' hotel amenities. This collection, featuring a fresh mix of garden flowers, herbs, ...", "Images": ["https://cdn11.bigcommerce.com/s-zd141b7qtp/products/47758/images/155462/spa-ritual-hotel-shampoo-and-conditioner-in-bulk-world-amenities__87529.1707127763.386.513.jpg?c=1"], "Url": "https://directtextilestore.com/spa-ritual-hotel-shampoo-and-conditioner-in-bulk/"}
{"SKU": "GRPWAHA-AC-050", "Type": "", "Size": "5.9” x 7.8”", "Color": "", "Options": {"Main Option": "Sun Defense Wipes", "Description": "Individually wrapped", "Size": "5.9” x 7.8”", "CHOOSE PACK SIZE": "Case of (500) Pieces"}, "Price Per Each": "0.30", "Full Price": "152.3500", "Stock Status": "In Stock", "Brand": "World Amenities", "Category": "Wipes", "Sub Category": "Skin Protective Wipes", "Material": "", "Title": "Sun Defense Skin Protective Wipes", "Description": "Enhance sun protection and skin comfort with Sun Defense Skin Protective Wipes. These pre-moistened wipes soothe as they shield from harmful rays, extending your time under the sun. Rest assured, ...", "Images": ["https://cdn11.bigcommerce.com/s-zd141b7qtp/products/47872/images/152558/sun-defense-skin-protective-wipes-world-amenities__46519.1706025008.386.513.jpg?c=1"], "Url": "https://directtextilestore.com/sun-defense-skin-protective-wipes/"}
{"SKU": "GRPWAHA-AC-001", "Type": "", "Size": "Twin blade razor / 15g Shaving cream", "Color": "", "Options": {"Main Option": "Travel Shave Kit", "Size": "Twin blade razor / 15g Shaving cream", "CHOOSE PACK SIZE": "Case of (288) Pieces"}, "Price Per Each": "0.39", "Full Price": "111.3100", "Stock Status": "In Stock", "Brand": "World Amenities", "Category": "Disposable Razors", "Sub Category": "Shave Cream", "Material": "", "Title": "Travel Shave Kit In Bulk", "Description": "Travel Shave Kit in a clear frosted sachet. Each kit contains a twin blade razor and a 15g travel-size shaving cream, thoughtfully designed for travelers and the hospitality industry. Available in ...", "Images": ["https://cdn11.bigcommerce.com/s-zd141b7qtp/products/47878/images/151966/travel-shave-kit-in-bulk-world-amenities__78515.1706024207.386.513.jpg?c=1"], "Url": "https://directtextilestore.com/travel-shave-kit-in-bulk/"}
