Category,Title,Intro,Image,Credits (sources),Tags,URL
"Enviro, Climat",Changement climatique : une perspective plus large que la réduction des gaz à effet de serre,"Selon une nouvelle étude publiée dans  , les stratégies que l’humanité doit adopter pour réduire le changement climatique devront aller au-delà de la simple réduction des gaz à effet de serre. Cette conclusion provient d’une analyse des données climatiques dirigée par le chercheur James Hansen. Roger Revelle",https://www.enerzine.com/wp-content/uploads/2023/11/arti_73377.jpg,,"aerosol, changement climatique, climat, politique environnementale, Rechauffement global",https://www.enerzine.com/changement-climatique-une-perspective-plus-large-que-la-reduction-des-gaz-a-effet-de-serre/73377-2023-11
"Guide, Jardinage",Pulvérisateurs électriques  : l’arme fatale pour éliminer les nuisibles de votre jardin,"L’automne est la saison idéale pour préparer son jardin avant l’hiver. Il sera peut être le temps d’effectuer bientôt les derniers traitements sur les plantes et arbres afin qu’ils résistent au froid. Pour répandre efficacement les produits nécessaires, le pulvérisateur reste un outil indispensable. printemps  entre mars et mai automne  septembre-octobre été L’hiver est une période de repos végétatif Pour un petit jardin Pour un jardin moyen Pour un grand jardin",https://www.enerzine.com/wp-content/uploads/2023/09/arti_65825.jpg,,,https://www.enerzine.com/pulverisateurs-electriques-larme-fatale-pour-eliminer-les-nuisibles-de-votre-jardin/65825-2023-09
"Techno, Matériaux",La miniaturisation des composants électroniques : un défi de taille,"Le diamant d’une bague de fiançailles, le matériau révolutionnaire qu’est le graphène et le “plomb” d’un simple crayon sont tous formés de carbone, mais présentent des caractéristiques profondément différentes. Les matériaux à base de carbone comme ceux-ci sont parmi les exemples les plus célèbres de la manière dont des propriétés diverses peuvent émerger dans les matériaux, basées uniquement sur la réorganisation de la structure des atomes. Centre RIKEN pour la Science des Matières Émergentes ( ) CEMS  emballer 10 000 skyrmions dans seulement 1 μm2 (micromètre carré) skyrmions  écoénergétiques héliomagnètes  586, 118 (33),",https://www.enerzine.com/wp-content/uploads/2023/11/arti_73566.jpg,,"carbone, CEMS, inducteur, materiaux, skyrmion",https://www.enerzine.com/la-miniaturisation-des-composants-electroniques-un-defi-de-taille/73566-2023-11
"Enviro, Carbone","La fixation du dioxyde de carbone, un défi pour la science fondamentale","Un projet de recherche ambitieux a reçu une subvention substantielle du Département de l’énergie des États-Unis. Ce projet vise à étudier les mécanismes de fixation du dioxyde de carbone, une piste prometteuse pour réduire la quantité de carbone dans l’atmosphère et lutter contre le réchauffement climatique.",https://www.enerzine.com/wp-content/uploads/2023/11/arti_73374.jpg,"Source : Département de chimie et biochimie, Dodge Family College of Arts and Sciences, Université de l’Oklahoma","carbone, carburant, dechet, dioxyde, fixation, valorisation",https://www.enerzine.com/la-fixation-du-dioxyde-de-carbone-un-defi-pour-la-science-fondamentale/73374-2023-11
"Renouvelable, Solaire",L’énergie solaire peut-elle alimenter toutes les maisons européennes ?,"Dans un monde de plus en plus conscient de l’importance de l’énergie renouvelable, une étude récente a révélé que 53% des maisons individuelles en Europe auraient pu satisfaire tous leurs besoins énergétiques en 2020 en utilisant uniquement le rayonnement solaire local. Cette faisabilité technique pourrait augmenter à 75% en 2050.  5% (deux millions) des 41 millions de maisons individuelles en Europe 53% des maisons auraient pu techniquement atteindre l’autosuffisance énergétique en 2020 pour un bâtiment représentatif en Allemagne, les chercheurs ont estimé qu’il aurait été optimal d’être à 73% autosuffisant en 2020 et à 78% autosuffisant en 2050.",https://www.enerzine.com/wp-content/uploads/2023/11/arti_73503.jpg,"Source : Kleinebrahm, M. et al. (2023). Energy self-sufficiency in European single-family homes. Joule.","Autosuffisance, economie, energie, europe, solaire",https://www.enerzine.com/lenergie-solaire-peut-elle-alimenter-toutes-les-maisons-europeennes/73503-2023-11
"Techno, Matériaux",Des smartphones transparents ? C’est peut-être pour bientôt,"Les conducteurs transparents sont essentiels pour de nombreux dispositifs, tels que les écrans tactiles et les cellules solaires. L’iodure de cuivre (CuI) peut conduire l’électricité tout en restant transparent, mais n’est pas aussi performant que certains autres matériaux.   p-types n-types",https://www.enerzine.com/wp-content/uploads/2023/11/arti_73568.jpg,,"conducteur, conductivite, cuivre, electronique, Iodure, soufre, transparence, transparent",https://www.enerzine.com/des-smartphones-transparents-cest-peut-etre-pour-bientot/73568-2023-11
Techno,Un capteur de pH révolutionnaire : une nouvelle arme contre le cancer,"La mesure du pH des substances nous offre des indices essentiels sur le monde qui nous entoure, comme l’identification de l’eau contaminée ou la vérification de la toxicité des produits médicaux ou cosmétiques. Souvent, seules de petites quantités d’échantillons sont disponibles, mais surveiller la variation du pH dans ces minuscules volumes est important.  biosenseurs électrochimiques",https://www.enerzine.com/wp-content/uploads/2023/11/arti_73567.jpg,,"cancer, capteur, contamination, microfluidique, ph",https://www.enerzine.com/un-capteur-de-ph-revolutionnaire-une-nouvelle-arme-contre-le-cancer/73567-2023-11
"Mobilité, Spatial",La reconnexion magnétique en 3D : une clé pour la propulsion spatiale future ?,"Deux chercheurs de la Faculté d’ingénierie de l’Université de l’Alabama à Huntsville ( ) ont reçu une subvention pour étudier la reconnexion magnétique en 3D. Ce phénomène, au cœur de nombreux événements solaires tels que les éruptions solaires, implique la rupture et la reconnexion de lignes de champ magnétique dirigées en sens opposé.  canon à plasma coaxial ",https://www.enerzine.com/wp-content/uploads/2023/11/arti_73677.jpg,,"3d, magnetique, plasma, propulsion, Reconnexion",https://www.enerzine.com/la-reconnexion-magnetique-en-3d-une-cle-pour-la-propulsion-spatiale-future/73677-2023-11
"Enviro, Santé",Un capteur ECG qui tient dans la paume pourrait réduire le nombre de crises cardiaques,"Un nouveau capteur d’électrocardiogramme (ECG) compact, léger, sans gel et étanche offre plus de confort et moins d’irritation cutanée par rapport aux dispositifs de surveillance cardiaque similaires sur le marché. ",https://www.enerzine.com/wp-content/uploads/2023/11/arti_73569.jpg,,"capteur, ECG, maladie cardiovasculaire, prevention, RMIT",https://www.enerzine.com/un-capteur-ecg-qui-tient-dans-la-paume-pourrait-reduire-le-nombre-de-crises-cardiaques/73569-2023-11
"Energie, Non Renouvelable, Nucléaire",Peut-on rendre un collisionneur de particules plus économe en énergie ?,"Depuis la découverte du boson de Higgs en 2012, les physiciens ont cherché à construire de nouveaux accélérateurs de particules pour mieux comprendre les propriétés de cette particule insaisissable et sonder la physique des particules élémentaires à des échelles d’énergie toujours plus élevées. Cela nécessite beaucoup d’énergie.  ces améliorations pourraient réduire les besoins en énergie du C3 de 150 mégawatts à peut-être 77 mégawatts huit kilomètres de long Compact Linear Collider Compact Linear Collider",https://www.enerzine.com/wp-content/uploads/2023/11/arti_73702.jpg,,"accelerateur, c3, carbone, empreinte, energie, particule, physique",https://www.enerzine.com/peut-on-rendre-un-collisionneur-de-particules-plus-econome-en-energie/73702-2023-11
"Techno, Matériaux",Le carbure de silicium amorphe : une force capable de supporter 10 voitures de taille moyenne,Une équipe de recherche basée aux Pays-bas  a récemment dévoilé un matériau nouveau et remarquable qui pourrait avoir un impact significatif sur le monde des sciences des matériaux : le carbure de silicium amorphe (a-SiC). La résistance à la traction de ce nouveau matériau est de 10 GigaPascal (GPa).,https://www.enerzine.com/wp-content/uploads/2023/11/arti_73506.jpg,,"a-SiC, carbure, materiau, Nano-corde, resistance, silicium amorphe, traction",https://www.enerzine.com/le-carbure-de-silicium-amorphe-une-force-capable-de-supporter-10-voitures-de-taille-moyenne/73506-2023-11
"Techno, Robotisation",Whizzy : le robot qui pourrait sauver le commerce de détail,Comment le commerce de détail en milieu rural peut-il être renforcé pour résister aux grands services de livraison en ligne ? C’est la question à laquelle s’attaquent actuellement les chercheurs du groupe d’optimisation des processus à l’ .  livrées dans la zone urbaine avec l’aide du robot d’achat ,https://www.enerzine.com/wp-content/uploads/2023/11/arti_73570.jpg,,"5G, commerce detail, livraison autonome, mol, myLOG, Whizzy",https://www.enerzine.com/whizzy-le-robot-qui-pourrait-sauver-le-commerce-de-detail/73570-2023-11
"Guide, Domotique",🛡️ Protégez votre vie privée et naviguez en toute liberté avec un VPN,"La protection de la vie privée et la sécurité en ligne sont des préoccupations majeures de nos jours. Avec la prolifération des menaces telles que le piratage, le vol de données et la surveillance en ligne, il est vivement conseillé d’adopter des mesures pour se protéger. C’est pourquoi des applications comme les VPN connaissent un essor fulgurant ces dernières années.   Il est donc important de choisir un bon fournisseur de VPN pour minimiser ces inconvénients. La politique de confidentialité du fournisseur La vitesse et la stabilité du réseau        ",https://www.enerzine.com/wp-content/uploads/2023/05/arti_55822.jpg,,,https://www.enerzine.com/protegez-votre-vie-privee-et-naviguez-en-toute-liberte-avec-un-vpn/55822-2023-05
Guide,Économisez 22% sur le chauffage grâce à un amplificateur,"Comment optimiser la chaleur d’un radiateur tout en ayant un meilleur rendement à basse température ? Dans le contexte énergétique actuel et la tension liée à la hausse des coûts de l’énergie, certaines solutions permettent d’augmenter le confort thermique d’un espace de travail ou de vie tout en faisant des économies d’énergie et réduisant ses émissions de CO2, et cela sans entreprendre de travaux.  il assure aux radiateurs une fonction optimale à basse température.  le fait de pouvoir baisser ces températures d’eau permet des économies d’énergie.",https://www.enerzine.com/wp-content/uploads/2023/06/arti_57446a.jpg,,,https://www.enerzine.com/economisez-22-sur-le-chauffage-grace-a-un-amplificateur/57446-2023-06
"Guide, Nomade",Boire de l’eau propre n’importe où : le secret des voyageurs,"Si vous aimez les loisirs de plein air, la randonnée, le camping, ou les voyages à l’étranger, l’eau potable sûre et propre reste une nécessité. L’accessoire Sawyer Micro Squeeze a été conçu pour combler ce besoin crucial, avec un filtre d’eau ultra-compact et léger, qui a le pouvoir de fournir une excellente filtration en toutes circonstances.",https://www.enerzine.com/wp-content/uploads/2023/06/arti_59322.jpg,,,https://www.enerzine.com/boire-de-leau-propre-nimporte-ou-le-secret-des-voyageurs/59322-2023-06
"Guide, Chauffage","FOGO Junior, le chauffage d’appoint qui apprend de vos habitudes",FOGO Junior béton fibré à ultra-haute performance  graphène Q : Qu’est-ce que le FOGO Junior? Q : Quels sont les avantages du FOGO Junior par rapport aux chauffages d’appoint traditionnels ? Q : Qu’est-ce qui rend FOGO Junior “intelligent” ? Q : Où sont fabriqués les produits FOGO ?,https://www.enerzine.com/wp-content/uploads/2023/07/arti_60478.jpg,,"chauffage, FOGO, graphene, ia",https://www.enerzine.com/fogo-junior-le-chauffage-dappoint-qui-apprend-de-vos-habitudes/60478-2023-07
"Techno, Matériaux",Une nouvelle technique pour faire glisser l’eau comme jamais auparavant,"Alors que l’eau interagit constamment avec les surfaces solides, une équipe de chercheurs a développé un mécanisme innovant pour rendre les surfaces glissantes pour les gouttelettes d’eau.  SAMs",https://www.enerzine.com/wp-content/uploads/2023/10/arti_72843.jpg,,"eau, friction, glissance, gouttelette, monocouche, surface solide",https://www.enerzine.com/une-nouvelle-technique-pour-faire-glisser-leau-comme-jamais-auparavant/72843-2023-10
"Techno, Matériaux",Un matériau de 15 x 15cm capable de soulever une voiture de 2 tonnes,"Dans le domaine de la robotique, un matériau innovant a vu le jour, conçu à partir de cellulose nanofibres (CNFs) dérivées du bois. Ce matériau, une sorte d’hydrogel spécialement développé, a été mis au point par des chercheurs en Suède et en Allemagne. Il a la capacité de changer de forme, de se dilater et de se contracter à la demande lorsqu’il est contrôlé par des impulsions électroniques de moins de 1 volt. une force suffisante pour briser une petite brique",https://www.enerzine.com/wp-content/uploads/2023/10/arti_72824.jpg,,"carbone, cellulose, electronique, hydrogel, impulsion, nanofibres, nanotube, robotique",https://www.enerzine.com/un-materiau-de-15-x-15cm-capable-de-soulever-une-voiture-de-2-tonnes/72824-2023-10
"Techno, Matériaux",Le graphite transformé en ‘or’ par des physiciens du MIT,"Dans une découverte étonnante, des physiciens du MIT ont réussi à transformer le graphite, communément connu sous le nom de mine de crayon, en un matériau aux propriétés inédites. En isolant cinq fines couches de graphite empilées dans un ordre spécifique, ils ont créé un matériau qui peut être ajusté pour présenter trois propriétés importantes jamais observées auparavant dans le graphite naturel. rhomboèdre pentacouche rhomboèdre pentacouche",https://www.enerzine.com/wp-content/uploads/2023/10/arti_72684.jpg,,"graphene, graphite, rhomboedre, topologique, twistronique",https://www.enerzine.com/le-graphite-transforme-en-or-par-des-physiciens-du-mit/72684-2023-10
Techno,"Découvrez Figure 01, le robot humanoïde qui pourrait transformer l’industrie","Dans un monde où la technologie évolue à une vitesse fulgurante, l’impact de l’intelligence artificielle (IA) et de la robotique sur l’avenir de l’humanité est un sujet de discussion majeur.  , une entreprise dédiée à la création de robots humanoïdes polyvalents, se positionne comme un acteur clé dans cette révolution technologique. Son objectif ? Transformer notre façon de vivre et de travailler, tout en améliorant notre qualité de vie. Figure 01 construire des robots pour notre environnement humain  (IA) Robotique",https://www.enerzine.com/wp-content/uploads/2023/10/arti_71504.jpg,,"automatisation, Figure 01, ia, industrie, robotique",https://www.enerzine.com/decouvrez-figure-01-le-robot-humanoide-qui-pourrait-transformer-lindustrie/71504-2023-10
"Mobilité, Terrestre",Ducati dévoile le moteur monocylindre le plus puissant du monde,"Après une pause de 30 ans, Ducati revient à la production d’un monocylindre routier, inspiré par la légendaire Supermono 550. Le nouveau modèle, baptisé Superquadro Mono, promet de redéfinir les normes de performance dans sa catégorie. Desmodromic   Panigale 1299 moteur Panigale capable d’atteindre 10 250 tr/min* Termignoni diamètre de 116 mm box  in box Desmodromic Superquadro Mono  MotoGP Ducati",https://www.enerzine.com/wp-content/uploads/2023/10/arti_72880.jpg,Source : Ducati / Crédit vidéo & Photos : Ducati,"Desmodromic, Ducati, monocylindre, performance, Superquadro Mono",https://www.enerzine.com/ducati-devoile-le-moteur-monocylindre-le-plus-puissant-du-monde/72880-2023-10
"Guide, Maison","Comment profiter des offres Prime Day, sans payer Amazon Prime ?","Prime Day est un événement exclusif organisé par Amazon pour ses membres Prime. Inauguré le 15 juillet 2015, l’événement a été conçu pour célébrer le 20e anniversaire de la société. Depuis lors, il est devenu un incontournable pour les adeptes du shopping en ligne. ventes flash promotions Bricolage Jardinage Cuisine et maison Amazon Prime n’est pas seulement un ticket d’entrée pour le Prime Day. Les membres Prime bénéficient également de nombreux autres avantages tout au long de l’année. Inscrivez-vous dès maintenant profiter de toutes les offres exceptionnelles du Prime Day",https://www.enerzine.com/wp-content/uploads/2023/07/arti_60951.jpg,,prime day,https://www.enerzine.com/comment-profiter-des-offres-prime-day-gratuitement-sans-payer-amazon-prime/60951-2023-07
"Techno, Laser",Les lasers MMF ouvrent la porte à de nombreuses applications passionnantes,"Dans le domaine de la photonique, le verrouillage de mode spatiotemporel (STML) et les solitons dissipatifs spatiotemporels (STDS) dans les lasers à fibres multimodes (MMF) sont des sujets de recherche passionnants. Cet article explore les défis et les avancées récentes dans ce domaine, ainsi que les perspectives d’avenir. STML STDS STML MMF STML STML STDS MMF",https://www.enerzine.com/wp-content/uploads/2023/11/arti_73378.jpg,,"dispersion, intermodale, lasers MMF, photonique, STDS, STML",https://www.enerzine.com/les-lasers-mmf-ouvrent-la-porte-a-de-nombreuses-applications-passionnantes/73378-2023-11
"Techno, Industrie technologie",Transistor thermique : la clé pour refroidir nos puces informatiques ?,"Une équipe de chercheurs américains a dévoilé un transistor thermique entièrement solide et stable, une première en son genre, qui utilise un champ électrique pour contrôler le mouvement de la chaleur d’un dispositif à semi-conducteurs. Cette avancée pourrait ouvrir de nouvelles frontières dans la gestion de la chaleur des puces informatiques et améliorer notre compréhension de la régulation de la chaleur dans le corps humain. plus de 1 mégahertz, soit 1 million de cycles par seconde",https://www.enerzine.com/wp-content/uploads/2023/11/arti_73505.jpg,"Source : Équipe de chercheurs de l’UCLA, Science, Nov. 3, 2023","Conductance thermique, Gestion chaleur, Interface moleculaire, Puce informatique, Transistor thermique",https://www.enerzine.com/transistor-thermique-la-cle-pour-refroidir-nos-puces-informatiques/73505-2023-11
"Techno, Intelligence artificielle",L’IA et l’oubli : un défi de plusieurs gigawattheures,"Alors que le sommet de l’IA bat son plein, les chercheurs sont désireux de soulever un problème très réel associé à la technologie – lui apprendre à oublier. La société est maintenant en effervescence avec l’IA moderne et ses capacités exceptionnelles ; nous sommes constamment rappelés de ses bénéfices potentiels, dans tant de domaines, imprégnant pratiquement toutes les facettes de nos vies – mais aussi de ses dangers. DNNs Large Language Models  dizaines de gigawattheures d’énergie  oublier les données douteuses, sans compromettre les performances globales de l’IA",https://www.enerzine.com/wp-content/uploads/2023/11/arti_73382.jpg,,"biais, DNNs, ia, machine, oubli, vie privee",https://www.enerzine.com/lia-et-loubli-un-defi-de-plusieurs-gigawattheures/73382-2023-11
"Renouvelable, Solaire",136 hectares dédiés à l’énergie solaire : le projet ambitieux de Hultsfred,"Dans une initiative sans précédent, Solkompaniet et Bouygues Energies & Services, une filiale d’Equans, ont uni leurs forces pour construire le plus grand parc solaire photovoltaïque de Suède. Ce projet ambitieux, qui a débuté en octobre 2023, est en cours de réalisation sur l’aéroport de Hultsfred. 100 MW 136 hectares",https://www.enerzine.com/wp-content/uploads/2023/11/arti_73502.jpg,Source : Solkompaniet & Bouygues Energies & Services – Crédit image,"bouygues, Hultsfred, parc solaire, renouvelable, Solkompaniet",https://www.enerzine.com/136-hectares-dedies-a-lenergie-solaire-le-projet-ambitieux-de-hultsfred/73502-2023-11
"Enviro, Déchets",Un biocapteur qui utilise des bactéries pour générer de l’électricité,"La décharge d’effluents organiques – déchets biodégradables provenant de plantes et d’animaux – dans les masses d’eau douce est une préoccupation environnementale majeure, affectant la santé et la durabilité de ces écosystèmes aquatiques.  biocapteur flottant MFC génèrent de l’électricité Geobacter Shewanella  Pseudomonas  biocapteur FMFC imprimé en 3D",https://www.enerzine.com/wp-content/uploads/2023/11/arti_73381.jpg,,"bacterie, biocapteur, contamination, DCO, electrogene, MFC, organique",https://www.enerzine.com/un-biocapteur-qui-utilise-des-bacteries-pour-generer-de-lelectricite/73381-2023-11
"Techno, Quantique",L’Université de Lancaster révèle les secrets du superfluide hélium 3He,"Une équipe de chercheurs au Royaume-Uni a récemment dévoilé une nouvelle compréhension du comportement du superfluide hélium 3He, un système quantique macroscopique versatile. Cette découverte pourrait avoir des implications significatives dans divers domaines scientifiques. Nature Communications",https://www.enerzine.com/wp-content/uploads/2023/11/arti_73380.jpg,,"bidimensionnel, helium 3He, physique quantique, superfluide, zero absolu",https://www.enerzine.com/luniversite-de-lancaster-revele-les-secrets-du-superfluide-helium-3he/73380-2023-11
"Renouvelable, Géothermie",14 660 ménages pourraient être chauffés par la chaleur des parkings souterrains à Berlin,"La chaleur émise par les moteurs de voiture réchauffe les parkings souterrains de telle manière que la chaleur traverse le sol et se diffuse dans les eaux souterraines.   31 parkings souterrains 0,65 péta-joules d’énergie sont émis chaque année à Berlin",https://www.enerzine.com/wp-content/uploads/2023/11/arti_73379.jpg,,"chaleur, eaux, geothermique, parking, pompe, rechauffement, souterrain",https://www.enerzine.com/14-660-menages-pourraient-etre-chauffes-par-la-chaleur-des-parkings-souterrains-a-berlin/73379-2023-11
"Techno, Matériaux",Des décennies de recherche pour un supraconducteur à base de nickel,"Les prodiges de la technologie moderne – des ordinateurs qui tiennent dans la paume de votre main, des réfrigérateurs connectés à Internet, et des voitures autonomes – ne sont possibles que grâce à la magie de matériaux tels que le silicium. De la même manière, les gadgets de science-fiction de demain émergeront des nouveaux matériaux exotiques que les scientifiques découvrent aujourd’hui. supraconducteurs",https://www.enerzine.com/wp-content/uploads/2023/11/arti_73376.jpg,Source : Laboratoire national d’accélérateurs SLAC du Département de l’énergie et Université Stanford,"materiaux, prix, reseau electrique, supraconducteur",https://www.enerzine.com/des-decennies-de-recherche-pour-un-supraconducteur-a-base-de-nickel/73376-2023-11
"Enviro, Risques",La pollution lumineuse : une menace qui augmente de 10% chaque année,La pollution lumineuse est un phénomène de plus en plus préoccupant qui perturbe les écosystèmes terrestres et aquatiques. Même des niveaux faibles de lumière artificielle peuvent avoir des conséquences surprenantes et loin d’être négligeables. Une nouvelle série d’études met en lumière l’ampleur de ce problème. prévalence de la pollution lumineuse perturbe les cycles de lumière naturelle ,https://www.enerzine.com/wp-content/uploads/2023/11/arti_73571.jpg,,"biodiversite, ecosysteme, lumiere artificielle, pollution lumineuse, sante humaine",https://www.enerzine.com/la-pollution-lumineuse-une-menace-qui-augmente-de-10-chaque-annee/73571-2023-11
"Mobilité, Terrestre",La surprenante cause des incendies de véhicules électriques,"Quelle est la probabilité qu’une batterie de véhicule électrique s’enflamme et explose de manière autonome ? Selon certaines analyses, les véhicules à essence seraient près de 30 fois plus susceptibles de prendre feu que les véhicules électriques. Des incidents récents de véhicules électriques prenant feu alors qu’ils étaient stationnés ont suscité par contre des interrogations chez de nombreux consommateurs et chercheurs. Comment ces événements rares peuvent-ils se produire ?",https://www.enerzine.com/wp-content/uploads/2023/11/arti_73572.jpg,,"batterie, fuite thermique, microtomographie, vehicule electrique",https://www.enerzine.com/la-surprenante-cause-des-incendies-de-vehicules-electriques/73572-2023-11
"Techno, Nanotechnologie",Un nouveau peigne de fréquences permet d’identifier des molécules en 20 nanosecondes,Des systèmes laser connus sous le nom de peignes de fréquence sont capables d’identifier des molécules spécifiques avec une précision et une sensibilité sans précédent. Leur capacité à capturer des processus à grande vitesse était limitée jusqu’à présent. Une équipe de chercheurs a développé un système de peigne de fréquence capable de détecter la présence de molécules spécifiques dans un échantillon tous les 20 nanosecondes. impulsions supersoniques de CO2 Article ,https://www.enerzine.com/wp-content/uploads/2023/11/arti_73194.jpg,,"conception, frequence, molecule, moteur, Nanoseconde, peigne",https://www.enerzine.com/un-nouveau-peigne-de-frequences-permet-didentifier-des-molecules-en-20-nanosecondes/73194-2023-11
"Enviro, Santé","Imiter la rétine humaine, le défi relevé par une biopuce innovante","Une équipe internationale allemande a développé une biopuce (biochip) intelligent qui imite la rétine de l’œil. Ce type de bio-électronique, et d’autres similaires, pourraient aider à corriger les dysfonctionnements dans le corps et le cerveau.",https://www.enerzine.com/wp-content/uploads/2023/11/arti_73573.jpg,,"artificiel, Biochip, bioelectronique, Maladie, neurodegenerative, reseau neuronal, Retine",https://www.enerzine.com/imiter-la-retine-humaine-le-defi-releve-par-une-biopuce-innovante/73573-2023-11
"Techno, Industrie technologie",Une technologie imite les papillons pour une détection du cancer à 99% de confiance,"Notre planète abrite de nombreuses créatures dotées de sens plus avancés que les humains. Les tortues peuvent détecter le champ magnétique de la Terre. Les crevettes mantis peuvent détecter la lumière polarisée. Les éléphants peuvent entendre des fréquences beaucoup plus basses que les humains. Les papillons peuvent percevoir une gamme plus large de couleurs, comme la lumière ultraviolette (UV).  Papilio xuthus nanocristaux de pérovskite UVA UVB  UVC  autofluorescence",https://www.enerzine.com/wp-content/uploads/2023/11/arti_73687.jpg,,"capteur imagerie, cellule cancereuse, lumiere UV, nanocristaux, papillons, perovskite",https://www.enerzine.com/une-technologie-imite-les-papillons-pour-une-detection-du-cancer-a-99-de-confiance/73687-2023-11
"Techno, Recherche",Un gel magnétique qui cicatrise les plaies diabétiques 3 fois plus rapidement,"Les patients diabétiques, dont les capacités naturelles de cicatrisation sont compromises, développent souvent des plaies chroniques qui tardent à guérir. Ces plaies non cicatrisantes peuvent causer de graves infections entraînant des conséquences douloureuses telles que l’amputation d’un membre.  cicatrise les plaies   environ trois fois plus rapidement ",https://www.enerzine.com/wp-content/uploads/2023/11/arti_73713.jpg,,"cicatrisation, diabétique, gel, innovation, magnetique, NUS, plaie",https://www.enerzine.com/un-gel-magnetique-qui-cicatrise-les-plaies-diabetiques-3-fois-plus-rapidement/73713-2023-11
"Techno, Batterie",La photo-batterie : une charge rapide en moins de 15 minutes,"L’efficacité énergétique des produits de consommation et des bâtiments peut être améliorée grâce à l’utilisation de dispositifs et de capteurs intelligents interconnectés. Ces derniers, développés dans le cadre du concept de l’Internet des Objets, nécessitent des sources d’énergie aussi compactes que possible pour fonctionner de manière autonome. ",https://www.enerzine.com/wp-content/uploads/2023/11/arti_73838.jpg,,"dispositif, efficacite energetique, miniature, organique, photo-batterie, polymere",https://www.enerzine.com/la-photo-batterie-une-charge-rapide-en-moins-de-15-minutes/73838-2023-11
"Enviro, Risques",Une nouvelle approche élimine plus de 99% de pétrole dans l’eau,"La pollution marine, un sujet qui suscite de plus en plus d’inquiétudes à l’échelle mondiale, est de nouveau sous les feux de la rampe. Parmi les problèmes environnementaux marins traditionnels, la pollution par le pétrole est l’un des plus graves.  absorbeur de bois ",https://www.enerzine.com/wp-content/uploads/2023/11/arti_73729.jpg,,"Absorbeur, bois, energie, marine, petrole, pollution, solaire",https://www.enerzine.com/une-nouvelle-approche-elimine-plus-de-99-de-petrole-dans-leau/73729-2023-11
"Mobilité, Spatial","30 participants, 1 solution : les vibrateurs contre la désorientation spatiale","Perdre le sens de l’orientation peut être fatal pour les pilotes d’avion : la désorientation spatiale est l’une des principales causes d’accidents d’avion mortels. Mais perdre le sens de l’orientation dans l’espace est encore plus dangereux. Les scientifiques ont maintenant mis au point des dispositifs portables appelés vibrateurs qui, associés à une formation spécialisée, améliorent la capacité des personnes à lutter contre la désorientation spatiale et pourraient aider les astronautes à se corriger lorsqu’ils ne peuvent plus se fier à leurs perceptions. vibrateurs  joystick points d’équilibre 40 essais Article traduit de l’auteur ",https://www.enerzine.com/wp-content/uploads/2023/11/arti_73746.jpg,"Article traduit de l’auteur  : Angharad Brewer Gillham, rédactrice scientifique à Frontières. Source :  https://blog.frontiersin.org/2023/11/03/wearable-devices-may-prevent-astronauts-getting-lost-in-space/","Desorientation, Repere, spatial, Vibrateur, vol",https://www.enerzine.com/30-participants-1-solution-les-vibrateurs-contre-la-desorientation-spatiale/73746-2023-11
"Mobilité, Aérien",Des médicaments livrés par les airs : l’Écosse teste les drones médicaux,"Un projet ambitieux visant à mettre en place le premier réseau national britannique de distribution médicale par drones a franchi une étape importante en réalisant des essais de vol en conditions réelles. Ce projet, mené par l’ , pourrait changer radicalement la manière dont les soins de santé sont dispensés en Écosse. consortium CAELUS",https://www.enerzine.com/wp-content/uploads/2023/11/arti_73863.jpg,,"CAELUS, drone, ecosse, livraison, medicale, sante, soins",https://www.enerzine.com/des-medicaments-livres-par-les-airs-lecosse-teste-les-drones-medicaux/73863-2023-11
"Enviro, Durable",Comment parler d’écologie en entreprise ?,"Une entreprise pérenne qui se développe sans cesse sur son marché prend irrémédiablement en compte toutes les considérations RSE. Économies, sociales et écologiques s’alignent ainsi de concert pour la réussite de l’entreprise. Le volet écologique est particulièrement transversal et se met en place sur divers aspects de la vie d’une boîte, de la réflexion autour des matières premières jusqu’à la sensibilisation de ces collaborateurs qui peut se faire via une conférence d’entreprise.",https://www.enerzine.com/wp-content/uploads/2023/10/arti_72973.jpg,,,https://www.enerzine.com/comment-parler-decologie-en-entreprise/72973-2023-11
"Enviro, Santé",La peau de requin : une source insoupçonnée de traitements médicaux,"Les requins se distinguent des autres poissons à bien des égards, notamment par leur capacité apparemment remarquable à guérir des blessures. Cette capacité de guérison, bien que non encore documentée dans des conditions de laboratoire contrôlées, pourrait avoir un potentiel biomédical significatif.  Aiguillat commun",https://www.enerzine.com/wp-content/uploads/2023/11/arti_73820.jpg,,"biomedecine, guerison, mucus, peau, requins",https://www.enerzine.com/la-peau-de-requin-une-source-insoupconnee-de-traitements-medicaux/73820-2023-11
"Energie, Non Renouvelable, Nucléaire",L’horloge nucléaire : une précision mille fois supérieure à l’horloge atomique standard,"Une équipe internationale de chercheurs a franchi une étape majeure vers le développement d’une nouvelle génération d’horloges atomiques. Ces horloges ont un énorme potentiel qui pourrait affecter la science fondamentale et diverses industries, de la physique nucléaire à la navigation par satellite et aux télécommunications. scandium-45 ",https://www.enerzine.com/wp-content/uploads/2023/11/arti_73786.jpg,,"horloge nucleaire, mesure, precision, scandium-45, temps",https://www.enerzine.com/lhorloge-nucleaire-une-precision-mille-fois-superieure-a-lhorloge-atomique-standard/73786-2023-11
"Enviro, Climat",La plantation d’arbres : la solution préférée du public pour lutter contre le changement climatique,"Selon une nouvelle étude, le public est plus enclin à soutenir les solutions naturelles, comme la plantation d’arbres et la protection des forêts tropicales, pour lutter contre le changement climatique, plutôt que les solutions technologiques. Parmi les quelque 800 000 messages sur X traitant généralement de la “géo-ingénierie”, les sentiments négatifs (présents dans 30 % de tous les tweets) l’emportent sur les sentiments positifs (6 %).",https://www.enerzine.com/wp-content/uploads/2023/11/arti_73803.jpg,,"arbre, changement climatique, geo-ingenierie, opinion publique, plantation",https://www.enerzine.com/la-plantation-darbres-la-solution-preferee-du-public-pour-lutter-contre-le-changement-climatique/73803-2023-11
"Energie, Non Renouvelable, Nucléaire",31 capteurs et l’apprentissage automatique pour la sécurité des réacteurs nucléaires,"Grâce à une combinaison de technologie nucléaire et d’apprentissage automatique (Machine Learning – ML), une équipe de scientifiques du Laboratoire national d’Argonne du Département de l’énergie des États-Unis (DOE) a révélé une découverte significative pour maintenir la sécurité et l’efficacité d’un type de réacteur nucléaire de nouvelle génération, connu sous le nom de réacteur rapide refroidi au sodium (SFR). METL  Le modèle a détecté l’anomalie environ trois minutes après son initiation",https://www.enerzine.com/wp-content/uploads/2023/11/arti_73762.jpg,,"anomalie, apprentissage automatique, detecteur, METL, reacteur rapide, sodium",https://www.enerzine.com/31-capteurs-et-lapprentissage-automatique-pour-la-securite-des-reacteurs-nucleaires/73762-2023-11
Renouvelable,Nous devons mieux comprendre la résistance aux éoliennes et aux cellules solaires,"Des éoliennes, des cellules solaires et, bientôt, des centrales   sont installées un peu partout au Danemark, mais ces grandes installations ne sont pas toujours bien accueillies par la population locale. Selon Julia Kirch Kirkegaard, professeur associé à la  , cette situation peut freiner la transition écologique et constitue un sujet de recherche peu étudié. Quand les habitants s’opposent-ils généralement aux grandes centrales électriques destinées à favoriser la transition écologique ? D’où vient la résistance ? Quelle est l’ampleur du problème ? Des îles énergétiques et des centrales Power-to-X seront bientôt installées en divers endroits du Danemark. Comment pensez-vous que les habitants réagiront ? Quelle est la solution ? Faudra-t-il apprendre à faire des compromis pour atteindre les objectifs de la transition écologique ?",https://www.enerzine.com/wp-content/uploads/2023/11/arti_73856.jpg,,"eolien, powertox, resistance, solaire",https://www.enerzine.com/nous-devons-mieux-comprendre-la-resistance-aux-eoliennes-et-aux-cellules-solaires/73856-2023-11
"Renouvelable, Biomasse","PolyID, l’outil qui pourrait rendre les plastiques obsolètes","Les grands chimistes ont découvert des moyens de combiner le carbone, l’hydrogène, l’oxygène et l’azote pour créer toutes sortes de plastiques : emballages alimentaires étanches, pièces de voiture résistantes à la chaleur, équipements de protection personnelle durables… la liste est longue.  PolyID : Polymer Inverse Design™",https://www.enerzine.com/wp-content/uploads/2023/11/arti_73967.jpg,,"conception, durabilite, performance, PolyID, polymere",https://www.enerzine.com/polyid-loutil-qui-pourrait-rendre-les-plastiques-obsoletes/73967-2023-11
"Techno, Batterie",Un pacemaker expérimental capable de recharger partiellement sa batterie,"Dans une étude qui sera présentée lors des sessions scientifiques 2023 de l’ , un pacemaker expérimental sans fil est capable de recharger partiellement sa batterie en convertissant l’énergie mécanique en énergie électrique.  transveineux pacemakers sans fil  le meilleur des trois prototypes récoltait environ 10% de l’énergie nécessaire pour rythmer",https://www.enerzine.com/wp-content/uploads/2023/11/arti_74022.jpg,,"batterie, cardiologie, energie electrique, energie mecanique, pacemaker",https://www.enerzine.com/un-pacemaker-experimental-capable-de-recharger-partiellement-sa-batterie/74022-2023-11
"Techno, Robotisation","mCLARI, un robot changeur de forme inspiré d’une araignée de 2 cm","Dans le domaine de la robotique, la miniaturisation est un enjeu majeur. Une équipe d’ingénieurs de l’  a récemment présenté mCLARI, un robot modulaire de seulement 2 centimètres capable de changer passivement de forme pour se faufiler à travers des espaces étroits dans plusieurs directions. Ce robot, qui pèse moins d’un gramme, peut supporter plus de trois fois son poids corporel en charge supplémentaire. Conférence internationale 2023 sur les robots intelligents et les systèmes Les chercheurs considèrent leur conception actuelle comme la première d’une série de robots CLARI qui, ils l’espèrent, deviendront plus petits et plus agiles. HAMR-Jr",https://www.enerzine.com/wp-content/uploads/2023/11/arti_73929.jpg,,"bio-inspiration, insecte, mCLARI, miniaturisation, robotique",https://www.enerzine.com/mclari-un-robot-changeur-de-forme-inspire-dune-araignee-de-2-cm/73929-2023-11
"Renouvelable, Solaire",65°C : la résistance des cellules solaires organiques testée,"Une nouvelle étude menée par une équipe de l’Université des sciences et technologies  ( )  en Arabie saoudite offre un aperçu au niveau moléculaire d’une famille de matériaux pour cellules solaires organiques, connus sous le nom d’accepteurs non-fullerènes de la série Y (Y-NFAs). Cette découverte pourrait aider à améliorer leur stabilité en extérieur et ouvrir la voie à de nombreuses applications. 7",https://www.enerzine.com/wp-content/uploads/2023/11/arti_73958.jpg,Source : Université des sciences et technologies du roi Abdallah (KAUST),"cellule solaire, commercialisation, organique, photodegradation, stabilite, Y-NFAs",https://www.enerzine.com/65c-la-resistance-des-cellules-solaires-organiques-testee/73958-2023-11
"Enviro, Santé",Des ondes sonores pour détruire les tumeurs : l’avenir du traitement du cancer,"L’administration américaine des aliments et des médicaments (FDA) a récemment approuvé l’utilisation des ondes sonores pour décomposer les tumeurs, une technique connue sous le nom d’histotripsie, pour le traitement du foie chez l’homme. Cette technique, développée à l’ , offre une alternative prometteuse aux traitements du cancer comme la chirurgie, la radiothérapie et la chimiothérapie, qui ont souvent des effets secondaires significatifs. ondes ultrasonores histotripsie  histotripsie",https://www.enerzine.com/wp-content/uploads/2023/11/arti_73878.jpg,,"cancer, foie, histotripsie, immunitaire, non invasif, onde sonore",https://www.enerzine.com/des-ondes-sonores-pour-detruire-les-tumeurs-lavenir-du-traitement-du-cancer/73878-2023-11
Energie,4 façons de réduire le budget énergétique de son entreprise,"Dans un contexte de forte inflation où l’énergie devient une matière dès plus précieuse, les entreprises sont à la recherche de moyens efficaces pour diminuer leur consommation énergétique. Cet aspect est motivé non seulement par des considérations environnementales, mais aussi par des raisons économiques. Voici quatre stratégies efficaces pour réduire le budget énergétique de son entreprise. le contrat le plus intéressant courtier en énergie énergies renouvelables politiques d’économie d’énergie équipements écoénergétiques systèmes de gestion de l’énergie",https://www.enerzine.com/wp-content/uploads/2023/11/arti_73175.jpg,,,https://www.enerzine.com/4-facons-de-reduire-le-budget-energetique-de-son-entreprise/73175-2023-11
"Techno, Matériaux","Le plastique du futur, plus résistant, élastique et biodégradable","Des chercheurs nippons ont mis au point un plastique innovant, plus résistant et plus élastique que les types standard actuels, qui peut être réparé par la chaleur, se souvient de sa forme et est partiellement biodégradable. polyrotaxane  répare également 15 fois plus vite recyclé chimiquement 10 fois plus vite",https://www.enerzine.com/wp-content/uploads/2023/11/arti_74007.jpg,,"biodegradable, elastique, plastique, résistant, VPR",https://www.enerzine.com/le-plastique-du-futur-plus-resistant-elastique-et-biodegradable/74007-2023-11
"Renouvelable, Biomasse",2026 : l’année où le plastique à base de sucre pourrait devenir une réalité,"Il est presque impossible de penser au plastique sans penser aux combustibles fossiles. En effet, le plastique est fabriqué à partir de pétrole, dont on extrait, entre autres, du carbone – un ingrédient essentiel du plastique. Actuellement, environ 5 à 6 % de tout le pétrole brut extrait du sol est utilisé pour la fabrication de divers produits en plastique. Mais cela pourrait changer à l’avenir.  500-600 degrés glycolaldéhyde 30 millions de tonnes par an Topsoe ",https://www.enerzine.com/wp-content/uploads/2023/11/arti_73848.jpg,,"biomasse, ethylène glycol, lit fluidise, plastique, sucre",https://www.enerzine.com/2026-lannee-ou-le-plastique-a-base-de-sucre-pourrait-devenir-une-realite/73848-2023-11
"Guide, Loisir",Robots de piscine : la technologie qui libère votre temps libre,"Les joies de la piscine jouent les prolongations cet été dès lors que les  températures sont de la partie. Mais qui dit piscine, dit aussi corvée d’entretien. Heureusement, il existe une solution pour vous décharger des corvées de nettoyage : les robots de piscine.  Zodiac Dolphin AIPER et WYBOT Électrique Vortex OV 3485 Électrique TornaX OT 2100 Hydraulique MX8 Dolphin E30 Dolphin T15  Dolphin E35 AIPER Seagull SE  AIPER Seagull Plus AIPER Seagull PRO WYBOT Osprey 200max WYBOT Osprey 300 II  WYBOT Osprey 700",https://www.enerzine.com/wp-content/uploads/2023/09/arti_65421.jpg,,,https://www.enerzine.com/robots-de-piscine-la-technologie-qui-libere-votre-temps-libre/65421-2023-09
"Techno, Recherche",HAARP en action : 180 antennes pour illuminer le ciel de l’Alaska pendant 4 jours,"Les habitants de l’Alaska et les visiteurs pourront peut-être observer une lueur artificielle dans le ciel, créée par le programme de recherche aurorale active à haute fréquence (HAARP), lors d’une campagne de recherche de quatre jours qui se termine aujourd’hui mardi 7 novembre 2023. ionosphère  les satellites peuvent utiliser les ondes de plasma dans l’ionosphère  180 antennes à haute fréquence  3,6 mégawatts HAARP créera une lueur à un point spécifique dans le ciel subauroral  latitude sub-aurorale",https://www.enerzine.com/wp-content/uploads/2023/11/arti_74034.jpg,,"alaska, HAARP, ionosphere, lueur, science",https://www.enerzine.com/haarp-en-action-180-antennes-pour-illuminer-le-ciel-de-lalaska-pendant-4-jours/74034-2023-11
"Guide, Maison",Les moustiques nous aiment-ils tous de la même manière ?,"Les moustiques sont plus qu’un simple désagrément estival. Pour certains d’entre nous, ils semblent être une véritable nuisance, nous ciblant plus que d’autres. Mais pourquoi certains individus sont-ils plus attirés par ces insectes que d’autres ? Des études récentes apportent des réponses fascinantes à cette question. Les moustiques",https://www.enerzine.com/wp-content/uploads/2023/07/arti_61840.jpg,,,https://www.enerzine.com/les-moustiques-nous-aiment-ils-tous-de-la-meme-maniere/61840-2023-07
"Techno, Batterie",L’avenir des batteries solides : le chlorure est-il la clé ?,Une équipe de chercheurs coréens a fait une annonce importante dans le domaine des batteries solides de nouvelle génération. Leurs nouvelles découvertes pourraient permettre la création de batteries basées sur un nouvel électrolyte solide à base de chlorure présentant une conductivité ionique exceptionnelle.,https://www.enerzine.com/wp-content/uploads/2023/11/arti_73504.jpg,Source : Institut des sciences fondamentales (IBS),"batterie solide, chlorure, conductivite, electrolyte, IBS, ionique, metaux rares",https://www.enerzine.com/lavenir-des-batteries-solides-le-chlorure-est-il-la-cle/73504-2023-11
