Searched SKU,Search EAN,Title,Price,Length,Material,Reference Number,Box Of,SKU,EAN,URL
2608586764,,FORET EXPERT CERAMIC Ø05X70 FAIENCE TETE CARBURE 2608587159,8.45,70,,2608587159,,`AE2174,`3165140599207,https://www.setin.fr/foret-a-beton-queue-cylindrique-carrelage-et-faience-a17258.html
2608586764,,FORET EXPERT CERAMIC Ø06X80 FAIENCE TETE CARBURE 2608587161,9.60,80,,2608587161,,`AE2174,`3165140599221,https://www.setin.fr/foret-a-beton-queue-cylindrique-carrelage-et-faience-a17258.html
2608586764,,FORET EXPERT CERAMIC Ø08X80 FAIENCE TETE CARBURE 2608587164,11.07,80,,2608587164,,`AE2174,`3165140599252,https://www.setin.fr/foret-a-beton-queue-cylindrique-carrelage-et-faience-a17258.html
2608586764,,FORET EXPERT CERAMIC Ø10X90 FAIENCE TETE CARBURE 2608587165,14.52,90,,2608587165,,`AE2174,`3165140599269,https://www.setin.fr/foret-a-beton-queue-cylindrique-carrelage-et-faience-a17258.html
2608594243,,SCIE TREPAN BOSCH HSS BIMETAL 22MM,19.07,22,,2608584783,,`FBC532,`3165140376044,https://www.setin.fr/trepan-acier-bi-metal-serie-sheet-metal-bosch-a5854.html
2608594243,,SCIE TREPAN BOSCH HSS BIMETAL  25MM,19.99,25,,2608584784,,`FBC532,`3165140376051,https://www.setin.fr/trepan-acier-bi-metal-serie-sheet-metal-bosch-a5854.html
2608594243,,SCIE TREPAN BOSCH HSS BIMETAL  29MM,21.49,29,,2608584786,,`FBC532,`3165140376075,https://www.setin.fr/trepan-acier-bi-metal-serie-sheet-metal-bosch-a5854.html
2608594243,,SCIE TREPAN BOSCH HSS BIMETAL  35MM,23.81,35,,2608584790,,`FBC532,`3165140376112,https://www.setin.fr/trepan-acier-bi-metal-serie-sheet-metal-bosch-a5854.html
2608594243,,SCIE TREPAN BOSCH HSS BIMETAL  44MM,27.60,44,,2608584794,,`FBC532,`3165140376150,https://www.setin.fr/trepan-acier-bi-metal-serie-sheet-metal-bosch-a5854.html
2608594243,,COFFRET 6 TREPANS BOSCH HSS BIMETAL 22-29-35-44-51-64MM,213.79,,,2608580881,,`FBC532,`3165140704649,https://www.setin.fr/trepan-acier-bi-metal-serie-sheet-metal-bosch-a5854.html
2608594243,,ADAPT. POWER CHANGE+ 6 PANS 65MM AVEC FORET DE CENTRAGE HSS-CO,43.93,,,2608594256,,`FBC532,`3165140950251,https://www.setin.fr/trepan-acier-bi-metal-serie-sheet-metal-bosch-a5854.html
2608594243,,FORET DE CENTRAGE D6 HSS-CO+RESSORT SHEET-METAL,12.87,,,2608900503,,`FBC532,,https://www.setin.fr/trepan-acier-bi-metal-serie-sheet-metal-bosch-a5854.html
2608594243,,FORET DE CENTRAGE PLUS HSS-CO 65 MM,13.13,,,2608594257,,`FBC532,`3165140950268,https://www.setin.fr/trepan-acier-bi-metal-serie-sheet-metal-bosch-a5854.html
2608594243,,FORET CENTRAGE HSS POUR TREPAN STD POUR ADAPTATEUR 6 PANS 11MM,8.38,,,2608596119,,`FBC532,`3165140045186,https://www.setin.fr/trepan-acier-bi-metal-serie-sheet-metal-bosch-a5854.html
2608594243,,FORET DE CENTRAGE HSS-CO PTE 135ø SHEET-METAL,13.24,,,2608584750,,`FBC532,`3165140365550,https://www.setin.fr/trepan-acier-bi-metal-serie-sheet-metal-bosch-a5854.html
2608594243,,FORET CENTRAGE HSS-CO MULTICONSTRUC 2608584843 AU COBALT  LG 120,25.73,,,2608584843,,`FBC532,`3165140414609,https://www.setin.fr/trepan-acier-bi-metal-serie-sheet-metal-bosch-a5854.html
2608594243,,RALLONGE 305MM POUR SCIE TREPAN,25.54,,,2608580094,,`FBC532,`3165140469494,https://www.setin.fr/trepan-acier-bi-metal-serie-sheet-metal-bosch-a5854.html
2608594243,,RALLONGE 305MM POUR SCIE TREPAN +,54.28,,,2608594263,,`FBC532,`3165140950329,https://www.setin.fr/trepan-acier-bi-metal-serie-sheet-metal-bosch-a5854.html
34233043,,TET. GACHE ELEC 2506 24 E INOX DTE 3404279,19.76,Largeur tétière 24 mm,,3404279,,`BA5055,,https://www.setin.fr/serrure-pour-menuiserie-metallique-tetiere-pour-gache-centrale-a16039.html
34233043,,TET. GACHE ELEC 2506 24 E INOX GHE 3404277,19.80,Largeur tétière 24 mm,,3404277,,`BA5055,,https://www.setin.fr/serrure-pour-menuiserie-metallique-tetiere-pour-gache-centrale-a16039.html
34233043,,TET.GACHE ELEC 25-06-24E/V3R 9007 DIN DROITE,12.89,Largeur tétière 24 mm,,3320254,,`BA5055,,https://www.setin.fr/serrure-pour-menuiserie-metallique-tetiere-pour-gache-centrale-a16039.html
34233043,,TET. GACHE ELEC 25 08 24 E INOX DTE USB 25-08-24EH/41R--SKG 2   3483044,32.88,Largeur tétière 24 mm,,3483044,,`BA5055,,https://www.setin.fr/serrure-pour-menuiserie-metallique-tetiere-pour-gache-centrale-a16039.html
34233043,,TET. GACHE ELEC 25 08 24 E INOX GHE USB 25-08-24EH/41L--SKG 2   3483043,32.72,Largeur tétière 24 mm,,3483043,,`BA5055,,https://www.setin.fr/serrure-pour-menuiserie-metallique-tetiere-pour-gache-centrale-a16039.html
34240004,,JX DE TRINGLES PR CRP ST740/741 BLC REF: 2423007,44.42,,,2423007,,`AU9056,`3037232423007,https://www.setin.fr/cremone-pompier-en-applique-jeu-de-tringles-pour-cremone-pompier-st740/st741-a22162.html
34240004,,JX DE TRINGLES PR CRP ST740/741 NR REF: 2424004,44.42,,,2424004,,`AU9056,`3037232424004,https://www.setin.fr/cremone-pompier-en-applique-jeu-de-tringles-pour-cremone-pompier-st740/st741-a22162.html
293054,,PALIER DE COMPAS SANS AXE UNI-JET M6 6-36050-18-0-1,6.15,,,6-36050-18-0-1,,`FEC043,,https://www.setin.fr/ferrure-ferco-uni-jet-rotation-bois-m6/12-jeu-de-12-mm-a1234.html
293054,,PALIER DE COMPAS 6-31912-20-0-1,6.93,,,6-31912-20-0-1,,`FEC043,,https://www.setin.fr/ferrure-ferco-uni-jet-rotation-bois-m6/12-jeu-de-12-mm-a1234.html
293054,,PALIER DE COMPAS SANS AXE UNI-JET M6 6-36050-20-0-1,6.68,,,6-36050-20-0-1,,`FEC043,,https://www.setin.fr/ferrure-ferco-uni-jet-rotation-bois-m6/12-jeu-de-12-mm-a1234.html
293054,,AXE DE PALIER DE COMPAS UNI-JET 9-48898-00-0-1,1.17,,,9-48898-00-0-1,,`FEC043,,https://www.setin.fr/ferrure-ferco-uni-jet-rotation-bois-m6/12-jeu-de-12-mm-a1234.html
293054,,SUPPORT D'ANGLE 6-29305-18-L-1,8.05,,,6-29305-18-L-1,,`FEC043,,https://www.setin.fr/ferrure-ferco-uni-jet-rotation-bois-m6/12-jeu-de-12-mm-a1234.html
293054,,SUPPORT D'ANGLE 6-29305-18-R-1,8.05,,,6-29305-18-R-1,,`FEC043,,https://www.setin.fr/ferrure-ferco-uni-jet-rotation-bois-m6/12-jeu-de-12-mm-a1234.html
293054,,SUPPORT D'ANGLE UNI-JET M 6/12 6-36876-18-L-1 GHE,9.56,,,6-36876-18-L-1,,`FEC043,,https://www.setin.fr/ferrure-ferco-uni-jet-rotation-bois-m6/12-jeu-de-12-mm-a1234.html
293054,,SUPPORT D'ANGLE UNI-JET M 6/12 6-36876-18-R-1 DTE,9.56,,,6-36876-18-R-1,,`FEC043,,https://www.setin.fr/ferrure-ferco-uni-jet-rotation-bois-m6/12-jeu-de-12-mm-a1234.html
293054,,SUPPORT D'ANGLE 6-29305-20-L-1,8.05,,,6-29305-20-L-1,,`FEC043,,https://www.setin.fr/ferrure-ferco-uni-jet-rotation-bois-m6/12-jeu-de-12-mm-a1234.html
293054,,SUPPORT D'ANGLE 6-29305-20-R-1,8.95,,,6-29305-20-R-1,,`FEC043,,https://www.setin.fr/ferrure-ferco-uni-jet-rotation-bois-m6/12-jeu-de-12-mm-a1234.html
293054,,SUPPORT D'ANGLE UNI-JET M 6/12 6-36876-20-L-1 GHE,10.71,,,6-36876-20-L-1,,`FEC043,,https://www.setin.fr/ferrure-ferco-uni-jet-rotation-bois-m6/12-jeu-de-12-mm-a1234.html
293054,,SUPPORT D'ANGLE UNI-JET M 6/12 6-36876-20-R-1 DTE,10.71,,,6-36876-20-R-1,,`FEC043,,https://www.setin.fr/ferrure-ferco-uni-jet-rotation-bois-m6/12-jeu-de-12-mm-a1234.html
293054,,DOUILLE CONTRE-COUDE UNI-JET M 6 6-36851-18-L-1 GHE,16.35,,,6-36851-18-L-1,,`FEC043,,https://www.setin.fr/ferrure-ferco-uni-jet-rotation-bois-m6/12-jeu-de-12-mm-a1234.html
293054,,DOUILLE CONTRE-COUDE UNI-JET M 6 6-36851-18-R-1 DTE,16.35,,,6-36851-18-R-1,,`FEC043,,https://www.setin.fr/ferrure-ferco-uni-jet-rotation-bois-m6/12-jeu-de-12-mm-a1234.html
293054,,DOUILLE SUPP. ANGLE 6-30682-18-L-1,12.23,,,6-30682-18-L-1,,`FEC043,,https://www.setin.fr/ferrure-ferco-uni-jet-rotation-bois-m6/12-jeu-de-12-mm-a1234.html
293054,,DOUILLE DE SUPP.D'ANG.UNIJET M6 DTE S/FREIN,12.23,,,6-30682-20-R-1,,`FEC043,,https://www.setin.fr/ferrure-ferco-uni-jet-rotation-bois-m6/12-jeu-de-12-mm-a1234.html
293054,,DOUILLE CONTRE-COUDE UNI-JET M 6 6-36851-20-L-1 GHE,16.35,,,6-36851-20-L-1,,`FEC043,,https://www.setin.fr/ferrure-ferco-uni-jet-rotation-bois-m6/12-jeu-de-12-mm-a1234.html
293054,,DOUILLE CONTRE-COUDE UNI-JET M 6 6-36851-20-R-1 DTE,16.35,,,6-36851-20-R-1,,`FEC043,,https://www.setin.fr/ferrure-ferco-uni-jet-rotation-bois-m6/12-jeu-de-12-mm-a1234.html
293054,,DOUILLE CONTRECOUDEE 6-28838-20-L-1,13.13,,,6-28838-20-L-1,,`FEC043,,https://www.setin.fr/ferrure-ferco-uni-jet-rotation-bois-m6/12-jeu-de-12-mm-a1234.html
293054,,DOUILLE CONTRECOUDEE 6-28838-20-R-1,13.13,,,6-28838-20-R-1,,`FEC043,,https://www.setin.fr/ferrure-ferco-uni-jet-rotation-bois-m6/12-jeu-de-12-mm-a1234.html
293054,,DOUILLE CONTRE-COUDE UNI-JET M 6 6-36853-20-L-1 GHE,17.77,,,6-36853-20-L-1,,`FEC043,,https://www.setin.fr/ferrure-ferco-uni-jet-rotation-bois-m6/12-jeu-de-12-mm-a1234.html
293054,,DOUILLE CONTRE-COUDE UNI-JET M 6 6-36853-20-R-1 DTE,17.77,,,6-36853-20-R-1,,`FEC043,,https://www.setin.fr/ferrure-ferco-uni-jet-rotation-bois-m6/12-jeu-de-12-mm-a1234.html
293054,,DOUILLE CONTRE COUDÉE UNI-JET M6/12 DTE,17.77,,,6-36120-18-R-1,,`FEC043,,https://www.setin.fr/ferrure-ferco-uni-jet-rotation-bois-m6/12-jeu-de-12-mm-a1234.html
293054,,DOUILLE CONTRE COUDÉE UNI-JET M6/12 GHE,17.77,,,6-36120-18-L-1,,`FEC043,,https://www.setin.fr/ferrure-ferco-uni-jet-rotation-bois-m6/12-jeu-de-12-mm-a1234.html
293054,,DOUILLE CONTRE COUDÉE UNI-JET M6/12 6-36120-20-L-1  GAUCHE A/RAINURE,17.77,,,6-36120-20-L-1,,`FEC043,,https://www.setin.fr/ferrure-ferco-uni-jet-rotation-bois-m6/12-jeu-de-12-mm-a1234.html
293054,,DOUILLE CONTRE COUDÉE UNI-JET M6/12 6-36120-20-R-1  DROITE A/RAINURE,17.77,,,6-36120-20-R-1,,`FEC043,,https://www.setin.fr/ferrure-ferco-uni-jet-rotation-bois-m6/12-jeu-de-12-mm-a1234.html
2179070,,SUPPORT BIAIS SUP P/TUB32MM 2176050,60.41,32,,2176050,,`AL1308,`4011637425056,https://www.setin.fr/poignee-de-porte-battante-support-en-biais-nt1322-a20901.html
2179070,,SUPP BIAIS INF P/TUBE 32MM 2176070,57.53,32,,2176070,,`AL1308,`4011637425070,https://www.setin.fr/poignee-de-porte-battante-support-en-biais-nt1322-a20901.html
2179070,,SUPP BIAIS INT P/TUBE 32MM 2176060 COTE DROIT,71.23,32,,2176060,,`AL1308,`4011637425063,https://www.setin.fr/poignee-de-porte-battante-support-en-biais-nt1322-a20901.html
2179070,,SUPP BIAIS INT P/TUBE 32MM 2176040 COTE GAUCHE,71.23,32,,2176040,,`AL1308,`4011637425049,https://www.setin.fr/poignee-de-porte-battante-support-en-biais-nt1322-a20901.html
2179070,,SUPPORT BIAIS SUP.INOX316 PR TUBØ40 FIXAT° VISIBLE SUPPORT NT.1322.40.1,45.85,40,,2176150,,`AL1308,`4011637425131,https://www.setin.fr/poignee-de-porte-battante-support-en-biais-nt1322-a20901.html
2179070,,SUPP BIAIS INF. INOX316 PR TUBE Ø40 FIXAT° VISIBLE SUPPORT NT.1322.40.2,45.85,40,,2176170,,`AL1308,`4011637425155,https://www.setin.fr/poignee-de-porte-battante-support-en-biais-nt1322-a20901.html
2179070,,SUPP BIAIS MILIEU DT INOX316 TUBØ40 NT1322.40.MRE A PARTIR DE 2050MM HT,67.00,40,,2176160,,`AL1308,`4011637425148,https://www.setin.fr/poignee-de-porte-battante-support-en-biais-nt1322-a20901.html
2179070,,SUPP BIAIS MILIEU GC INOX316 TUBØ40 NT1322.40.MLI A PARTIR DE 2050MM HT,72.16,40,,2176140,,`AL1308,,https://www.setin.fr/poignee-de-porte-battante-support-en-biais-nt1322-a20901.html
409190,,GOND A SCEL.DBLE BICH Ø14 30X5 L115 499190  GOND Ø14 HT 30MM,4.82,14,,499190,,`AH6099,`3565920024132,https://www.setin.fr/ferrure-de-volet-et-portail-gond-a-sceller-double-bichromate-a21518.html
409190,,GOND A SCEL DBLE BICH Ø16 40X5 L115 499388  GOND Ø16 HT 38,6.49,16,,499388,,`AH6099,`3565920024262,https://www.setin.fr/ferrure-de-volet-et-portail-gond-a-sceller-double-bichromate-a21518.html
2206746,,POIG. BATT. E5015 F69 DTE DIAM 30 INOX LG300 BS-1102 2206766,255.52,,,2206766,,`HOE098,`4012789857023,https://www.setin.fr/poignees-de-portes-battantes-a21562.html
2206746,,POIG. BATT. E5061 F69 DTE DIAM 35 INOX LG400 * 300 BS-1102 3225070,206.08,,,3225070,,`HOE098,`4012789461138,https://www.setin.fr/poignees-de-portes-battantes-a21562.html
2206746,,POIG. BATT. DEPORTEE E5764 F69 INOX 500*300 35*35 11728978,200.00,,,11728978,,`HOE098,`4012789870473,https://www.setin.fr/poignees-de-portes-battantes-a21562.html
2206746,,POIG. BATT. DEPORTEE E5764 F69 INOX 1600*800 35*35 11729016,277.80,,,11729016,,`HOE098,`4012789481310,https://www.setin.fr/poignees-de-portes-battantes-a21562.html
410118,,Bride de sécurité inox 304 - 150,16.71,150,,410105,,`TIC046,,https://www.setin.fr/bride-de-securite-inox-304-a4606.html
410118,,Bride de sécurité inox 304 - 180,17.35,180,,410118,,`TIC046,,https://www.setin.fr/bride-de-securite-inox-304-a4606.html
410120,,PATIN DE COUPAGE PMX 30XP,24.97,,,420116,,`HYP137,,https://www.setin.fr/pieces-dusure-pour-duramax-lt-a2399.html
410120,,BUSE DE PROTECTION PMX 30XP,45.23,,,420114,,`HYP137,,https://www.setin.fr/pieces-dusure-pour-duramax-lt-a2399.html
410120,,2 BUSES ET 2 ELECTRODES PMX 30XP,49.78,,,428243,,`HYP137,,https://www.setin.fr/pieces-dusure-pour-duramax-lt-a2399.html
410120,,TUYERE DURAMAX LT 420118,13.23,,,420118,,`HYP137,,https://www.setin.fr/pieces-dusure-pour-duramax-lt-a2399.html
410120,,ELECTRODE DURAMAX LT 420120,14.08,,,420120,,`HYP137,,https://www.setin.fr/pieces-dusure-pour-duramax-lt-a2399.html
410120,,DIFFUSEUR PMX 30XP,29.82,,,420211,,`HYP137,,https://www.setin.fr/pieces-dusure-pour-duramax-lt-a2399.html
410120,,DEFLECTEUR FINECUT DURAMAX LT 420115,27.28,,,420115,,`HYP137,,https://www.setin.fr/pieces-dusure-pour-duramax-lt-a2399.html
410120,,TUYERE FINECUT DURAMAX LT 420117,12.38,,,420117,,`HYP137,,https://www.setin.fr/pieces-dusure-pour-duramax-lt-a2399.html
410120,,KIT DE CONSOMMABLES PMX30XP,344.70,,,851479,,`HYP137,,https://www.setin.fr/pieces-dusure-pour-duramax-lt-a2399.html
730016001,,BEQUILLE DOUBLE ARCOLOR 232 BLANC 10014001   10016001,47.75,,,008121,,`AC9093,`3159150081210,https://www.setin.fr/garniture-nylon-bequille-double-arcolor-232-ou-710-a17765.html
730016001,,BEQ. DOUBLE ARCOLOR 232 GRIS CLAIR 10014002    10016002,35.43,,,008133,,`AC9093,`3159150081333,https://www.setin.fr/garniture-nylon-bequille-double-arcolor-232-ou-710-a17765.html
730016001,,BEQUILLE DOUBLE ARCOLOR 710 BLANC 10018001,48.19,,,007834,,`AC9093,`3159150078340,https://www.setin.fr/garniture-nylon-bequille-double-arcolor-232-ou-710-a17765.html
730016001,,BEQUILLE DOUBLE ARCOLOR 710 NOIR 10018003,43.76,,,007843,,`AC9093,`3159150078432,https://www.setin.fr/garniture-nylon-bequille-double-arcolor-232-ou-710-a17765.html
400D04,,Foret Cératile - faïence brique - 4 - 80,15.05,80,,400D04,,`ING203,`3336600014473,https://www.setin.fr/foret-ceratile-faience-brique-a10646.html
400D04,,Foret Cératile - faïence brique - 5 - 80,15.54,80,,400D05,,`ING203,`3336600014480,https://www.setin.fr/foret-ceratile-faience-brique-a10646.html
400D04,,Foret Cératile - faïence brique - 6 - 80,17.29,80,,400D06,,`ING203,`3336600014497,https://www.setin.fr/foret-ceratile-faience-brique-a10646.html
400D04,,Foret Cératile - faïence brique - 7 - 100,16.99,100,,400D07,,`ING203,`3336600014503,https://www.setin.fr/foret-ceratile-faience-brique-a10646.html
400D04,,Foret Cératile - faïence brique - 8 - 100,19.54,100,,400D08,,`ING203,`3336600014510,https://www.setin.fr/foret-ceratile-faience-brique-a10646.html
400D04,,Foret Cératile - faïence brique - 10 - 100,23.47,100,,400D10,,`ING203,`3336600014534,https://www.setin.fr/foret-ceratile-faience-brique-a10646.html
400D04,,Foret Cératile - faïence brique - 12 - 100,27.44,100,,400D12,,`ING203,`3336600014541,https://www.setin.fr/foret-ceratile-faience-brique-a10646.html
49560159,,Scie cloche Hole Dozer Milwaukee - 35,30.66,35,,49560072,,`TTI470,`45242192991,https://www.setin.fr/scie-cloche-hole-dozer%99-milwaukee-a22404.html
49560159,,Scie cloche Hole Dozer Milwaukee - 67,44.20,67,,49560158,,`TTI470,`45242193288,https://www.setin.fr/scie-cloche-hole-dozer%99-milwaukee-a22404.html
49560159,,Scie cloche Hole Dozer Milwaukee - 68,45.43,68,,49560159,,`TTI470,`45242271030,https://www.setin.fr/scie-cloche-hole-dozer%99-milwaukee-a22404.html
49560159,,Scie cloche Hole Dozer Milwaukee - 83,56.23,83,,49560183,,`TTI470,`45242193370,https://www.setin.fr/scie-cloche-hole-dozer%99-milwaukee-a22404.html
49560159,,Scie cloche Hole Dozer Milwaukee - 102,67.51,102,,49560213,,`TTI470,`45242193486,https://www.setin.fr/scie-cloche-hole-dozer%99-milwaukee-a22404.html
49560159,,Scie cloche Hole Dozer Milwaukee - 127,94.14,127,,49560243,,`TTI470,`45242193585,https://www.setin.fr/scie-cloche-hole-dozer%99-milwaukee-a22404.html
49224201,,Coffret de 6 scies trépans Hole Dozer Holesaw,258.92,,,49224201,,`TTI401,`45242348091,https://www.setin.fr/coffret-scies-trepans-hole-dozer-holesaw-a18439.html
48005026,,Pack 5 lames de démolition AX Milwaukee - 150,47.00,150,,48005021,5,`TTI516,`45242082988,https://www.setin.fr/pack-5-lames-de-demolition-ax-milwaukee-a23366.html
48005026,,Pack 5 lames de démolition AX Milwaukee - 230,70.57,230,,48005026,5,`TTI516,`45242082995,https://www.setin.fr/pack-5-lames-de-demolition-ax-milwaukee-a23366.html
63806136220,,Lame Abrasif - Starlock,34.07,,,63806136220,,`FEI169,`4014586391106,https://www.setin.fr/lame-abrasif-starlock-a21168.html
63502125210,,Lame matériaux - Starlock - Marbre - Résine époxy - Stuc - Ciment - 75,115.69,75,Marbre - Résine époxy - Stuc - Ciment,63502114210,,`FEI163,`4014586390239,https://www.setin.fr/lame-materiaux-starlock-a4059.html
63502125210,,Lame matériaux - Starlock - Crépi - Béton cellulaire - Pont de navire - 85,59.23,85,Crépi - Béton cellulaire - Pont de navire,63502125210,,`FEI163,`4014586389516,https://www.setin.fr/lame-materiaux-starlock-a4059.html
63502125210,,Lame matériaux - Starlock - Matériaux souples - 85,46.54,85,Matériaux souples,63502113210,,`FEI163,`4014586390222,https://www.setin.fr/lame-materiaux-starlock-a4059.html
63502125210,,Lame matériaux - Starlock - Peinture - Colle - Moquette - 52,34.98,52,Peinture - Colle - Moquette,63903226210,,`FEI163,`4014586389691,https://www.setin.fr/lame-materiaux-starlock-a4059.html
10415,,Master kit Longmaster 24 V Faac,2088.86,,,104157,,`FAA241,,https://www.setin.fr/master-kit-longmaster-24-v-faac-a22328.html
10084,,TE ALU CAMBRE REVERSIBLE NOIR,9.64,ø de l'il 14 mm,,100841,,`POU240,,https://www.setin.fr/ferrure-de-volets-en-aluminium-te-alu-reglable-hauteur-200-mm-reversible-a-trous-ronds-a-riveter-a38.html
10084,,TE ALU CAMBRE REVERSIBLE BLANC,9.31,ø de l'il 14 mm,,AE-950TB,,`POU240,,https://www.setin.fr/ferrure-de-volets-en-aluminium-te-alu-reglable-hauteur-200-mm-reversible-a-trous-ronds-a-riveter-a38.html
10365,,Nettoyant pistolet pour mousse PU,13.60,,,103658,,`SOU022,`5411183465039,https://www.setin.fr/joint-nettoyant-pistolet-pour-mousse-pu-a3022.html
10086,,COULISSE TANDEMBOX TIP ON LG 270MM CHARGE 20KG,45.32,,,559.2701T-08521592,,`BLU879,`9002617739923,https://www.setin.fr/gamme-tiroir-legrabox-et-merivobox-antaro-et-intivo-a8413.html
10086,,COULISSE TANDEMBOX TIP ON LG 300MM CHARGE 20KG,45.32,,,559.3001T-08521662,,`BLU879,`9002617739930,https://www.setin.fr/gamme-tiroir-legrabox-et-merivobox-antaro-et-intivo-a8413.html
10086,,COULISSE TANDEMBOX TIP ON LG 350MM CHARGE 30KG,45.32,,,559.3501T-08521732,,`BLU879,`9002617739947,https://www.setin.fr/gamme-tiroir-legrabox-et-merivobox-antaro-et-intivo-a8413.html
13962,,Coffret étanche Kaedra Schneider - 6,161.92,L 159 x P 112 x H 200,,13958,,`CEE979,`3303430139584,https://www.setin.fr/coffrets-etanches-kaedra-6-ou-12-modules-schneider-a22295.html
10086,,COULISSE TANDEMBOX TIP ON LG 400MM CHARGE 30KG,45.43,,,559.4001T-08521802,,`BLU879,`9002617739954,https://www.setin.fr/gamme-tiroir-legrabox-et-merivobox-antaro-et-intivo-a8413.html
13962,,Coffret étanche Kaedra Schneider - 12,372.84,L 340 x P 160 x H 280,,13962M,,`CEE979,,https://www.setin.fr/coffrets-etanches-kaedra-6-ou-12-modules-schneider-a22295.html
10086,,COULISSE TANDEMBOX TIP ON LG 500MM CHARGE 50KG,45.72,,,559.5001T-08522032,,`BLU879,`9002617739978,https://www.setin.fr/gamme-tiroir-legrabox-et-merivobox-antaro-et-intivo-a8413.html
10086,,COULISSE TANDEMBOX TIP ON LG 550MM CHARGE 50KG,46.64,,,559.5501T-08522272,,`BLU879,`9002617739985,https://www.setin.fr/gamme-tiroir-legrabox-et-merivobox-antaro-et-intivo-a8413.html
10086,,COULISSE TANDEMBOX TIP ON LG 650MM CHARGE 50KG,50.49,,,559.6501T-08522412,,`BLU879,`9002617740004,https://www.setin.fr/gamme-tiroir-legrabox-et-merivobox-antaro-et-intivo-a8413.html
10086,,KIT SYNC.TIPON TBX P/CAIS.  508/570,7.85,,,Z55S1350E-08534080,,`BLU879,`9002617740059,https://www.setin.fr/gamme-tiroir-legrabox-et-merivobox-antaro-et-intivo-a8413.html
10086,,KIT SYNC.TIPON TBX P/CAIS.  608/670,7.94,,,Z55S1850E-08534220,,`BLU879,`9002617740073,https://www.setin.fr/gamme-tiroir-legrabox-et-merivobox-antaro-et-intivo-a8413.html
10086,,KIT SYNC.TIPON TBX P/CAIS.  708/770,8.03,,,Z55S2350E-08534460,,`BLU879,`9002617740097,https://www.setin.fr/gamme-tiroir-legrabox-et-merivobox-antaro-et-intivo-a8413.html
10086,,KIT SYNC.TIPON TBX P/CAIS.  758/820,8.10,,,Z55S2600E-08542070,,`BLU879,`9002617740103,https://www.setin.fr/gamme-tiroir-legrabox-et-merivobox-antaro-et-intivo-a8413.html
10086,,KIT SYNC.TIPON TBX P/CAIS.  808/870,8.10,,,Z55S2850E-08542140,,`BLU879,`9002617740110,https://www.setin.fr/gamme-tiroir-legrabox-et-merivobox-antaro-et-intivo-a8413.html
10086,,KIT SYNC.TIPON TBX P/CAIS.  858/920,8.15,,,Z55S3100E-08542380,,`BLU879,`9002617740134,https://www.setin.fr/gamme-tiroir-legrabox-et-merivobox-antaro-et-intivo-a8413.html
10086,,KIT SYNC.TIPON TBX P/CAIS.  908/970,8.15,,,Z55S3350E-08542450,,`BLU879,`9002617740141,https://www.setin.fr/gamme-tiroir-legrabox-et-merivobox-antaro-et-intivo-a8413.html
10086,,KIT SYNC.TIPON TBX P/CAIS. 958/1020,8.24,,,Z55S3600E-08542520,,`BLU879,`9002617740158,https://www.setin.fr/gamme-tiroir-legrabox-et-merivobox-antaro-et-intivo-a8413.html
10086,,KIT SYNC.TIPON TBX P/CAIS.1008/1870,8.24,,,Z55S3850E-08542690,,`BLU879,`9002617740165,https://www.setin.fr/gamme-tiroir-legrabox-et-merivobox-antaro-et-intivo-a8413.html
10086,,KIT SYNC.TIPON TBX P/CAIS.1058/1120,8.30,,,Z55S4100E-08542760,,`BLU879,`9002617740264,https://www.setin.fr/gamme-tiroir-legrabox-et-merivobox-antaro-et-intivo-a8413.html
10086,,KIT SYNC.TIPON TBX P/CAIS.1108/1170,8.30,,,Z55S4350E-08542830,,`BLU879,`9002617740271,https://www.setin.fr/gamme-tiroir-legrabox-et-merivobox-antaro-et-intivo-a8413.html
320106,,VERROUILLAGE 113-2 AD 6-24062-00-0-1,10.28,120,,6-24062-00-0-1,,`FER634,,https://www.setin.fr/ferrure-ferco-uni-jet-verrouillage-et-renvoi-dangle-inferieur-a8296.html
320106,,VERROUILLAGE AD 160-2 6-24502-00-0-1,20.86,165,,6-24502-00-0-1,,`FER634,,https://www.setin.fr/ferrure-ferco-uni-jet-verrouillage-et-renvoi-dangle-inferieur-a8296.html
320106,,VEROUILLAGE 6-32010-00-0-1,13.55,215,,6-32010-00-0-1,,`FER634,,https://www.setin.fr/ferrure-ferco-uni-jet-verrouillage-et-renvoi-dangle-inferieur-a8296.html
320106,,VERROUILLAGE 215 FONCTION OB 2G 6-32013-00-0-1,21.48,215,,6-32013-00-0-1,,`FER634,,https://www.setin.fr/ferrure-ferco-uni-jet-verrouillage-et-renvoi-dangle-inferieur-a8296.html
320106,,VERROUILLAGE 215 6-32012-00-0-1 FONCTION OB 2G,9.56,230,,6-32012-00-0-1,,`FER634,,https://www.setin.fr/ferrure-ferco-uni-jet-verrouillage-et-renvoi-dangle-inferieur-a8296.html
320106,,6-32076-05-0-1 VER. 530 FONCTION OB OB 3G,21.77,530,,6-32076-05-0-1,,`FER634,,https://www.setin.fr/ferrure-ferco-uni-jet-verrouillage-et-renvoi-dangle-inferieur-a8296.html
320106,,6-32076-07-0-1 VER. 740 FONCTION OB OB 3G,20.58,740,,6-32076-07-0-1,,`FER634,,https://www.setin.fr/ferrure-ferco-uni-jet-verrouillage-et-renvoi-dangle-inferieur-a8296.html
320106,,6-32076-10-0-1 VER. 1050 FONCTION O OB 4G,20.26,1050,,6-32076-10-0-1,,`FER634,,https://www.setin.fr/ferrure-ferco-uni-jet-verrouillage-et-renvoi-dangle-inferieur-a8296.html
320106,,RENVOI D'ANGLE AD 113-2 G-13400-00-0-1,12.66,160,,G-13400-00-0-1,,`FER634,,https://www.setin.fr/ferrure-ferco-uni-jet-verrouillage-et-renvoi-dangle-inferieur-a8296.html
320106,,RENVOI D'ANGLE AD 160,21.14,160,,G-15865-00-0-1,,`FER634,,https://www.setin.fr/ferrure-ferco-uni-jet-verrouillage-et-renvoi-dangle-inferieur-a8296.html
320106,,RENVOI D'ANGLE 6-32293-00-0-1,21.98,220,,6-32293-00-0-1,,`FER634,,https://www.setin.fr/ferrure-ferco-uni-jet-verrouillage-et-renvoi-dangle-inferieur-a8296.html
320106,,RENVOI D'ANGLE 6-32292-00-0-1,21.98,220,,6-32292-00-0-1,,`FER634,,https://www.setin.fr/ferrure-ferco-uni-jet-verrouillage-et-renvoi-dangle-inferieur-a8296.html
189002,,SERRURE MEUBLE 40X43 AXE 20,13.38,Axe à 20 mm.,,350100001,,`HET134,,https://www.setin.fr/fermeture-serrure-a-cylindre-interchangeable-lehman-a1963.html
189002,,SERRURE MEUBLE AXE REGLABLE 15 A 40,17.94,Axe de 15 à 40 mm. Livré sans gâche.,,366040001,,`HET134,,https://www.setin.fr/fermeture-serrure-a-cylindre-interchangeable-lehman-a1963.html
189002,,SERRURE A PRESSION NICKELEE 72501 AVEC ROSETTE,22.78,,,350100001,,`HET134,,https://www.setin.fr/fermeture-serrure-a-cylindre-interchangeable-lehman-a1963.html
189002,,"KIT SERRURE A LEVIER NICKELEE 78020 AVEC ROSETTE, 2 CAMES ET GACHE",13.42,,,337502001,,`HET134,,https://www.setin.fr/fermeture-serrure-a-cylindre-interchangeable-lehman-a1963.html
202400,,Chalumeau type HP1 haute pression - Type HP1 - 470 - 90 - HP1-G1,305.41,470,,200400,,`SCS371,,https://www.setin.fr/univers-flamme-et-accessoires-type-hp1-haute-pression-a7011.html
189002,,SERRURE PORTE VERRE TROU 26MM EPAISSEUR 4 A 6MM,20.20,Pour porte verre (4 à 6 mm),,143214165,,`HET134,,https://www.setin.fr/fermeture-serrure-a-cylindre-interchangeable-lehman-a1963.html
202400,,Chalumeau type HP1 haute pression - Type HP1 blindé pour chantier lourd - 470 - 90 - HP1-G1,355.40,470,,202400,,`SCS371,,https://www.setin.fr/univers-flamme-et-accessoires-type-hp1-haute-pression-a7011.html
189002,,GACHE EQUERRE POUR SERRURE HET,0.50,Pour porte verre (4 à 6 mm),,443011100,,`HET134,,https://www.setin.fr/fermeture-serrure-a-cylindre-interchangeable-lehman-a1963.html
202400,,Chalumeau type HP1 haute pression - Type HP1 blindé pour chantier lourd - 1000 - 120 - HP1-G1,729.48,1000,,202852,,`SCS371,,https://www.setin.fr/univers-flamme-et-accessoires-type-hp1-haute-pression-a7011.html
189002,,GACHE A ENCASTRER P/SERRURE 72683,1.10,Pour porte verre (4 à 6 mm),,543200120,,`HET134,,https://www.setin.fr/fermeture-serrure-a-cylindre-interchangeable-lehman-a1963.html
189002,,SERRURE ESPAGNOLETTE A CROCHET A.25,17.72,Axe à 25 mm.,,375025001,,`HET134,,https://www.setin.fr/fermeture-serrure-a-cylindre-interchangeable-lehman-a1963.html
189002,,TRINGLE 1M00 P/ESPANOLETTE CROCHETS,5.54,Axe à 25 mm.,,541000599,,`HET134,,https://www.setin.fr/fermeture-serrure-a-cylindre-interchangeable-lehman-a1963.html
189002,,TRINGLE 1M50 P/ESPANOLETTE CROCHETS,8.62,Axe à 25 mm.,,541500599,,`HET134,,https://www.setin.fr/fermeture-serrure-a-cylindre-interchangeable-lehman-a1963.html
189002,,SERRURE ESPAGNOLETTE HT/BAS DROITE,22.81,,,LEH065,,`HET134,,https://www.setin.fr/fermeture-serrure-a-cylindre-interchangeable-lehman-a1963.html
13478,,COF.LARD 5P REL.AXE 40 2M15 T18 DTE 20500RB90,241.36,Axe à 40 mm,,13464000,,`AAA170,`3037233464009,https://www.setin.fr/surete-multipoint-a-larder-vachette-20515-tetiere-bouts-carres-18-mm-a6934.html
189002,,SERRURE ESPAGNOLETTE HT/BAS GAUCHE,30.36,,,329200002,,`HET134,,https://www.setin.fr/fermeture-serrure-a-cylindre-interchangeable-lehman-a1963.html
13478,,COF.LARD 5P REL.AXE 40 2M15 T18 GHE 20500RB90,241.36,Axe à 40 mm,,13477000,,`AAA170,`3037233477009,https://www.setin.fr/surete-multipoint-a-larder-vachette-20515-tetiere-bouts-carres-18-mm-a6934.html
189002,,TRINGLE 1M60 P/ESPANOLETTE HT/BAS,18.28,,,541600430,,`HET134,,https://www.setin.fr/fermeture-serrure-a-cylindre-interchangeable-lehman-a1963.html
13478,,COF.LARD 5P REL.AXE 50 2M15 T18 DTE 20500RB90,241.36,Axe à 50 mm,,13478000,,`AAA170,`3037233478006,https://www.setin.fr/surete-multipoint-a-larder-vachette-20515-tetiere-bouts-carres-18-mm-a6934.html
189002,,CYLINDRE Z23 NUMERO VARIE L'UNITE VARIE PAR 50 VARIURES,18.74,,,241823107,,`HET134,,https://www.setin.fr/fermeture-serrure-a-cylindre-interchangeable-lehman-a1963.html
13478,,COF.LARD 5P REL.AXE 50 2M15 T18 GHE 20500RB90,241.36,Axe à 50 mm,,13484000,,`AAA170,`3037233484007,https://www.setin.fr/surete-multipoint-a-larder-vachette-20515-tetiere-bouts-carres-18-mm-a6934.html
189002,,CYLINDRE Z23 NUMERO 18001,9.22,,,241823043,,`HET134,,https://www.setin.fr/fermeture-serrure-a-cylindre-interchangeable-lehman-a1963.html
189002,,CYLINDRE Z23 NUMERO 18002,15.86,,,241823090,,`HET134,,https://www.setin.fr/fermeture-serrure-a-cylindre-interchangeable-lehman-a1963.html
189002,,CYLINDRE Z23 NUMERO 18003,14.90,,,241823091,,`HET134,,https://www.setin.fr/fermeture-serrure-a-cylindre-interchangeable-lehman-a1963.html
189002,,CYLINDRE Z23 NUMERO 7004,16.46,,,241823108,,`HET134,,https://www.setin.fr/fermeture-serrure-a-cylindre-interchangeable-lehman-a1963.html
189002,,CYLINDRE Z23 NUMERO 7005,10.60,,,241823109,,`HET134,,https://www.setin.fr/fermeture-serrure-a-cylindre-interchangeable-lehman-a1963.html
189002,,CLE DE DEMONTAGE P/CYLINDRE Z23,7.78,,,649299992,,`HET134,,https://www.setin.fr/fermeture-serrure-a-cylindre-interchangeable-lehman-a1963.html
189002,,CLE DE PASSE POUR CYLINDRE Z23,46.74,,,640171310,,`HET134,,https://www.setin.fr/fermeture-serrure-a-cylindre-interchangeable-lehman-a1963.html
4932343735,,BURIN PIC 400MM HEX 28MM MXFUEL,69.89,400,,4932459774,,`TTIZ29,`4058546029463,https://www.setin.fr/burin-pic-milwaukee-a18581.html
4932343735,,BURIN PIC SDS MAX  400MM,17.73,400,,4932343735,,`TTIZ29,`4002395317516,https://www.setin.fr/burin-pic-milwaukee-a18581.html
4932459776,,Burin plat large K-Hex,146.85,400,,4932459776,,`TTI220,`4058546029487,https://www.setin.fr/burin-plat-large-k-hex-a18444.html
4932459775,,Burin plat Milwaukee,74.76,400,,4932459775,,`TTI219,`4058546029470,https://www.setin.fr/burin-plat-milwaukee-a18598.html
0904 1035,,Plaquette grande avance SDXS 09 - SDXS 0904MPR MM - IN 4030 - Acier - Inox - Réfractaire,20.47,,,2913660,,`ING458,,https://www.setin.fr/fraisage-plaquette-grande-avance-sdxs-09-a12212.html
0904 1035,,Plaquette grande avance SDXS 09 - SDXS 0904MPR MR - IN 4030 - Acier - Inox - Réfractaire,20.47,,,2912105,,`ING458,,https://www.setin.fr/fraisage-plaquette-grande-avance-sdxs-09-a12212.html
0904 1035,,Plaquette grande avance SDXS 09 - SDXS 0904 MPR MR1 - IN 4035 - Réfractaire - Inox,30.77,,,2914379,,`ING458,,https://www.setin.fr/fraisage-plaquette-grande-avance-sdxs-09-a12212.html
0904 1035,,Plaquette grande avance SDXS 09 - SDXS 0904 MPR MR1 K - IN 7035 - Inox - Réfractaire - Acier,27.91,,,2915908,,`ING458,,https://www.setin.fr/fraisage-plaquette-grande-avance-sdxs-09-a12212.html
0904 1035,,Plaquette grande avance SDXS 09 - SDXS 0904MPR MM - IN 4035 - Inox - Réfractaire - Acier,30.77,,,2913661,,`ING458,,https://www.setin.fr/fraisage-plaquette-grande-avance-sdxs-09-a12212.html
0904 1025,,POINTE ACIER TORSADE 050,5.47,50,,TOR5025,,`BE5028,`3501019550250,https://www.setin.fr/clouterie-pointe-acier-torsadee-a17666.html
0904 1035,,Plaquette grande avance SDXS 09 - SDMS 130515R PH - IN 4030 - Acier - Inox - Fonte,28.10,,,2901934,,`ING458,,https://www.setin.fr/fraisage-plaquette-grande-avance-sdxs-09-a12212.html
0904 1025,,POINTE ACIER TORSADE 080,7.88,80,,TOR8031,,`BE5028,`3501019580318,https://www.setin.fr/clouterie-pointe-acier-torsadee-a17666.html
0904 1035,,Plaquette grande avance SDXS 09 - SDMS 1305MDR PH - IN 4030 - Inox - Réfractaire,25.51,,,2901937,,`ING458,,https://www.setin.fr/fraisage-plaquette-grande-avance-sdxs-09-a12212.html
0904 1025,,POINTE ACIER TORSADE 090,7.88,90,,TOR9037,,`BE5028,`3501019590379,https://www.setin.fr/clouterie-pointe-acier-torsadee-a17666.html
0904 1025,,POINTE ACIER TORSADE 100,7.09,100,,TOR10041,,`BE5028,`3501019510049,https://www.setin.fr/clouterie-pointe-acier-torsadee-a17666.html
0904 1025,,POINTE ACIER TORSADE 110,7.88,110,,TOR11050,,`BE5028,`3501019511046,https://www.setin.fr/clouterie-pointe-acier-torsadee-a17666.html
0904 1025,,POINTE ACIER TORSADE 125,7.88,125,,TOR12550,,`BE5028,`3501019512555,https://www.setin.fr/clouterie-pointe-acier-torsadee-a17666.html
0904 1025,,POINTE ACIER TORSADE 140,7.88,140,,TOR14055,,`BE5028,`3501019514054,https://www.setin.fr/clouterie-pointe-acier-torsadee-a17666.html
0904 1022,,"Bac palettisable Norme Europe - Bac palettisable - 9,6 litres",19.71,L 300 x P 400  x H 118 mm,,9251V01522,,`ALI001,,https://www.setin.fr/bac-palettisable-norme-europe-a4487.html
0904 1022,,Bac palettisable Norme Europe - Bac palettisable - 15 litres,24.96,L 300 x P 400 x H 175 mm,,9232V00522,,`ALI001,,https://www.setin.fr/bac-palettisable-norme-europe-a4487.html
0904 1022,,Bac palettisable Norme Europe - Bac palettisable - 20 litres,26.81,L 300 x P 400 x H 235 mm,,9240V01522,,`ALI001,,https://www.setin.fr/bac-palettisable-norme-europe-a4487.html
0904 1022,,Bac palettisable Norme Europe - Bac palettisable - 12 litres,26.85,L 400 x P 600 x H 73 mm,,9229V00522,,`ALI001,,https://www.setin.fr/bac-palettisable-norme-europe-a4487.html
0904 1022,,Bac palettisable Norme Europe - Bac palettisable - 21 litres,28.58,L 400 x P 600 x H 118   mm,,9230V01522,,`ALI001,,https://www.setin.fr/bac-palettisable-norme-europe-a4487.html
0904 1022,,Bac palettisable Norme Europe - Bac palettisable - 33 litres,34.46,L 400 x P 600 x H 175 mm,,9235000522,,`ALI001,,https://www.setin.fr/bac-palettisable-norme-europe-a4487.html
0904 1022,,Bac palettisable Norme Europe - Bac palettisable - 45 litres,46.56,L 400 x  P 600  x H 235 mm,,9237V00522,,`ALI001,,https://www.setin.fr/bac-palettisable-norme-europe-a4487.html
0904 1022,,Bac palettisable Norme Europe - Bac palettisable - 60 litres,53.48,L 400 x P 600 x H 319 mm,,9250V01522,,`ALI001,,https://www.setin.fr/bac-palettisable-norme-europe-a4487.html
0904 1022,,Bac palettisable Norme Europe - Bac palettisable - 87 litres,82.20,L 800 x P 600 x H 235 mm,,9239V01522,,`ALI001,,https://www.setin.fr/bac-palettisable-norme-europe-a4487.html
0904 1022,,Bac palettisable Norme Europe - Couvercle clipsable pour bac palettisable - pour ALI 001 à 003,12.94,,,9352V00522,,`ALI001,,https://www.setin.fr/bac-palettisable-norme-europe-a4487.html
0904 1022,,Bac palettisable Norme Europe - Couvercle clipsable pour bac palettisable - pour ALI 004 à 008,28.40,,,9353V00522,,`ALI001,,https://www.setin.fr/bac-palettisable-norme-europe-a4487.html
0904 1022,,Bac palettisable Norme Europe - Couvercle clipsable pour bac palettisable - pour ALI 022,50.88,,,9358000522,,`ALI001,,https://www.setin.fr/bac-palettisable-norme-europe-a4487.html
02550 00005,,BUTOIR CAOUT.1/2 SPHERI.BLANC 30,1.34,,,88902189,,`LEM105,`3480229021890,https://www.setin.fr/butoir-de-porte-pour-fixation-murale-ou-au-sol-elastomere-a8899.html
02550 00005,,BUTOIR CAOUT.BLANC CYLIND. 30 H 36,2.32,,,88902550,,`LEM105,`3480229025508,https://www.setin.fr/butoir-de-porte-pour-fixation-murale-ou-au-sol-elastomere-a8899.html
02360 00005,,COF.1PT 1/2T+PENE BASC. L.36 AXE 21,90.65,,,2360.36.0,,`STR196,,https://www.setin.fr/serrure-pour-menuiserie-metallique-1-point-2360-a8366.html
02360 00005,,COF.1PT 1/2T+PENE BASC. L.39 AXE 24,93.09,,,2360.39.0,,`STR196,,https://www.setin.fr/serrure-pour-menuiserie-metallique-1-point-2360-a8366.html
02360 00005,,COF.1PT 1/2T+PENE BASC. L.41 AXE 26,90.65,,,2360.41.0,,`STR196,,https://www.setin.fr/serrure-pour-menuiserie-metallique-1-point-2360-a8366.html
02360 00005,,COF.1PT 1/2T+PENE BASC. L.45 AXE 30,93.09,,,2360.45.0,,`STR196,,https://www.setin.fr/serrure-pour-menuiserie-metallique-1-point-2360-a8366.html
02114 00005,,2114 CONNECTEUR POUR TIGE FUTURA  G 02114-000K GRIS SILVER,3.56,,,02114000K,,`BL6127,,https://www.setin.fr/ferrure-giesse-aluminium-pour-gorge-europeenne-connecteur-pour-tige-futura-a16374.html
02360 00005,,"SERRURE 1PT PDT BASCU +5  2360.45RO AXE 30MM - TET 22X2,5X244MM",71.53,"22x2,5 mm",,2360.45R0,,`STR196,,https://www.setin.fr/serrure-pour-menuiserie-metallique-1-point-2360-a8366.html
02114 00005,,2114 CONNECTEUR POUR TIGE FUTURA  N 02114-010 NOIR,2.95,,,02114010,,`BL6127,,https://www.setin.fr/ferrure-giesse-aluminium-pour-gorge-europeenne-connecteur-pour-tige-futura-a16374.html
02370 00005,,FERCO Pêne de fiche intermédiaire : E-22370-00-0-1,1.62,,,E-22370-00-0-1,,`AH2108,,https://www.setin.fr/e-22370-00-0-1-ferco-a19282.html
02890 00001,,"02030  COMPAS LIMIT.OUVERTURE 300MM FRIZ 02030000K GORGE14/18 13,5/16,8",29.04,,,02030000K,,`BL6117,,https://www.setin.fr/ferrure-giesse-aluminium-pour-gorge-europeenne-compas-limiteur-douverture-friz-a16370.html
02890 00001,,"02031  COMPAS LIMIT.OUVERTURE 300MM FRIZ 02031000K GORGE 10/14,5 12/15",29.09,,,02031000K,,`BL6117,,https://www.setin.fr/ferrure-giesse-aluminium-pour-gorge-europeenne-compas-limiteur-douverture-friz-a16370.html
02890 00001,,02800  COMPAS LIMIT.OUVERTURE 140MM FRIZ 02800000K,19.20,,,02800000K,,`BL6117,,https://www.setin.fr/ferrure-giesse-aluminium-pour-gorge-europeenne-compas-limiteur-douverture-friz-a16370.html
02968 00010,,VERROUILLAGE CINTRE OB 6-32952-00-0-1,59.08,,,6-32952-00-0-1,,`FER639,,https://www.setin.fr/accessoire-uni-jet-accessoires-uni-jet-a8302.html
02968 00010,,RALLONGE 250 8-00625-00-0-1,12.53,,,8-00625-00-0-1,,`FER639,,https://www.setin.fr/accessoire-uni-jet-accessoires-uni-jet-a8302.html
02968 00010,,RALLONGE 500MM G-21040-00-0-1,17.43,,,G-21040-00-0-1,,`FER639,,https://www.setin.fr/accessoire-uni-jet-accessoires-uni-jet-a8302.html
02968 00010,,RALLONGE 500 1G 6-32142-00-0-1,14.25,,,6-32142-00-0-1,,`FER639,,https://www.setin.fr/accessoire-uni-jet-accessoires-uni-jet-a8302.html
02968 00010,,RALLONGE L590MM 1G G-22385-07-0-1,12.08,,,G-22385-07-0-1,,`FER639,,https://www.setin.fr/accessoire-uni-jet-accessoires-uni-jet-a8302.html
02968 00010,,INVERSEUR ST 18 8-00670-02-0-1,13.86,,,8-00670-02-0-1,,`FER639,,https://www.setin.fr/accessoire-uni-jet-accessoires-uni-jet-a8302.html
02968 00010,,PROLONGATEUR ST SANS CHANFREIN G-14661-00-0-1,10.79,,,G-14661-00-0-1,,`FER639,,https://www.setin.fr/accessoire-uni-jet-accessoires-uni-jet-a8302.html
02968 00010,,8-00680-01-0-1 SACHET ACC-INV-+VER. VER.,25.42,,,8-00680-01-0-1,,`FER639,,https://www.setin.fr/accessoire-uni-jet-accessoires-uni-jet-a8302.html
02968 00010,,PROLONGATEUR INFERIEUR HFF 480- 590 6-32155-03-0-1,8.31,,,6-32155-03-0-1,,`FER639,,https://www.setin.fr/accessoire-uni-jet-accessoires-uni-jet-a8302.html
02968 00010,,PROLONGATEUR INFERIEUR HFF 480-2450 6-32303-00-0-1,10.15,,,6-32303-00-0-1,,`FER639,,https://www.setin.fr/accessoire-uni-jet-accessoires-uni-jet-a8302.html
02968 00010,,PROLONGATEUR OB 1G 6-32105-00-0-1,8.35,,,6-32105-00-0-1,,`FER639,,https://www.setin.fr/accessoire-uni-jet-accessoires-uni-jet-a8302.html
02968 00010,,PROLONGATEUR 1 GALET CREM.BOIS/PVC 6-32104-00-0-1,8.99,,,6-32104-00-0-1,,`FER639,,https://www.setin.fr/accessoire-uni-jet-accessoires-uni-jet-a8302.html
02968 00010,,SACHET VERROU DE COND.AVEC CLE BLC K-13841-00-0-7,75.79,,,K-13841-00-0-7,,`FER639,,https://www.setin.fr/accessoire-uni-jet-accessoires-uni-jet-a8302.html
02968 00010,,VERROU DE CONDAMNATION OF SS CLE K-13842-00-0-7,72.25,,,K-13842-00-0-7,,`FER639,,https://www.setin.fr/accessoire-uni-jet-accessoires-uni-jet-a8302.html
02968 00010,,CLE POUR VERROU DE CONDAMNATION,6.85,,,9-33585-00-0-1,,`FER639,,https://www.setin.fr/accessoire-uni-jet-accessoires-uni-jet-a8302.html
02968 00010,,LOQUET  DE CONDAMNATION OF SS CLE 8-00855-00-0-7,15.62,,,8-00855-00-0-7,,`FER639,,https://www.setin.fr/accessoire-uni-jet-accessoires-uni-jet-a8302.html
02968 00010,,CLE POUR LOQUET EN APPLIQUE 8-00821-00-0-0,1.98,,,8-00821-00-0-0,,`FER639,,https://www.setin.fr/accessoire-uni-jet-accessoires-uni-jet-a8302.html
02280 00005,,2080-500  VERROU MAYA L140 9005 02080-500,33.62,140 mm,,02080500,,`BL6122,,https://www.setin.fr/ferrure-giesse-aluminium-pour-gorge-europeenne-verrou-maya-en-feuillure-a16372.html
02968 00010,,SACHET VERROU DE COND.ALUJET K-12968-00-0-7,67.10,,,K-12968-00-0-7,,`FER639,,https://www.setin.fr/accessoire-uni-jet-accessoires-uni-jet-a8302.html
02280 00005,,2081-500  VERROU MAYA L220 9005 02081-500,36.46,220 mm,,02081500,,`BL6122,,https://www.setin.fr/ferrure-giesse-aluminium-pour-gorge-europeenne-verrou-maya-en-feuillure-a16372.html
02968 00010,,VERROU DE CONDAMNATION A CLE BRUN K-13841-00-0-5,74.42,,,K-13841-00-0-5,,`FER639,,https://www.setin.fr/accessoire-uni-jet-accessoires-uni-jet-a8302.html
02280 00005,,2082-500  VERROU MAYA L450 9005 02082-500,49.35,450 mm,,02082500,,`BL6122,,https://www.setin.fr/ferrure-giesse-aluminium-pour-gorge-europeenne-verrou-maya-en-feuillure-a16372.html
02280 00005,,2082-410  VERROU MAYA L450 9010 02082-410,44.41,450 mm,,02082410,,`BL6122,,https://www.setin.fr/ferrure-giesse-aluminium-pour-gorge-europeenne-verrou-maya-en-feuillure-a16372.html
02675 00005,,KIT SERRURE 2 PTS HAUT ET BAS LIVRE SANS CYLINDRE,34.22,,,2675....,,`MER408,`0000000000000,https://www.setin.fr/fermeture-kit-serrure-2-points-haut-et-bas-2675-a2531.html
02675 00005,,TRINGLE P/SER. HAUT ET BAS 1000 MM,14.31,,,833/N/100,,`MER408,`0000000000000,https://www.setin.fr/fermeture-kit-serrure-2-points-haut-et-bas-2675-a2531.html
02675 00005,,TRINGLE P/SER. HAUT ET BAS 1400 MM,20.54,,,833/N/140,,`MER408,`0000000000000,https://www.setin.fr/fermeture-kit-serrure-2-points-haut-et-bas-2675-a2531.html
02105 00005,,"SUP.MURAL POTEAU 42,4 INOX 304 D120",119.89,"ø 42,4 mm",,105.120.02,,`DES204,,https://www.setin.fr/main-courante-et-garde-corps-inox-316-support-pour-poteau-o-120-mm-a1618.html
02105 00005,,"SUP.MURAL POTEAU 42,4 INOX 316 D120",199.13,"ø 42,4 mm",,105.120.04,,`DES204,,https://www.setin.fr/main-courante-et-garde-corps-inox-316-support-pour-poteau-o-120-mm-a1618.html
02650 00005,,CHARNIERE FERCO G-11962-00-0-3,1.95,,,G-11962-00-0-1,,`FER003,,https://www.setin.fr/charniere-a875.html
02650 00005,,CHARNIERE FERCO G-12814-00-0-1,1.87,,,G-12814-00-0-1,,`FER003,,https://www.setin.fr/charniere-a875.html
02650 00005,,CHARNIERE AFNOR 38ø A-06250-00-0-1,2.16,,,A-06250-00-0-1,,`FER003,,https://www.setin.fr/charniere-a875.html
210989114GR,,"Lame scie sabre Bi-métal Lenox - 200 - Fonte - Fibre de verre - Terre cuite - Brique - Plâtre - 1,3",73.13,200,Fonte - Fibre de verre - Terre cuite - Brique - Plâtre,20576800RG,2,`KOP154,,https://www.setin.fr/lame-scie-sabre-bi-metal-lenox-a5847.html
210989114GR,,"Lame scie sabre Bi-métal Lenox - 152 - Métal - Inox médium - 0,9",105.67,152,Métal - Inox médium,210956118GR,5,`KOP154,,https://www.setin.fr/lame-scie-sabre-bi-metal-lenox-a5847.html
210989114GR,,"Lame scie sabre Bi-métal Lenox - 229 - Métal - Inox médium - 0,9",132.54,229,Métal - Inox médium,210999118GR,5,`KOP154,,https://www.setin.fr/lame-scie-sabre-bi-metal-lenox-a5847.html
210989114GR,,"Lame scie sabre Bi-métal Lenox - 229 - Métal - Inox - 0,9",132.54,229,Métal - Inox,210989114GR,5,`KOP154,,https://www.setin.fr/lame-scie-sabre-bi-metal-lenox-a5847.html
210989114GR,,"Lame scie sabre Bi-métal Lenox - 225 - Métal - Inox épais - 1,1",132.54,225,Métal - Inox épais,210979110GR,5,`KOP154,,https://www.setin.fr/lame-scie-sabre-bi-metal-lenox-a5847.html
210989114GR,,"Lame scie sabre Bi-métal Lenox - 300 - Métal - Inox épais - 1,1",147.03,300,Métal - Inox épais,211001211G,5,`KOP154,,https://www.setin.fr/lame-scie-sabre-bi-metal-lenox-a5847.html
DT4286,,Lame qualité extrême - 305 x 30 x 3 - Z 96,187.83,305 x 30 x 3,Bois|Aluminium|Métaux non ferreux,DT4290-QZ,,`ELU005,`5035048057742,https://www.setin.fr/lame-de-scie-lame-qualite-extreme-a5970.html
DT4286,,"Lame qualité extrême - 216 x 30 x 2,6 - Z 80",141.33,"216 x 30 x 2,6",Bois|Aluminium|Métaux non ferreux,DT4286-QZ,,`ELU005,`5035048057704,https://www.setin.fr/lame-de-scie-lame-qualite-extreme-a5970.html
C005,,Kit paumelle OB FUTURA 3D - 130 kg - Pour gorge C001/C002/C005/C006 - Noir 9005,44.73,,,04711500,,`BL6171,,https://www.setin.fr/kit-paumelle-ob-futura-3d-a16395.html
C005,,Kit paumelle OB FUTURA 3D - 130 kg - Pour gorge C001/C002/C005/C006 - Blanc 9010,44.73,,,04711610,,`BL6171,,https://www.setin.fr/kit-paumelle-ob-futura-3d-a16395.html
C005,,Kit paumelle OB FUTURA 3D - 130 kg - Pour gorge C001/C002/C005/C006 - Gris 9006,44.73,,,04711970,,`BL6171,,https://www.setin.fr/kit-paumelle-ob-futura-3d-a16395.html
C005,,Kit paumelle OB FUTURA 3D - 130 kg - Pour gorge C001/C002/C005/C006 - Blanc 9016,40.26,,,04711410,,`BL6171,,https://www.setin.fr/kit-paumelle-ob-futura-3d-a16395.html
C005,,Kit paumelle OB FUTURA 3D - 130 kg - Pour gorge C001/C002/C005/C006 - Blanc 9016 satiné,44.73,,,04711682,,`BL6171,,https://www.setin.fr/kit-paumelle-ob-futura-3d-a16395.html
C005,,Kit paumelle OB FUTURA 3D - 130 kg - Pour gorge  C03 10/14 - Noir 9005,99.41,,,04711500010,,`BL6171,,https://www.setin.fr/kit-paumelle-ob-futura-3d-a16395.html
C005,,Kit paumelle OB FUTURA 3D - 130 kg - Pour gorge  C03 10/14 - Blanc 9010,99.41,,,04711610010,,`BL6171,,https://www.setin.fr/kit-paumelle-ob-futura-3d-a16395.html
C005,,Kit paumelle OB FUTURA 3D - 130 kg - Pour gorge  C03 10/14 - Gris 9006,144.93,,,04711600010ITALIE-FINITIO,,`BL6171,,https://www.setin.fr/kit-paumelle-ob-futura-3d-a16395.html
C005,,Kit paumelle OB FUTURA 3D - 130 kg - Pour gorge  C03 10/14 - Blanc 9016,99.41,,,04711410010ITALIE600X10,,`BL6171,,https://www.setin.fr/kit-paumelle-ob-futura-3d-a16395.html
C005,,Kit paumelle OB FUTURA 3D - 80 kg - Pour gorge C001/C002/C005/C006 - Noir 9005,35.23,,,04739500,,`BL6171,,https://www.setin.fr/kit-paumelle-ob-futura-3d-a16395.html
C005,,Kit paumelle OB FUTURA 3D - 80 kg - Pour gorge C001/C002/C005/C006 - Blanc 9010,32.90,,,04739610,,`BL6171,,https://www.setin.fr/kit-paumelle-ob-futura-3d-a16395.html
C005,,Kit paumelle OB FUTURA 3D - 80 kg - Pour gorge C001/C002/C005/C006 - Gris 9006,32.90,,,04739970,,`BL6171,,https://www.setin.fr/kit-paumelle-ob-futura-3d-a16395.html
C016,,CRAPAUDINE EN 14,73.96,Goujon de 14 mm,,C0169/14,,`ROL403,,https://www.setin.fr/ferrure-de-volet-et-portail-fonte-a-sceller-a483.html
C016,,CRAPAUDINE EN 16,76.13,Goujon de 16 mm,,C0169/16,,`ROL403,,https://www.setin.fr/ferrure-de-volet-et-portail-fonte-a-sceller-a483.html
C016,,CRAPAUDINE EN 18,76.13,Goujon de 18 mm,,C0169/18,,`ROL403,,https://www.setin.fr/ferrure-de-volet-et-portail-fonte-a-sceller-a483.html
66261130780,,Disque à lamelles finition Vortex Rapid Prep S2203 Norton - Gros,23.12,125,Acier|Acier inoxydable|Aluminium|Métaux non ferreux,66261130779,Boîte de 10,`NORA61,,https://www.setin.fr/disque-a-lamelles-finition-vortex-rapid-prep-s2203-norton-a20054.html
66261130780,,Disque à lamelles finition Vortex Rapid Prep S2203 Norton - Moyen,23.44,125,Acier|Acier inoxydable|Aluminium|Métaux non ferreux,66261130780,Boîte de 10,`NORA61,,https://www.setin.fr/disque-a-lamelles-finition-vortex-rapid-prep-s2203-norton-a20054.html
66261130780,,Disque à lamelles finition Vortex Rapid Prep S2203 Norton - Fin,23.12,125,Acier|Acier inoxydable|Aluminium|Métaux non ferreux,66261130781,Boîte de 10,`NORA61,,https://www.setin.fr/disque-a-lamelles-finition-vortex-rapid-prep-s2203-norton-a20054.html
66261130780,,Disque à lamelles finition Vortex Rapid Prep S2203 Norton - Super fin,23.12,125,Acier|Acier inoxydable|Aluminium|Métaux non ferreux,66261130782,Boîte de 10,`NORA61,,https://www.setin.fr/disque-a-lamelles-finition-vortex-rapid-prep-s2203-norton-a20054.html
66261018283,,Feuille - garniture Beartex Norton,7.67,,,66261018283,,`NORB25,`3157625579309,https://www.setin.fr/feuille-garniture-beartex-a20062.html
66253371350,,"Disque à tronçonner Quantum 3 Norton - 125 - 1 - 22,23 - 41-plat",10.99,125,Acier|Acier inoxydable,66253371350,25,`NORA31,,https://www.setin.fr/disque-a-tronconner-quantum-3-norton-a20057.html
66253371350,,"Disque à tronçonner Quantum 3 Norton - 125 - 1,6 - 22,23 - 41-plat",10.99,125,Acier|Acier inoxydable,66253371352,25,`NORA31,,https://www.setin.fr/disque-a-tronconner-quantum-3-norton-a20057.html
66253371350,,"Disque à tronçonner Quantum 3 Norton - 230 - 1,9 - 22,23 - 41-plat",25.72,230,Acier|Acier inoxydable,66253371355,25,`NORA31,,https://www.setin.fr/disque-a-tronconner-quantum-3-norton-a20057.html
66253371350,,"Disque à tronçonner Quantum 3 Norton - 125 - 0,8 - 22,23 - 42-déporté",10.36,125,Acier|Acier inoxydable,66252846643,25,`NORA31,,https://www.setin.fr/disque-a-tronconner-quantum-3-norton-a20057.html
66253371350,,"Disque à tronçonner Quantum 3 Norton - 125 - 2,5 - 22,23 - 42-déporté",12.31,125,Acier|Acier inoxydable,66252832258,25,`NORA31,,https://www.setin.fr/disque-a-tronconner-quantum-3-norton-a20057.html
66253371362,,"Disque à meuler Quantum 3 Norton - 125 - 7 - 22,23",21.58,125,Acier|Acier inoxydable|Fonte,66253371362,,`NORA36,,https://www.setin.fr/disque-a-meuler-quantum-3-norton-a20046.html
66253371362,,"Disque à meuler Quantum 3 Norton - 230 - 7 - 22,23",46.70,230,Acier|Acier inoxydable|Fonte,66253371365,,`NORA36,,https://www.setin.fr/disque-a-meuler-quantum-3-norton-a20046.html
"3180
 3181",,Piton d'embrasure laiton chromé - DUVAL,4.77,,,52-0829-3180,,`AF6018,`3170001140955,https://www.setin.fr/accessoire-pour-penderie-piton-dembrasure-laiton-chrome-a19356.html
3175-F,,Bétonnière semi-professionnelle BI 175 F,978.68,,,BI16FS2EG,,`ATE003,,https://www.setin.fr/betonniere-semi-professionnelle-bi-175-f-a10773.html
DT20707-QZ,,Lame métal titanium pour Multi-cutter,32.43,43,,DT20707-QZ,,`DEW282,`5035048099308,https://www.setin.fr/lame-metal-titanium-pour-multi-cutter-a2293.html
DT20701-QZ,,Lame bois Dewalt - Lame de scie BIM - bois dur - Bois dur/exotique - Plaques plâtre - PVC - 67 - 30,23.82,67,Bois dur/exotique - Plaques plâtre - PVC,DT20703-QZ,,`DEW274,`5035048099261,https://www.setin.fr/lame-bois-dewalt-a2291.html
DT20701-QZ,,Lame bois Dewalt - Lame de scie BIM - rapide - Bois - Plaque plâtre - PVC - 43 - 30,17.70,43,Bois - Plaque plâtre - PVC,DT20704-QZ,,`DEW274,`5035048099278,https://www.setin.fr/lame-bois-dewalt-a2291.html
DT20701-QZ,,Lame bois Dewalt - Lame de scie BIM - rapide - Bois - Plaque plâtre - PVC - 43 - 65,22.14,43,Bois - Plaque plâtre - PVC,DT20705-QZ,,`DEW274,`5035048099285,https://www.setin.fr/lame-bois-dewalt-a2291.html
DT20701-QZ,,Lame bois Dewalt - Lame de scie BIM - coupe de détail - Bois - Plaque plâtre - PVC - 43 - 10,19.15,43,Bois - Plaque plâtre - PVC,DT20706-QZ,,`DEW274,`5035048099292,https://www.setin.fr/lame-bois-dewalt-a2291.html
DT20701-QZ,,Lame bois Dewalt - Lame de scie BIM - bois avec clous - Bois clouté - Plaques plâtre - PVC - 43 - 30,21.23,43,Bois clouté - Plaques plâtre - PVC,DT20701-QZ,,`DEW274,`5035048099247,https://www.setin.fr/lame-bois-dewalt-a2291.html
DT20701-QZ,,Lame bois Dewalt - Lame de scie Titanium - bois avec clous - Bois clouté - Plaques plâtre - PVC - 55 - 44,36.86,55,Bois clouté - Plaques plâtre - PVC,DT20702-QZ,,`DEW274,`5035048099254,https://www.setin.fr/lame-bois-dewalt-a2291.html
DT20701-QZ,,Lame bois Dewalt - Lame segment BIM - bois - Bois clouté - Plaques plâtre - PVC - 100 - 100,23.60,100,Bois clouté - Plaques plâtre - PVC,DT20708-QZ,,`DEW274,`5035048099315,https://www.setin.fr/lame-bois-dewalt-a2291.html
DT20701-QZ,,Lame bois Dewalt - Lame segment Titanium à moyeu déporté - bois - Bois clouté - Plaques plâtre - PVC - 100 - 100,36.89,100,Bois clouté - Plaques plâtre - PVC,DT20711-QZ,,`DEW274,`5035048099346,https://www.setin.fr/lame-bois-dewalt-a2291.html
65033,,GOND PAUMELLE BBB PH.NOIR HT300 GCH 625033,38.66,300,,J625033,,`AT5289,`3479046250330,https://www.setin.fr/ferrure-de-volet-et-portail-gond-paumelle-bbb-phnoir-a22108.html
65033,,GOND PAUMELLE BBB PH.NOIR HT300 DTE 625032,38.66,300,,J625032,,`AT5289,`3479046250323,https://www.setin.fr/ferrure-de-volet-et-portail-gond-paumelle-bbb-phnoir-a22108.html
65033,,GOND PAUMELLE BBB PH.NOIR HT400 GCH 625037,47.79,400,,J625037,,`AT5289,`3479046250378,https://www.setin.fr/ferrure-de-volet-et-portail-gond-paumelle-bbb-phnoir-a22108.html
65033,,GOND PAUMELLE BBB PH.NOIR HT500 DTE 625038 PHORETIQUE NOIR,114.39,500,,J625038,,`AT5289,`3479046250385,https://www.setin.fr/ferrure-de-volet-et-portail-gond-paumelle-bbb-phnoir-a22108.html
65033,,GOND PAUMELLE BBB PH.NOIR HT500 GCH 625039,114.39,500,,J625039,,`AT5289,`3479046250392,https://www.setin.fr/ferrure-de-volet-et-portail-gond-paumelle-bbb-phnoir-a22108.html
51891,,Galvinox - 5891 - ITW Spraytec,35.47,,,5891,,`ITW082,`3429970058915,https://www.setin.fr/peinture-et-anti-rouille-galvinox-5891-a11334.html
89130,,CHEVILLE A FRAP.  HIT 5X 25 EP.5MM,0.26,25,Nylon,050116,,`SPI063,`3439510501160,https://www.setin.fr/cheville-hit-m-spit-a3410.html
89130,,CHEVILLE HIT M 5-0/25 BIDON 400,102.17,25,Nylon,055701,,`SPI063,`3439510557013,https://www.setin.fr/cheville-hit-m-spit-a3410.html
89130,,CHEVILLE HIT M 5X25/5P BIDON/1000,162.89,25,Nylon,55703,,`SPI063,`3439510557037,https://www.setin.fr/cheville-hit-m-spit-a3410.html
89130,,CHEVILLE A FRAP.  HIT 5X 35 EP.15MM,0.30,35,Nylon,050117,,`SPI063,`3439510501177,https://www.setin.fr/cheville-hit-m-spit-a3410.html
89010,,Fermeture Antipanique de type A : Norme NF 1125 + NFQEC - JPM - 1 point latéral - Argent,478.13,,,890100-01-2Z,,`JPM051,`3129500205542,https://www.setin.fr/fermeture-anti-panique-jpm-fermeture-antipanique-de-type-a-conforme-a-la-norme-nf-1125-nfqec-a8066.html
89130,,CHEVILLE A FRAP.  HIT 6X 30 EP.5MM,0.27,30,Nylon,050118,,`SPI063,`3439510501184,https://www.setin.fr/cheville-hit-m-spit-a3410.html
89010,,Fermeture Antipanique de type A : Norme NF 1125 + NFQEC - JPM - 1 point latéral - Blanc,394.20,,,890100-68-2Z,,`JPM051,`3129500436618,https://www.setin.fr/fermeture-anti-panique-jpm-fermeture-antipanique-de-type-a-conforme-a-la-norme-nf-1125-nfqec-a8066.html
89130,,CHEVILLE HIT M 6-0/31 BIDON 250,67.85,30,Nylon,055702,,`SPI063,`3439510557020,https://www.setin.fr/cheville-hit-m-spit-a3410.html
89010,,Fermeture Antipanique de type A : Norme NF 1125 + NFQEC - JPM - 1 point latéral - Noir,478.13,,,890100-02-2Z,,`JPM051,`3129500205566,https://www.setin.fr/fermeture-anti-panique-jpm-fermeture-antipanique-de-type-a-conforme-a-la-norme-nf-1125-nfqec-a8066.html
89130,,CHEVILLE HIT M 6X30/5P BIDON/1000,173.17,30,Nylon,55704,,`SPI063,`3439510557044,https://www.setin.fr/cheville-hit-m-spit-a3410.html
89010,,Fermeture Antipanique de type A : Norme NF 1125 + NFQEC - JPM - 2 points haut et bas - Argent,651.69,,,890200-01-0Z,,`JPM051,`3129500205771,https://www.setin.fr/fermeture-anti-panique-jpm-fermeture-antipanique-de-type-a-conforme-a-la-norme-nf-1125-nfqec-a8066.html
89130,,CHEVILLE A FRAP.  HIT 6X 37 EP.12MM,0.35,37,Nylon,050119,,`SPI063,`3439510501191,https://www.setin.fr/cheville-hit-m-spit-a3410.html
89010,,Fermeture Antipanique de type A : Norme NF 1125 + NFQEC - JPM - 2 points haut et bas - Blanc,651.69,,,890200-68-0Z,,`JPM051,`3129500436632,https://www.setin.fr/fermeture-anti-panique-jpm-fermeture-antipanique-de-type-a-conforme-a-la-norme-nf-1125-nfqec-a8066.html
89130,,CHEVILLE A FRAP.  HIT 6X 50 EP.25MM,0.39,50,Nylon,050121,,`SPI063,`3439510501214,https://www.setin.fr/cheville-hit-m-spit-a3410.html
89010,,Fermeture Antipanique de type A : Norme NF 1125 + NFQEC - JPM - 3 points : 1 latéral - 1 haut - 1 bas - Argent,671.51,,,890300-01-2Z,,`JPM051,`3129500205993,https://www.setin.fr/fermeture-anti-panique-jpm-fermeture-antipanique-de-type-a-conforme-a-la-norme-nf-1125-nfqec-a8066.html
89130,,CHEVILLE A FRAP.  HIT 6X 65 EP.40MM,0.47,65,Nylon,050122,,`SPI063,`3439510501221,https://www.setin.fr/cheville-hit-m-spit-a3410.html
89010,,Fermeture Antipanique de type A : Norme NF 1125 + NFQEC - JPM - 3 points : 1 latéral - 1 haut - 1 bas - Blanc,671.51,,,890300-68-2Z,,`JPM051,`3129500436656,https://www.setin.fr/fermeture-anti-panique-jpm-fermeture-antipanique-de-type-a-conforme-a-la-norme-nf-1125-nfqec-a8066.html
89130,,CHEVILLE A FRAP.  HIT 8X 40 EP.10MM 8X40/10P,0.50,40,Nylon,060090,,`SPI063,`3439510600900,https://www.setin.fr/cheville-hit-m-spit-a3410.html
89010,,Fermeture Antipanique de type A : Norme NF 1125 + NFQEC - JPM - 3 points : 1 latéral - 1 haut - 1 bas - Noir,814.48,,,890300-02-2Z,,`JPM051,`3129500206013,https://www.setin.fr/fermeture-anti-panique-jpm-fermeture-antipanique-de-type-a-conforme-a-la-norme-nf-1125-nfqec-a8066.html
89130,,CHEVILLE A FRAP.  HIT 8X 60 EP.30MM,0.63,60,Nylon,060091,,`SPI063,`3439510600917,https://www.setin.fr/cheville-hit-m-spit-a3410.html
89130,,CHEVILLE A FRAP.  HIT 8X 90 EP.60MM,0.74,90,Nylon,060092,,`SPI063,`3439510600924,https://www.setin.fr/cheville-hit-m-spit-a3410.html
89130,,CHEVILLE A FRAP.  HIT 8X110 EP.80MM,1.00,110,Nylon,060093,,`SPI063,`3439510600931,https://www.setin.fr/cheville-hit-m-spit-a3410.html
89130,,CHEVILLE A FRAPPER TF 8X130 EP100MM,1.20,130,Nylon,060094,,`SPI063,`3439510600948,https://www.setin.fr/cheville-hit-m-spit-a3410.html
89130,,CHEVILLE A FRAPPER TF 8X180 EP100MM,14.01,180,Nylon,057602,,`SPI063,`3439510576021,https://www.setin.fr/cheville-hit-m-spit-a3410.html
89130,,BIDON 1000 CHEVILLES HIT M 5-0/25 5 FORETS 5X110 OFFERTS,212.42,27,Nylon,055709,,`SPI063,`3439510557099,https://www.setin.fr/cheville-hit-m-spit-a3410.html
89130,,BIDON 1000 CHEVILLES HIT M 6-0/31 5 FORETS 6X110 OFFERTS,225.88,32,Nylon,055708,,`SPI063,`3439510557082,https://www.setin.fr/cheville-hit-m-spit-a3410.html
201 100,,VENTOUSE ELECTRO-MAGNETIQUE TV201 48V - ARGENT,1184.02,Dimensions (L x H x P) : 190 x 58 x 80 mm.,,4500000021201,,`DOR091,,https://www.setin.fr/verrouillage-tv-100-et-tv-201-a308.html
201 100,,VENTOUSE ELECTRO-MAGNETIQUE TV201 24V - ARGENT,1371.75,Dimensions (L x H x P) : 190 x 58 x 87 mm.,,4500000022201,,`DOR091,`4021226850633,https://www.setin.fr/verrouillage-tv-100-et-tv-201-a308.html
5422302512,,Disque Abranet Mirka - ø 125 mm - boite de 50 - 80,1.23,ø 125 mm - boite de 50,Bois|Métaux ferreux|Métaux non ferreux|Plastique|Composite|Plâtre|Enduit|Carrosserie|Matières naturelles / pierre|Peinture,5423205080,,`MIR002,,https://www.setin.fr/disque-abranet-mirka-a7661.html
5422302512,,Disque Abranet Mirka - ø 125 mm - boite de 50 - 100,1.23,ø 125 mm - boite de 50,Bois|Métaux ferreux|Métaux non ferreux|Plastique|Composite|Plâtre|Enduit|Carrosserie|Matières naturelles / pierre|Peinture,5423205010,,`MIR002,,https://www.setin.fr/disque-abranet-mirka-a7661.html
5422302512,,Disque Abranet Mirka - ø 125 mm - boite de 50 - 120,1.23,ø 125 mm - boite de 50,Bois|Métaux ferreux|Métaux non ferreux|Plastique|Composite|Plâtre|Enduit|Carrosserie|Matières naturelles / pierre|Peinture,5423205012,,`MIR002,,https://www.setin.fr/disque-abranet-mirka-a7661.html
5422302512,,Disque Abranet Mirka - ø 125 mm - boite de 50 - 150,1.23,ø 125 mm - boite de 50,Bois|Métaux ferreux|Métaux non ferreux|Plastique|Composite|Plâtre|Enduit|Carrosserie|Matières naturelles / pierre|Peinture,5423205015,,`MIR002,,https://www.setin.fr/disque-abranet-mirka-a7661.html
5422302512,,Disque Abranet Mirka - ø 125 mm - boite de 50 - 180,1.23,ø 125 mm - boite de 50,Bois|Métaux ferreux|Métaux non ferreux|Plastique|Composite|Plâtre|Enduit|Carrosserie|Matières naturelles / pierre|Peinture,5423205018,,`MIR002,,https://www.setin.fr/disque-abranet-mirka-a7661.html
5422302512,,Disque Abranet Mirka - ø 125 mm - boite de 50 - 240,1.23,ø 125 mm - boite de 50,Bois|Métaux ferreux|Métaux non ferreux|Plastique|Composite|Plâtre|Enduit|Carrosserie|Matières naturelles / pierre|Peinture,5423205025,,`MIR002,,https://www.setin.fr/disque-abranet-mirka-a7661.html
5422302512,,Disque Abranet Mirka - ø 150 mm - boîte de 50 - 80,1.63,ø 150 mm - boîte de 50,Bois|Métaux ferreux|Métaux non ferreux|Plastique|Composite|Plâtre|Enduit|Carrosserie|Matières naturelles / pierre|Peinture,5424105080,,`MIR002,,https://www.setin.fr/disque-abranet-mirka-a7661.html
5422302512,,Disque Abranet Mirka - ø 150 mm - boîte de 50 - 100,1.33,ø 150 mm - boîte de 50,Bois|Métaux ferreux|Métaux non ferreux|Plastique|Composite|Plâtre|Enduit|Carrosserie|Matières naturelles / pierre|Peinture,5424105010,,`MIR002,,https://www.setin.fr/disque-abranet-mirka-a7661.html
5422302512,,Disque Abranet Mirka - ø 150 mm - boîte de 50 - 120,1.36,ø 150 mm - boîte de 50,Bois|Métaux ferreux|Métaux non ferreux|Plastique|Composite|Plâtre|Enduit|Carrosserie|Matières naturelles / pierre|Peinture,5424105012,,`MIR002,`6416868662702,https://www.setin.fr/disque-abranet-mirka-a7661.html
5422302512,,Disque Abranet Mirka - ø 150 mm - boîte de 50 - 150,1.33,ø 150 mm - boîte de 50,Bois|Métaux ferreux|Métaux non ferreux|Plastique|Composite|Plâtre|Enduit|Carrosserie|Matières naturelles / pierre|Peinture,5424105015,,`MIR002,,https://www.setin.fr/disque-abranet-mirka-a7661.html
5422302512,,Disque Abranet Mirka - ø 150 mm - boîte de 50 - 180,1.33,ø 150 mm - boîte de 50,Bois|Métaux ferreux|Métaux non ferreux|Plastique|Composite|Plâtre|Enduit|Carrosserie|Matières naturelles / pierre|Peinture,5424105018,,`MIR002,,https://www.setin.fr/disque-abranet-mirka-a7661.html
5422302512,,Disque Abranet Mirka - 240,1.33,,Bois|Métaux ferreux|Métaux non ferreux|Plastique|Composite|Plâtre|Enduit|Carrosserie|Matières naturelles / pierre|Peinture,5424105025,,`MIR002,,https://www.setin.fr/disque-abranet-mirka-a7661.html
5422302512,,Disque Abranet Mirka - ø 150 mm - boîte de 50 - 320,1.36,ø 150 mm - boîte de 50,Bois|Métaux ferreux|Métaux non ferreux|Plastique|Composite|Plâtre|Enduit|Carrosserie|Matières naturelles / pierre|Peinture,5424105032,,`MIR002,,https://www.setin.fr/disque-abranet-mirka-a7661.html
5422302512,,Disque Abranet Mirka - ø 150 mm - boîte de 50 - 360,1.70,ø 150 mm - boîte de 50,Bois|Métaux ferreux|Métaux non ferreux|Plastique|Composite|Plâtre|Enduit|Carrosserie|Matières naturelles / pierre|Peinture,5424105037,,`MIR002,`6416868676235,https://www.setin.fr/disque-abranet-mirka-a7661.html
5422302512,,Disque Abranet Mirka - ø 150 mm - boîte de 50 - 400,1.36,ø 150 mm - boîte de 50,Bois|Métaux ferreux|Métaux non ferreux|Plastique|Composite|Plâtre|Enduit|Carrosserie|Matières naturelles / pierre|Peinture,5424105041,,`MIR002,,https://www.setin.fr/disque-abranet-mirka-a7661.html
5422302512,,Disque Abranet Mirka - ø 150 mm - boîte de 50 - 600,1.23,ø 150 mm - boîte de 50,Bois|Métaux ferreux|Métaux non ferreux|Plastique|Composite|Plâtre|Enduit|Carrosserie|Matières naturelles / pierre|Peinture,5424105061,,`MIR002,,https://www.setin.fr/disque-abranet-mirka-a7661.html
5422302512,,Disque Abranet Mirka - ø 150 mm - boîte de 50 - 1000,1.69,ø 150 mm - boîte de 50,Bois|Métaux ferreux|Métaux non ferreux|Plastique|Composite|Plâtre|Enduit|Carrosserie|Matières naturelles / pierre|Peinture,5424105092,,`MIR002,,https://www.setin.fr/disque-abranet-mirka-a7661.html
5422302512,,Disque Abranet Mirka - ø 175 mm - boîte de 50 - 80,1.60,ø 175 mm - boîte de 50,Bois|Métaux ferreux|Métaux non ferreux|Plastique|Composite|Plâtre|Enduit|Carrosserie|Matières naturelles / pierre|Peinture,5422705080,,`MIR002,,https://www.setin.fr/disque-abranet-mirka-a7661.html
5422302512,,Disque Abranet Mirka - ø 175 mm - boîte de 50 - 120,1.50,ø 175 mm - boîte de 50,Bois|Métaux ferreux|Métaux non ferreux|Plastique|Composite|Plâtre|Enduit|Carrosserie|Matières naturelles / pierre|Peinture,5422705012,,`MIR002,,https://www.setin.fr/disque-abranet-mirka-a7661.html
5422302512,,Disque Abranet Mirka - ø 175 mm - boîte de 50 - 180,1.50,ø 175 mm - boîte de 50,Bois|Métaux ferreux|Métaux non ferreux|Plastique|Composite|Plâtre|Enduit|Carrosserie|Matières naturelles / pierre|Peinture,5422705018,,`MIR002,,https://www.setin.fr/disque-abranet-mirka-a7661.html
5422302512,,Disque Abranet Mirka - ø 175 mm - boîte de 50 - 240,1.50,ø 175 mm - boîte de 50,Bois|Métaux ferreux|Métaux non ferreux|Plastique|Composite|Plâtre|Enduit|Carrosserie|Matières naturelles / pierre|Peinture,5422705025,,`MIR002,,https://www.setin.fr/disque-abranet-mirka-a7661.html
5422302512,,Disque Abranet Mirka - ø 225 mm - boîte de 25 - 80,2.83,ø 225 mm - boîte de 25,Bois|Métaux ferreux|Métaux non ferreux|Plastique|Composite|Plâtre|Enduit|Carrosserie|Matières naturelles / pierre|Peinture,5422302580,,`MIR002,,https://www.setin.fr/disque-abranet-mirka-a7661.html
5422302512,,Disque Abranet Mirka - ø 225 mm - boîte de 25 - 100,2.59,ø 225 mm - boîte de 25,Bois|Métaux ferreux|Métaux non ferreux|Plastique|Composite|Plâtre|Enduit|Carrosserie|Matières naturelles / pierre|Peinture,5422302510,,`MIR002,,https://www.setin.fr/disque-abranet-mirka-a7661.html
5422302512,,Disque Abranet Mirka - ø 225 mm - boîte de 25 - 120,2.71,ø 225 mm - boîte de 25,Bois|Métaux ferreux|Métaux non ferreux|Plastique|Composite|Plâtre|Enduit|Carrosserie|Matières naturelles / pierre|Peinture,5422302512,,`MIR002,,https://www.setin.fr/disque-abranet-mirka-a7661.html
5422302512,,Disque Abranet Mirka - ø 225 mm - boîte de 25 - 150,2.59,ø 225 mm - boîte de 25,Bois|Métaux ferreux|Métaux non ferreux|Plastique|Composite|Plâtre|Enduit|Carrosserie|Matières naturelles / pierre|Peinture,5422302515,,`MIR002,,https://www.setin.fr/disque-abranet-mirka-a7661.html
5422302512,,Disque Abranet Mirka - ø 225 mm - boîte de 25 - 180,2.71,ø 225 mm - boîte de 25,Bois|Métaux ferreux|Métaux non ferreux|Plastique|Composite|Plâtre|Enduit|Carrosserie|Matières naturelles / pierre|Peinture,5422302518,,`MIR002,,https://www.setin.fr/disque-abranet-mirka-a7661.html
5422302512,,Disque Abranet Mirka - ø 225 mm - boîte de 25 - 240,2.71,ø 225 mm - boîte de 25,Bois|Métaux ferreux|Métaux non ferreux|Plastique|Composite|Plâtre|Enduit|Carrosserie|Matières naturelles / pierre|Peinture,5422302525,,`MIR002,,https://www.setin.fr/disque-abranet-mirka-a7661.html
5422302512,,Disque Abranet Mirka - ø 225 mm - boîte de 25 - 320,2.59,ø 225 mm - boîte de 25,Bois|Métaux ferreux|Métaux non ferreux|Plastique|Composite|Plâtre|Enduit|Carrosserie|Matières naturelles / pierre|Peinture,5422302532,,`MIR002,,https://www.setin.fr/disque-abranet-mirka-a7661.html
