Product URL,Item ID,Product ID,Brand Name,Product Name,Regular Price,Special Price,Short Description,Long Description,Product Information,Directions,Ingredients,SKU,Image URLs
https://www.chemistwarehouse.com.au/buy/87324/curash-babycare-simply-water-wipes-6-x-80,87324, 2678514,Curash,Curash Babycare Simply Water Wipes 6 x 80,27.20,15.64,,"Curash Babycare Simply Water Wipes 6 x 80
Baby Skin Experts
Suitable For:  For sensitive skin

Boxed Contents:  6 x 80 Value Pack (Super Thick Wipes)

Size:  480 Pack

Fragrance Free?:  Yes

Dermatologist Tested?:  Yes

Soap-Free?:  Yes

Hypo Allergenic?:  Yes

Ph Balanced?:  Yes

Skin Type:  Sensitive

Alcohol Free?:  Yes

KEY FEATURES
• Helps Protect Against Nappy Rash
• 99% Water for the most Sensitive Skin
• Ideal for Newborns
• Irritant Free
• Dermatologically Tested
• Soap Free
• Alcohol Free & pH Balanced
• Super Thick & Cushion Soft",,Do not flush. Dispose of thoughtfully.,"Water, Polysorbate 20, Phenoxyethanol, Caprylyl Glycol.",87324,"https://static.chemistwarehouse.com.au/ams/media/pi/87324/2DF_800.jpg,https://static.chemistwarehouse.com.au/ams/media/pi/87324/2DB_800.jpg,https://static.chemistwarehouse.com.au/ams/media/pi/87324/ADD3_800.jpg,https://static.chemistwarehouse.com.au/ams/media/pi/87324/ADD7_800.jpg,https://static.chemistwarehouse.com.au/ams/media/pi/87324/ADD8_800.jpg,https://static.chemistwarehouse.com.au/ams/media/pi/87324/ADD9_800.jpg,https://static.chemistwarehouse.com.au/ams/media/pi/87324/ADD10_800.jpg"
https://www.chemistwarehouse.com.au/buy/99977/little-innoscents-5-starter-pack-30ml,99977, 2692357,Little Innoscents,Little Innoscents 5 Starter Pack 30ml,19.99,10.00,,"Mixed pack of 5 x 30 ml tubes of the favourite Little Innoscents Certified Organic & Natural Skincare range, scented with beautiful essential oils for baby, mother & child

      
Warnings

      
Full details available on each individual products page",,Use each product as per instruction on individual packs,Full details available on each individual products page,99977,https://static.chemistwarehouse.com.au/ams/media/pi/99977/F2D_800.jpg
https://www.chemistwarehouse.com.au/buy/76993/curash-babycare-fragrance-free-wipes-6-x-80,76993, 2658570,Curash,Curash Babycare Fragrance Free Wipes 6 x 80,22.90,13.03,,"Curash Babycare Fragrance Free Wipes 6 x 80
Baby Skin Experts
Suitable For:  For sensitive Skin

Boxed Contents:  6 x 80 Value Pack (Super Thick Wipes)

Size:  480 Pack

Fragrance Free?:  Yes

Dermatologist Tested?:  Yes

Soap-Free?:  Yes

Ph Balanced?:  Yes

Skin Type:  Sensitive

Alcohol Free?:  Yes

KEY FEATURES
• Helps Protect Against Nappy Rash
• Ideal for Newborns
• Irritant Free
• Soap Free
• Alcohol Free & pH Balanced
• Super Thick & Cushion Soft",,Do not flush. Dispose of thoughtfully.,"Water, Propylene Glycol, Phenoxyethanol, Potassium Sorbate, Sodium Benzoate, Aloe Barbadensis Leaf Juice, Chamomilla Recutita Flower Extract, Vitamin E, Citric Acid, Polysorbate 20.",76993,"https://static.chemistwarehouse.com.au/ams/media/pi/76993/3DF_800.jpg,https://static.chemistwarehouse.com.au/ams/media/pi/76993/2DF_800.jpg,https://static.chemistwarehouse.com.au/ams/media/pi/76993/2DB_800.jpg,https://static.chemistwarehouse.com.au/ams/media/pi/76993/ADD5_800.jpg,https://static.chemistwarehouse.com.au/ams/media/pi/76993/ADD7_800.jpg,https://static.chemistwarehouse.com.au/ams/media/pi/76993/ADD8_800.jpg,https://static.chemistwarehouse.com.au/ams/media/pi/76993/ADD9_800.jpg,https://static.chemistwarehouse.com.au/ams/media/pi/76993/ADD10_800.jpg"
https://www.chemistwarehouse.com.au/buy/81818/pediasure-ready-to-drink-vanilla-200ml,81818, 2669140,Pediasure,Pediasure Ready To Drink Vanilla 200ml,3.49,,"Complete, balanced nutrition for children aged 1 to 10 years1

•  For children with fussy eating behaviours or who need extra nutrition

•  Supported by over 25 clinical studies2

28 essential vitamins and minerals to help meet nutritional requirements1

Vitamins A, D, C and Zinc are antioxidants to help support immunity1,3-5

Protein to support growth and development1,6-8

Iron and Zinc which help to support a healthy appetite1,9-11

Supports the immune system3-5

Supports growth, including bone and muscle development6-8

2 daily serves helps improve appetite in 4 weeks*1,6

PediaSure® Liquid is Fibre-free1

Ready to drink

Mix into favourite recipes

Food for Special Medical Purposes. Use under medical supervision.*Study was conducted using PediaSure Powder, in children at nutritional risk, when given in conjunction with dietary counselling.6†Please note when cooking with or freezing PediaSure, there may be minor losses of some nutrients.References: 1. PediaSure Ready to Drink (Vanilla) product label. 2. Abbott Nutrition. Data on File (CCD). 3. Ross AC. Am J Clin Nutr 2012 96(suppl):1166S-72S. 4. Peelen E, et al. Autoimmun Rev 2011 10(12):733-43. 5. Maggini S, et al. J Int Med Res 2010 38:386-414. 6. Huynh DTT, et al. J Hum Nutr Diet 2015 28(6):623-35. 7. Huynh DT, et al. J Nutr Sci 2016 5:e20. 8. National Health and Medical Research Council, Australian Government Department of Health Ageing, New Zealand Ministry of Health, Nutrient Reference Values for Australia and New Zealand. Canberra: National Health and Medical Research Council. (2006). 9. Kusumastuti AC, et al. J Indones Biomed 2018 10(2):133-9. 10. Stoltzfus RJ, et al. J Nutr 2004 134: 348-356. 11. Krebs NF, et al. Am J Dis Child 1984 138: 270-273.","PediaSure Ready to Drink 200mL provides complete, balanced nutrition specially formulated for children 1 to 10 years of age.
Pediasure ready-to-drink packs is ideal for children whose nutrient needs to be increased or who may be undernourished due to illness or poor appetite.
- Kids love the great taste, which means less fuss, less stress and less worry for you.
- 28 essential vitamins and minerals
- Complete, balanced nutrition for children aged 1-10 years
- Unique blend of ingredients backed by science and is the perfect addition to any lunch box
- Fibre-free
Suitable For:  PediaSure is suitable for children aged 1-10 years:
• whose patterns of growth are below those of their age group
• whose caloric and nutrient requirements are increased due to a medical condition
• who are undernourished or have decreased food intake due to illness or diminished appetite

Size:  200ml

KEY FEATURES
• 28 essential vitamins and minerals to help meet nutritional requirements
• Vitamins A, D, C and Zinc are antioxidants to help support immunity
• Protein to support growth and development
• Iron and Zinc which help to support a healthy appetite

      
Warnings

      
Food for Special Medical Purposes. Use under medical supervision. 
Ask your healthcare professional for guidance regarding your child's specific nutritional needs. PediaSure can be used as a nutritional supplement with or between meals or as a sole source of nutrition. Not for Parenteral use. Not for use in children with galactosaemia. 
Should not be used in children under 1 year of age",,"Ready to serve. SHAKE WELL. 
Open immediately prior to use. Once opened, cover and place in a refrigerator, discarding unused feed after 24 hours. 
PediaSure is best served chilled","Water, maltodextrin, sucrose, high oleic sunflower oil, milk protein isolate, soy oil, MCT oil, sodium caseinate, MINERALS (sodium citrate, magnesium chloride, potassium chloride, potassium phosphate dibasic, potassium citrate, calcium phosphate tribasic, ferrous sulphate, zinc sulphate, cupric sulphate, manganese sulphate, sodium fluoride, potassium iodide, sodium molybdate, chromium chloride, sodium selenite), flavouring, whey protein concentrate, emulsifiers (471, 322), VITAMINS (choline bitartrate, ascorbic acid, dl-alpha tocopheryl acetate, niacinamide, calcium pantothenate, riboflavin, thiamin hydrochloride, Vitamin A palmitate, pyridoxine hydrochloride, folic acid, biotin, phylloquinone, Vitamin D3, cyanocobalamin), stabiliser (415), m-inositol, taurine, L-carnitine. May contain: magnesium sulphate, sodium chloride.
Contains soy, milk",81818,https://static.chemistwarehouse.com.au/ams/media/pi/81818/2DF_800.jpg
https://www.chemistwarehouse.com.au/buy/90965/malarkey-chew-cube-grey-online-only,90965, 2683470,Malarkey,Malarkey Chew Cube Grey Online Only,21.99,19.99,,,,,,90965,https://static.chemistwarehouse.com.au/ams/media/pi/90965/F2D_800.jpg
https://www.chemistwarehouse.com.au/buy/119888/mum-mum-plant-based-strawberry-rice-rusks-36g,119888, 2710152,MumMum,Mum-Mum Plant Based Strawberry Rice Rusks 36g,3.85,1.99,,"Mum Mum Plant Based Rice Rusks are ideal as one of the first foods for your baby because of the low allergen characteristics and texture to sooth tender gums.  Made with natural ingredients, it also includes chickpeas for added protein, which can assist with growth and muscle development.


      
Warnings

      
Baby should be supervised while feeding",,,"Organic rice flour(66%), organic tapioca starch, organic apple juice, chickpea powder(3.6%), organic strawberry powder(1.8%),natural strawberry flavour.

",119888,https://static.chemistwarehouse.com.au/ams/media/pi/119888/F2D_800.jpg
https://www.chemistwarehouse.com.au/buy/130020/pigeon-softouch-teat-m-2-pack,130020, 2715314,Pigeon,Pigeon SofTouch Teat M 2 Pack,15.95,11.96,,"Backed by over 60 years of research into baby’s natural sucking behaviour, the new upgraded Pigeon SofTouch nipples launched in 2022 come with research-based latch-on line for appropriate latching, and even softer nipple that is closest to mother’s breast.

Developed to functionally mimic the feeding movements that babies perform when drinking from mum’s breasts, SofTouch Nursing Bottles are crafted to especially support breastfeeding mums to feed their baby from both breast and bottle seamlessly.

Anti-colic with advanced air vent system that minimises swallowed air as baby drinks.

2 x teats of size M, for 3+ months.The opening of the nipple is Y-cut and milk will drip out when there’s pressure on the nipple. This helps babies to control the flow of milk and train their sucking ability as babies at this age have developed a stronger jaw muscle.",,,,130020,https://static.chemistwarehouse.com.au/ams/media/pi/130020/F2D_800.jpg
https://www.chemistwarehouse.com.au/buy/63863/pigeon-flexible-peristaltic-ppsu-bottle%C2%A0240ml,63863, 2618010,Pigeon,Pigeon Flexible Peristaltic PPSU Bottle 240ml,24.95,17.21,,,,,,63863,https://static.chemistwarehouse.com.au/ams/media/pi/63863/F2D_800.jpg
https://www.chemistwarehouse.com.au/buy/116390/jack-n-jill-baby-wash-300ml,116390, 2705942,Jack  Jill,Jack N Jill Baby Wash  300ml,12.95,6.47,,"Jack N' Jill Baby Wash has been dermatologically tested and crafted to be mild and safe for the whole family. Naturally unscented and gently cleansing, it is ideal for sensitive skin. Our uncompromising formulation uses Quinoa Seed Extract, Quillaja Saponaria Bark Extract & Pro Vitamin B5 for hydrating and nourishing  the skin.

      
Warnings

      
For external use only. Avoid contact with eyes. We recommend patch testing before use. If any adverse reaction develops stop use and contact your physician. Use only under adult supervision. Store product between 5 -28 Celsius. As with many natural products shifts in color may occur.",,"Wet hair & body with warm water. Gently massage 1-2 pumps over entire body and scalp, then rinse.","Water (Aqua), Lauryl Glucoside, Decyl Glucoside, Glycerin, Sodium Citrate, Gluconolactone, Xanthan Gum, Sodium Benzoate, Sodium Phytate, Citric Acid, Panthenol, Calcium Gluconate, Chenopodium Quinoa (Quinoa) Seed Extract, Quillaja Saponaria Bark Extract
",116390,https://static.chemistwarehouse.com.au/ams/media/pi/116390/F2D_800.jpg
https://www.chemistwarehouse.com.au/buy/114752/nuk-signature-soother-silicone-0-6-months-2-pack,114752, 2705840,Nuk,Nuk Signature Soother Silicone 0-6 Months 2 Pack,12.95,9.71,,"Just look at that little face! it's the unmistakable expression as babies satisfy their innate desire to suck. The NUK Signature Soothers' response to this natural need is still its completely natural NUK shape. The original. It is modelled on the shape of a mothers nipple as she breastfeeds, so it promotes healthy oral development. the nuk signature soother is so flat, thin and narrow that it fits very well into little mouths and leaves the tongue enough space for natural sucking movements. 100% of orthodontists recognise that this is the right shape and confirm that NUK soothers do not cause crooked teeth or jaw misalignment.* But now the ever-popular nuk soother has a wonderful new look, softening the flowing shape of the famous mouth shield heart and giving the charming ring a fashionable update, making that little face look even cuter. Available in a range of sweet designs, these NUK dummies come with a handy carry case that keeps them clean on the go in your handbag, pocket or nappy bag, so they're ready the moment you need them. the plastic case can also be used to sterilize dummies in the microwave. * Independent market research; 50 orthodontists, 50 paediatricians, 50 midwives; germany 2017.

KEY FEATURES
• Receive 2 pacifiers in either Pink or Blue (design not selectable)
• Flowing, heart-shaped mouth shield with star, heart or bubble-shaped openings for a cute look on your little one
• Improved NUK original shape modelled on a mother's nipple while breastfeeding for a natural, satisfying feel
• 100% of orthodontists confirm that NUK Soothers do not cause crooked teeth or jaw misalignment*
• NUK Air System allows air to escape so teat remains soft and flexible in baby's mouth; Promotes the healthy development of teeth and jaw by exercising baby's lips, tongue and facial muscles
• Made in Germany; BPA-free; comes with reusable carry case that can be used in the microwave",,,,114752,"https://static.chemistwarehouse.com.au/ams/media/pi/114752/2DF_800.jpg,https://static.chemistwarehouse.com.au/ams/media/pi/114752/ADD7_800.jpg,https://static.chemistwarehouse.com.au/ams/media/pi/114752/ADD8_800.jpg,https://static.chemistwarehouse.com.au/ams/media/pi/114752/ADD9_800.jpg,https://static.chemistwarehouse.com.au/ams/media/pi/114752/ADD10_800.jpg"
https://www.chemistwarehouse.com.au/buy/120180/bambi-mini-co-dribblebib-beaucoup-blue-stars-and-stripes-reversible-bibs-2-pack,120180, 2710834,Bambi Mini Co,Bambi Mini Co. Dribblebib Beaucoup Blue Stars and Stripes Reversible Bibs 2 Pack,12.99,,"A triple layer of GOTS Certified organic cotton to help protect baby’s delicate skin from excess moisture and messy meal times.

No hidden nasties! Azo free dyes to protect your baby’s sensitive skin.

Exclusive limited-edition designs.

Re-usable packaging for babies bits & bobs.","Includes:

2 x Dazzling Designs of Our Dribble-Ready Organic Cotton Bibs

Snuggle-ready babywear for playtime, sleepytime and wriggle time.

Made from luxuriously soft GOTS certified organic cotton. 
Style: Monster Skate Party
No hidden nasties!
Azo free dyes to protect your baby's sensitive skin.

      
Warnings

      
Low Fire Danger",,"Easy care: 
Machine washable 
Refer to the garment for further care instructions Sustainably made in Indonesia
LOW FIRE DANGER","95% Organic Cotton 5% Spandex 

",120180,https://static.chemistwarehouse.com.au/ams/media/pi/120180/F2D_800.jpg
https://www.chemistwarehouse.com.au/buy/81832/playgro-clip-clop-activity-rattle,81832, 2669238,Playgro,Playgro Clip Clop Activity Rattle,19.99,12.99,,,,,,81832,https://static.chemistwarehouse.com.au/ams/media/pi/81832/F2D_800.jpg
https://www.chemistwarehouse.com.au/buy/86935/malarkey-munch-mitt-teething-mitten-grey,86935, 2677675,Malarkey,Malarkey Munch Mitt Teething Mitten Grey,19.99,17.99,,"The Munch Mitt Teether is a ""handy"" teething solution that prevents the constant dropping of teething toys. It provides easy access pain relief for teething babies who are still learning consistent grip and direction and protects the hands from irritation due to chewing

      
Warnings

      


Not suitable for children over 1 year of age


Travel bag not meant for use by baby


Do not leave baby unsupervised with mitt


Monitor for regular wear/tear and discontinue use if mitt is damaged or worn


Washing Instructions:


Wash regularly to remove saliva from fabric and silicone.


Quick Wash: Hand scrub inside and out with scrub brush,hot water and dish soap, rinse well, ring out and place in dryer on medium cycle.


Machine wash with babies other fabric items. Machine dry on very low/no heat fluff or delicate cycle then air dry if interior is still slightly damp. Do not dry on hot heat or over dry. If mitt becomes damaged please discontinue use and discard.


Do not sterilise in microwave. If dishwasher is used, place on top rack and do not keep it on heat/steam dry cycle - this will damage the mitt.


Do not store damp/wet with saliva or water in an air tight place",,"

Face thumb of silicone towards baby's mouth and place over baby's hand; fasten firmly around baby's wrist or arm.


Flip to use on either right or left hand","

Soft, textured & flexible teething surface made of 100% food-grade silicone, BPA & Phthalate free",86935,https://static.chemistwarehouse.com.au/ams/media/pi/86935/F2D_800.jpg
https://www.chemistwarehouse.com.au/buy/81543/baby-u-dry-wipes-100-pack,81543, 2669046,Baby U,Baby U Dry Wipes 100 Pack,7.99,4.79,"babyU® Dry Wipes are 100% biodegradable and can be used wet or dry, are fragrance free and contain no chemicals. babyU® Dry Wipes are good for the environment and good for baby.","BabyU Dry Wipes are suitable for nappy changing, nappy liners and bathing. 100% Biodegradable soft and thick wipes, Fragrance and Chemical free. Use wet or dry
Average wipe size: 19cm x 19cm
babyU® is a proud partner of The Nappy Collective . The Nappy Collective collect unused leftover nappies for children and families experiencing disadvantage across Australia. To find out more visit https://www.thenappycollective.com/
Suitable For:  Nappy changing, nappy liners and bathing.

Product Claims:  Fragrance and chemical free

Size:  100 Pack

Fragrance Free?:  Yes

      
Warnings

      
Do not flush 
IMPORTANT INFORMATION
  The BabyU Dry Wipes are independently tested to be biodegradable.",,"Remove window and pull out wipes as needed. 
Recyclable Packaging?:  Yes",100% viscose,81543,"https://static.chemistwarehouse.com.au/ams/media/pi/81543/3DF_800.jpg,https://static.chemistwarehouse.com.au/ams/media/pi/81543/2DF_800.jpg,https://static.chemistwarehouse.com.au/ams/media/pi/81543/2DB_800.jpg,https://static.chemistwarehouse.com.au/ams/media/pi/81543/ADD3_800.jpg,https://static.chemistwarehouse.com.au/ams/media/pi/81543/ADD4_800.jpg,https://static.chemistwarehouse.com.au/ams/media/pi/81543/ADD5_800.jpg,https://static.chemistwarehouse.com.au/ams/media/pi/81543/ADD6_800.jpg"
https://www.chemistwarehouse.com.au/buy/5665/johnson-s-classic-scented-baby-powder-600g,5665, 2476777,Johnson  Johnson,Johnsonu0027s Classic Scented Baby Powder 600g,7.00,3.49,"Johnson's BabyPowder: Absorbs excess moisture for silky soft skin. It's a classic. Johnson's baby powder gently absorbs excess moisture to help skin feel comfortable. With a clean, classic scent, this incredibly soft baby powder formula glides over your baby's skin to eliminate friction and leave it feeling delicately soft and dry while providing soothing comfort.Available in: 50g, 100g, 200g, 400g & 600g. Helps eliminate friction. Clean, classic scent. Gentle and mild for your baby's skin. Hypoallergenic

Choose Gentle: At Johnson's we never stop raising the bar when it comes to delivering the best for your baby - that drives everything we do. Guided by our mission to create gentle products backed by science, and our desire to address parents' growing needs - we've improved inside and out.

Johnson's BabyPure Cornstarch & Aloe: Johnson's Baby Powder Pure Cornstarch with Aloe & VitaminE gently absorbs excess moisture to keep skin dry & soft.Johnson's Baby Powder Pure Cornstarch, with it's soft texture, provides soothing protection by absorbing excess wetness from the skin to keep you dry and to help your skin feel smooth and fresh.Available in: 255gHelps eliminate frictionEnriched with Aloe & Vitamin EGentle and mild for your baby's skinHypoallergenic

Choose Gentle: At Johnson's we never stop raising the bar when it comes to delivering the best for your baby - that drives everything we do. Guided by our mission to create gentle products backed by science, and our desire to address parents' growing needs - we've improved inside and out.

Johnson's Baby Powder

For baby, use after every bath and nappy change. For you, use anytime you want skin to feel soft, fresh and comfortable.Shake powder directly into your hand, away from the face, before smoothing onto baby's skin. Close tightly after each use, and store in a cool, dry place.

Johnson's Baby Powder Pure Cornstarch & Aloe

For Baby, change wet and soiled diapers promptly, cleanse the diaper area, and allow to dry. Apply powder liberally as often as necessary, with each diaper change, especially at bedtime or anytime when exposure to wet diapers may be prolonged. Apply powder close to the body away from child's face. Carefully shake the powder into the diaper area or onto the hand and apply to the diaper area. For You, use everyday to help you feel dry, fresh, and comfortable.","Johnson's Baby Powder protects your baby's skin and leaves it soft and smooth. JOHNSON'S baby powder gently absorbs excess moisture to help skin feel comfortable, preventing heat rash and chafing.
We love babies.
And we understand how important it is for you to protect your baby's soft, delicate skin from irritation and to see your baby looking fresh and happy. That's why we designed Johnson's Baby Powder to protect your baby's skin and leave it soft and smooth. Its fragrance and soft texture leaves your baby's skin dry, cool and fresh. Allergy and dermatology tests have proven Johnson's Baby Powder to be mild and gentle.
Johnson's Baby powder absorbs excess moisture for silky soft skin. Johnson's Baby powder absorbs excess moisture for silky soft skin.
-Helps eliminate friction
-Use our baby powder for heat rash and chafing
-Clean, classic baby powder scent
-Clinically proven to be gentle and mild for your baby's sensitive skin
-Dermatologist tested and hypoallergenic baby powder
It's a classic. Johnsons baby powder gently absorbs excess moisture to help skin feel comfortable. With a clean, classic scent, this incredibly soft baby talcum powder formula glides over your baby's skin to eliminate friction and leave it feeling delicately soft and dry while providing soothing comfort. This baby powder is suitable for both adults and babies
Best for baby, best for you.
Mums trust Johnson's. Always Mild & Gentle.


Size:  600g

Fragrance:  Yes: Not applicable

Shelf Life in Days:  1095 days

      
Warnings

      
Keep powder away from child's face to avoid inhalation, which can cause breathing problems. Avoid contact with eyes. For external use only. Do not use on broken skin.",,"1. Shake powder onto your hand before applying to baby's skin.
2. Close tightly after use, store in a cool, dry place. 
USAGE ADVICE
  Use: After bath and nappy change to absorb moisture. 
STORAGE INSTRUCTIONS
  Close tightly after use, store in a cool, dry place.","Talc, Fragrance, [34- 3] 
Active Ingredients:  Not applicable
  
Contains:  Fragrance",5665,"https://static.chemistwarehouse.com.au/ams/media/pi/5665/2DF_800.jpg,https://static.chemistwarehouse.com.au/ams/media/pi/5665/2DB_800.jpg,https://static.chemistwarehouse.com.au/ams/media/pi/5665/ADD3_800.jpg,https://static.chemistwarehouse.com.au/ams/media/pi/5665/ADD8_800.jpg"
