URL,Title,Brand,Rating,Votes Count,Main Accords,Short Description,Long Description,Pros,Cons,Top Notes,Middle Notes,Base Notes,Perfumers,Images
https://www.fragrantica.com/perfume/Lubin/Kismet-40459.html,Kismet Lubin ,Lubin,4.69,13,,Kismet by Lubin is a fragrance for women and men. Kismet was launched in 1921. ,,,,,,,,https://fimgs.net/mdimg/perfume/375x500.40459.jpg
https://www.fragrantica.com/perfume/Chanel/Chanel-No-5-Parfum-28711.html,Chanel No 5 Parfum Chanel ,Chanel,3.69,12953,"powdery, woody, aldehydic, fresh, iris, white floral, musky, earthy, yellow floral, citrus","Chanel No 5 Parfum by Chanel is a Floral Aldehyde fragrance for women. Chanel No 5 Parfum was launched in 1921. The nose behind this fragrance is Ernest Beaux. Top notes are Aldehydes, Ylang-Ylang, Neroli, Bergamot and Lemon; middle notes are Iris, Jasmine, Rose, Orris Root and Lily-of-the-Valley; base notes are Civet, Musk, Amber, Sandalwood, Moss, Vanilla, Vetiver and Patchouli. ","The legendary Chanel No 5, which was created by Ernest Beaux in 1921 for Coco Chanel, was originally launched in three concentrations: Parfum, Eau de Toilette and Eau de Cologne. Chanel No. 5 perfume edition in perfume extract concentration, available in bottles of 7.5 ml.
Chanel N°5 is the first perfume in the floral-aldehyde group and the first by the quantity of aldehydes in its composition (another legend says that the Ernest Beaux's assistant overdosed the aldehydes in the composition by mistake). The top notes are composed of aldehydes, bergamot, lemon, neroli and ylang-ylang, the heart of jasmine, rose, lily of the valley and iris, while the base is created of vetiver, sandalwood, vanilla, amber and patchouli.","Iconic and timeless scent
Sophisticated and formal
Charming and seductive without being vulgar
Comforting and ethereal
Soft, powdery and clean fragrance
High quality and long lasting
Intimate and elegant
Transforms on the skin, revealing new undertones","Some people find it old fashioned or outdated
Not everyone likes the scent
Expensive compared to other fragrances
Not very strong projection or sillage
Not suitable for younger women
Synthetic vibe for some people
Not very versatile for different occasions or seasons
Not as complex or unique as some contemporary fragrances","Aldehydes, Ylang-Ylang, Neroli, Bergamot, Lemon","Iris, Jasmine, Rose, Orris Root, Lily-of-the-Valley","Civet, Musk, Amber, Sandalwood, Moss, Vanilla, Vetiver, Patchouli",Ernest Beaux,https://fimgs.net/mdimg/perfume/375x500.28711.jpg
https://www.fragrantica.com/perfume/The-Crown-Perfumery-Co/Crown-Spiced-Limes-7271.html,Crown Spiced Limes The Crown Perfumery Co. ,The Crown Perfumery Co.,4.40,15,"citrus, aromatic, fresh spicy, green, mossy, earthy, soft spicy, woody, conifer","Crown Spiced Limes by The Crown Perfumery Co. is a Aromatic Spicy fragrance for men. Crown Spiced Limes was launched in 1921. The nose behind this fragrance is William Thomson. Top notes are Lime and Lemon; middle notes are Clary Sage, Basil and Coriander; base notes are Oakmoss and Vetiver. ",,,,"Lime, Lemon","Clary Sage, Basil, Coriander","Oakmoss, Vetiver",William Thomson,https://fimgs.net/mdimg/perfume/375x500.7271.jpg
https://www.fragrantica.com/perfume/L-T-Piver/Safranor-40518.html,Safranor L.T. Piver ,L.T. Piver,4.50,2,"warm spicy, leather",Safranor by L.T. Piver is a fragrance for women and men. Safranor was launched in 1922. ,,,,,,,,https://fimgs.net/mdimg/perfume/375x500.40518.jpg
https://www.fragrantica.com/perfume/Chanel/Les-Exclusifs-de-Chanel-No-22-7142.html,Les Exclusifs de Chanel No 22 Chanel ,Chanel,4.23,1137,"white floral, aldehydic, fresh, yellow floral, woody, soapy, floral, sweet, rose, tuberose","Les Exclusifs de Chanel No 22 by Chanel is a Floral Aldehyde fragrance for women. Les Exclusifs de Chanel No 22 was launched in 1922. The nose behind this fragrance is Ernest Beaux. Top notes are Aldehydes, Neroli and Lily-of-the-Valley; middle notes are Ylang-Ylang, Jasmine, Rose and Tuberose; base notes are Vanille and Vetyver. ","Created for Mademoiselle Chanel, this perfume is named after the year of its birth. 1922. Chanel expressed her affection towards simplicity, clarity and modernity.  Top notes are: lily-of-the-valley, neroli and aldehydes. Tender heart of oriental jasmine, rose and ylang-ylang from Comoro islands is deepened by the notes of the base (Haiti vetiver and Bourbon vanilla). No 22 is intensive, powdery – floral fragrance, refined, sweet and feminine.  It belongs to a luxurious collection Les Exclusifs de Chanel and is available in a 200 ml bottle.","Supremely elegant and unreservedly chic
Effervescent explosion of aldehydes for an hour
Airy and breezy opening with crisp and dusty notes
Bold and cold fragrance
Prettiest and sexiest among Chanel fragrances
Smooth and well-blended
Next level compared to Chanel No.5
Historically important fragrance","Overwhelming aldehyde content
Strong soapiness that some may find unpleasant
May not suit everyone's personal taste
Difficult to discern specific notes due to perfect blending
May not be appropriate for everyday use
Aldehydes overpower other elements like florals
Orange syrupy smell for some individuals
Very sweet and fizzy on the nose","Aldehydes, Neroli, Lily-of-the-Valley","Ylang-Ylang, Jasmine, Rose, Tuberose","Vanille, Vetyver",Ernest Beaux,https://fimgs.net/mdimg/perfume/375x500.7142.jpg
https://www.fragrantica.com/perfume/Caron/Bain-de-Champagne-Royal-Bain-de-Caron-4580.html,Bain de Champagne (Royal Bain de Caron) Caron ,Caron,4.03,676,"amber, balsamic, vanilla, floral, woody, powdery, warm spicy, sweet, rose","Bain de Champagne (Royal Bain de Caron) by Caron is a Amber Floral fragrance for women and men. Bain de Champagne (Royal Bain de Caron) was launched in 1923. The nose behind this fragrance is Ernest Daltroff. Top notes are Lilac and Rose; middle notes are Opoponax, Benzoin and Incense; base notes are Vanilla, Amber, Sandalwood, Musk and Cedar. ",,"Old world charm and nostalgia
Nice nostalgic scent for those who grew up with it
Opoponax, benzoin, incense, sandalwood, and rose create a complex blend
Vintage formulation is richer and smoother
Unisex fragrance
Good for cooler seasons
Not overpowering or cloying
Champagne-like top note adds a unique touch","Powdery notes may not sit well with everyone
Anachronistic and not modern enough for some tastes
Some find it too harsh or synthetic
Blind buys may be disappointing
Not for those who dislike sweet or floral scents
Modern formulation can be too sweet or metallic
Not everyone likes the old-fashioned lilac scent
May be too feminine for some men","Lilac, Rose","Opoponax, Benzoin, Incense","Vanilla, Amber, Sandalwood, Musk, Cedar",Ernest Daltroff,https://fimgs.net/mdimg/perfume/375x500.4580.jpg
https://www.fragrantica.com/perfume/Paglieri/Felce-Azzurra-22615.html,Felce Azzurra Paglieri ,Paglieri,4.42,97,"musky, powdery",Felce Azzurra by Paglieri is a fragrance for women. Felce Azzurra was launched in 1923. ,,,,,,,,https://fimgs.net/mdimg/perfume/375x500.22615.jpg
https://www.fragrantica.com/perfume/Parera/Varon-Dandy-36735.html,Varon Dandy Parera ,Parera,3.73,91,"warm spicy, woody, mossy, amber, earthy, citrus, fresh spicy, aromatic","Varon Dandy by Parera is a Chypre fragrance for men. Varon Dandy was launched in 1923. Top notes are Bergamot, Lemon, Lavender and Petitgrain; middle notes are Carnation, Geranium, Cinnamon, Jasmine, Sandalwood and Cedar; base notes are Oakmoss, Oriental notes, Woody Notes, Patchouli, Benzoin, Amber and Tonka Bean. ",,,,"Bergamot, Lemon, Lavender, Petitgrain","Carnation, Geranium, Cinnamon, Jasmine, Sandalwood, Cedar","Oakmoss, Oriental notes, Woody Notes, Patchouli, Benzoin, Amber, Tonka Bean",,https://fimgs.net/mdimg/perfume/375x500.36735.jpg
https://www.fragrantica.com/perfume/Chanel/Cuir-de-Russie-Parfum-47794.html,Cuir de Russie Parfum Chanel ,Chanel,4.57,157,"leather, aldehydic, sweet, yellow floral, white floral, tobacco, rose, fresh, animalic, floral",Cuir de Russie Parfum by Chanel is a Leather fragrance for women and men. Cuir de Russie Parfum was launched in 1924. The nose behind this fragrance is Ernest Beaux. ,,,,,,,Ernest Beaux,https://fimgs.net/mdimg/perfume/375x500.47794.jpg
https://www.fragrantica.com/perfume/Chanel/Chanel-No-5-Eau-de-Toilette-10856.html,Chanel No 5 Eau de Toilette Chanel ,Chanel,4.02,5239,"woody, powdery, aldehydic, fresh, iris, earthy, white floral, musky, citrus, yellow floral","Chanel No 5 Eau de Toilette by Chanel is a Floral Aldehyde fragrance for women. Chanel No 5 Eau de Toilette was launched in 1924. The nose behind this fragrance is Ernest Beaux. Top notes are Aldehydes, Ylang-Ylang, Neroli, Amalfi Lemon and Bergamot; middle notes are Iris, Jasmine, Rose, Orris Root and Lily-of-the-Valley; base notes are Civetta, Sandalwood, Musk, oak moss, Vetiver, Amber, Vanille and Patchouli. ",,"Well-blended accord of aldehydes, roses, musk, and woods
Classic and timeless fragrance
Suitable for all seasons
High-quality and long-lasting fragrance
Elegant and feminine scent
Perfect for special occasions
Layering options with different No.5 products
Unisex fragrance","May not suit everyone's taste
May be perceived as an old-fashioned scent
Some people may have a negative association with the scent
Expensive price point
Some formulations may have sharp or harsh top notes
May not last long enough for some people
Strong and overpowering for some
Not suitable for everyday wear","Aldehydes, Ylang-Ylang, Neroli, Amalfi Lemon, Bergamot","Iris, Jasmine, Rose, Orris Root, Lily-of-the-Valley","Civetta, Sandalwood, Musk, oak moss, Vetiver, Amber, Vanille, Patchouli",Ernest Beaux,https://fimgs.net/mdimg/perfume/375x500.10856.jpg
https://www.fragrantica.com/perfume/Panama-1924/Panama-17039.html,Panama Panama 1924 ,Panama 1924,4.11,89,"aromatic, lavender, fresh spicy, citrus, tobacco, woody, herbal, warm spicy, sweet, powdery","Panama by Panama 1924 is a Aromatic Fougere fragrance for men. Panama was launched in 1924. Top notes are Lavender, Mandarin Orange, Mint and Lemon; middle notes are Red Thyme, Coriander, Chinese Cinnamon Wood, Cumin and Rose; base note is Sandalwood. ","Panama is a classic men's fragrance that contains notes of citrus, tobacco and vanilla.",,,"Lavender, Mandarin Orange, Mint, Lemon","Red Thyme, Coriander, Chinese Cinnamon Wood, Cumin, Rose",Sandalwood,,https://fimgs.net/mdimg/perfume/375x500.17039.jpg
https://www.fragrantica.com/perfume/Mury-Paris/Le-Narcisse-Bleu-43444.html,Le Narcisse Bleu Mury Paris ,Mury Paris,4.83,6,"yellow floral, green, aromatic","Le Narcisse Bleu by Mury Paris is a Floral fragrance for women and men. Le Narcisse Bleu was launched in 1925. Top notes are Aldehydes, Bergamot, Jasmine and Tuberose; middle notes are Narcissus, Leather, Iris, Patchouli and Vetiver; base notes are Vanilla, Labdanum, Benzoin, Musk and Oakmoss. ",,,,"Aldehydes, Bergamot, Jasmine, Tuberose","Narcissus, Leather, Iris, Patchouli, Vetiver","Vanilla, Labdanum, Benzoin, Musk, Oakmoss",,https://fimgs.net/mdimg/perfume/375x500.43444.jpg
https://www.fragrantica.com/perfume/Guerlain/Shalimar-Eau-de-Toilette-33934.html,Shalimar Eau de Toilette Guerlain ,Guerlain,4.22,2528,"vanilla, powdery, citrus, iris, floral, sweet, aromatic, fresh spicy, violet, amber","Shalimar Eau de Toilette by Guerlain is a Amber fragrance for women. Shalimar Eau de Toilette was launched in 1925. The nose behind this fragrance is Jacques Guerlain. Top notes are Bergamot and Floral Notes; middle notes are Iris, Rose and Jasmine; base notes are Vanilla and Tonka Bean. ",,"Unusual and unique scent
Good lasting power
Sweet vanilla and smoky notes
Comforting and powdery
Feminine and grown-up fragrance
Great for bedtime
Lovely citrus and floral notes
Suitable for any occasion","Not for those who dislike powder scents
May be too powdery for some
Not everyone likes the classic scent
More suitable for women than men
Can be intimidating or sultry
Some find it too feminine or old-fashioned
Too much leather and astringent notes for some
Lacks sweetness or vanilla for some","Bergamot, Floral Notes","Iris, Rose, Jasmine","Vanilla, Tonka Bean",Jacques Guerlain,https://fimgs.net/mdimg/perfume/375x500.33934.jpg
https://www.fragrantica.com/perfume/Oriza-L-Legrand/Horizon-23717.html,Horizon Oriza L. Legrand ,Oriza L. Legrand,4.09,278,"woody, warm spicy, patchouli, amber, sweet, earthy, cacao, tobacco, balsamic, vanilla","Horizon by Oriza L. Legrand is a Amber Fougere fragrance for men. Horizon was launched in 1925. Top notes are Marmalade, Tangerine, Petitgrain and Rose; middle notes are Patchouli, Cacao, Cognac, Tobacco Leaf, Amber, Oak and Almond; base notes are Peat, Benzoin, Vanilla, Leather, White Tobacco, Honey and Ambergris. ","""After World War I, the Roaring Twenties reflect the desire of the exotic and the need also through fashion and decoration. The East and particularly Asia, provide new HORIZONS. The frenzy for exotic travel and encourages artists to transcend the culture of the East in their creations: new silk, fine embroidery, pearl beads, woody scents, heady and sweet ...In the euphoria of the Roaring Twenties, the female body is revealed, it abolished the corset, the flappers open the eyes and smoking languidly. Slumming it in the salons of Paris! The materials, colors, shapes symbolize a new freedom and portend, at the dawn of the Roaring Twenties, the hope of a new HORIZON. At the height of its history and in its own way to celebrate the Roaring Twenties and the International Exhibition of Decorative Arts in 1925, the House Oriza L. Legrand created HORIZON, Amber fragrance for boys and tomboys, fragrance of Precious Woods and Ambergris agreements Tabac Blond and Soft Leather"" - a note from the brand. by  is a Amber Fougere fragrance for men.  was launched in 1925. Top notes are petitgrain, tangerine, marmalade and rose; middle notes are cognac, amber, tobacco leaf, cacao, almond, oak and patchouli; base notes are benzoin, ambergris, white tobacco, vanilla, honey, leather and peat.",,,"Marmalade, Tangerine, Petitgrain, Rose","Patchouli, Cacao, Cognac, Tobacco Leaf, Amber, Oak, Almond","Peat, Benzoin, Vanilla, Leather, White Tobacco, Honey, Ambergris",,https://fimgs.net/mdimg/perfume/375x500.23717.jpg
https://www.fragrantica.com/perfume/L-T-Piver/Fetiche-40524.html,Fétiche L.T. Piver ,L.T. Piver,4.75,4,,Fétiche by L.T. Piver is a fragrance for women and men. Fétiche was launched in 1926. ,,,,,,,,https://fimgs.net/mdimg/perfume/375x500.40524.jpg
https://www.fragrantica.com/perfume/Chanel/Bois-des-Iles-1006.html,Bois des Iles Chanel ,Chanel,4.36,1826,"woody, powdery, amber, aldehydic, iris, fresh, sweet, aromatic, warm spicy, vanilla","Bois des Iles by Chanel is a Amber Woody fragrance for women. Bois des Iles was launched in 1926. The nose behind this fragrance is Ernest Beaux. Top notes are Aldehydes, Coriander, Neroli, Peach, Bergamot and Mandarin Orange; middle notes are Ylang-Ylang, Iris, Orris Root, Jasmine, Rose, Lilac and Lily-of-the-Valley; base notes are Sandalwood, Amber, Benzoin, Tonka Bean, Opoponax, Vanilla, Musk and Vetiver. ","The smell of autumn, forest, odor of great and dark woods... Bois des Iles, or the Island Forests, was created in 1926 by Ernest Beaux, the Russian emigrant and the prime perfumer of the Chanel house. It is said that Beaux created Bois des Iles while he was rapt by Tchaikovsky\'s Queen of Spades, the opera inspired by the Puskin\'s novel about the love and hazard, and that it was his favorite creation.
Traditional masculine woody composition is offered to ladies, but could be tried by men as well. Dry and spicy freshness leads to the floral heart, the light sweetness of which undulates with dry and dark woody notes. At the end, the composition becomes warmer, more comfortable and tame, as if entering into a dark room illuminated by the fireplace flame.
The perfume concentration is richer and sweeter, while eau de toilette is quite lighter, but magnificent. The top notes are composed of aldehydes, bergamot, neroli and peach, the heart composition consists of jasmine, rose, lily of the valley, woody iris and ylang-ylang, and the base of vetiver, sandalwood, benzoin and musk.","Refined and sophisticated scent
A timeless masterpiece
Exquisite, beautiful, evocative fragrance
Gender-neutral or leans towards feminine
Memorable scent
Elevates any outfit
Perfect for special occasions
Long lasting","Might be too expensive for some
Aldehydes may be off-putting to some
Some might find it too powdery or soapy
Difficult to obtain due to reformulations
Not everyone can appreciate the old fashioned vibe
May not live up to expectations from reviews
Might not suit all skin types
Not ideal for everyday wear","Aldehydes, Coriander, Neroli, Peach, Bergamot, Mandarin Orange","Ylang-Ylang, Iris, Orris Root, Jasmine, Rose, Lilac, Lily-of-the-Valley","Sandalwood, Amber, Benzoin, Tonka Bean, Opoponax, Vanilla, Musk, Vetiver",Ernest Beaux,https://fimgs.net/mdimg/perfume/375x500.1006.jpg
