{"SKU": "55700TW", "Type": "", "Size": "", "Color": "Cream", "Options": {"Size": "Cream"}, "Price Per Each": "32.95", "Full Price": "32.95", "Stock Status": "In Stock", "Brand": "AVANTI LINENS", "Category": "Fiesta 100% Ring Spun Cotton Blanket", "Sub Category": "Fiesta 100% Ring Spun Cotton Blanket-Twin Size", "Material": "", "Title": "Fiesta 100% Ring Spun Cotton Blanket-Twin Size", "Description": "100% Ring Spun Cotton\nClassic Thermal Weave\nDouble Needle Stitched\nSelf Hem\n280 GSM\n9 Great Colors", "Images": ["https://s.turbifycdn.com/aah/opa-locka/fiesta-blanket-70.gif", "https://s.turbifycdn.com/aah/opa-locka/fiesta-blanket-colors-18.gif"], "Url": "https://towelwholesaler.com/fiesta-100--ring-spun-cotton-blanket-twin-size.html"}
{"SKU": "55700TW", "Type": "", "Size": "", "Color": "Lapis", "Options": {"Size": "Lapis"}, "Price Per Each": "32.95", "Full Price": "32.95", "Stock Status": "In Stock", "Brand": "AVANTI LINENS", "Category": "Fiesta 100% Ring Spun Cotton Blanket", "Sub Category": "Fiesta 100% Ring Spun Cotton Blanket-Twin Size", "Material": "", "Title": "Fiesta 100% Ring Spun Cotton Blanket-Twin Size", "Description": "100% Ring Spun Cotton\nClassic Thermal Weave\nDouble Needle Stitched\nSelf Hem\n280 GSM\n9 Great Colors", "Images": ["https://s.turbifycdn.com/aah/opa-locka/fiesta-blanket-70.gif", "https://s.turbifycdn.com/aah/opa-locka/fiesta-blanket-colors-18.gif"], "Url": "https://towelwholesaler.com/fiesta-100--ring-spun-cotton-blanket-twin-size.html"}
{"SKU": "55700TW", "Type": "", "Size": "", "Color": "Linen", "Options": {"Size": "Linen"}, "Price Per Each": "32.95", "Full Price": "32.95", "Stock Status": "In Stock", "Brand": "AVANTI LINENS", "Category": "Fiesta 100% Ring Spun Cotton Blanket", "Sub Category": "Fiesta 100% Ring Spun Cotton Blanket-Twin Size", "Material": "", "Title": "Fiesta 100% Ring Spun Cotton Blanket-Twin Size", "Description": "100% Ring Spun Cotton\nClassic Thermal Weave\nDouble Needle Stitched\nSelf Hem\n280 GSM\n9 Great Colors", "Images": ["https://s.turbifycdn.com/aah/opa-locka/fiesta-blanket-70.gif", "https://s.turbifycdn.com/aah/opa-locka/fiesta-blanket-colors-18.gif"], "Url": "https://towelwholesaler.com/fiesta-100--ring-spun-cotton-blanket-twin-size.html"}
{"SKU": "55700TW", "Type": "", "Size": "", "Color": "Sage", "Options": {"Size": "Sage"}, "Price Per Each": "32.95", "Full Price": "32.95", "Stock Status": "In Stock", "Brand": "AVANTI LINENS", "Category": "Fiesta 100% Ring Spun Cotton Blanket", "Sub Category": "Fiesta 100% Ring Spun Cotton Blanket-Twin Size", "Material": "", "Title": "Fiesta 100% Ring Spun Cotton Blanket-Twin Size", "Description": "100% Ring Spun Cotton\nClassic Thermal Weave\nDouble Needle Stitched\nSelf Hem\n280 GSM\n9 Great Colors", "Images": ["https://s.turbifycdn.com/aah/opa-locka/fiesta-blanket-70.gif", "https://s.turbifycdn.com/aah/opa-locka/fiesta-blanket-colors-18.gif"], "Url": "https://towelwholesaler.com/fiesta-100--ring-spun-cotton-blanket-twin-size.html"}
{"SKU": "55700TW", "Type": "", "Size": "", "Color": "Sunflower", "Options": {"Size": "Sunflower"}, "Price Per Each": "32.95", "Full Price": "32.95", "Stock Status": "In Stock", "Brand": "AVANTI LINENS", "Category": "Fiesta 100% Ring Spun Cotton Blanket", "Sub Category": "Fiesta 100% Ring Spun Cotton Blanket-Twin Size", "Material": "", "Title": "Fiesta 100% Ring Spun Cotton Blanket-Twin Size", "Description": "100% Ring Spun Cotton\nClassic Thermal Weave\nDouble Needle Stitched\nSelf Hem\n280 GSM\n9 Great Colors", "Images": ["https://s.turbifycdn.com/aah/opa-locka/fiesta-blanket-70.gif", "https://s.turbifycdn.com/aah/opa-locka/fiesta-blanket-colors-18.gif"], "Url": "https://towelwholesaler.com/fiesta-100--ring-spun-cotton-blanket-twin-size.html"}
{"SKU": "55700TW", "Type": "", "Size": "", "Color": "Slate", "Options": {"Size": "Slate"}, "Price Per Each": "32.95", "Full Price": "32.95", "Stock Status": "In Stock", "Brand": "AVANTI LINENS", "Category": "Fiesta 100% Ring Spun Cotton Blanket", "Sub Category": "Fiesta 100% Ring Spun Cotton Blanket-Twin Size", "Material": "", "Title": "Fiesta 100% Ring Spun Cotton Blanket-Twin Size", "Description": "100% Ring Spun Cotton\nClassic Thermal Weave\nDouble Needle Stitched\nSelf Hem\n280 GSM\n9 Great Colors", "Images": ["https://s.turbifycdn.com/aah/opa-locka/fiesta-blanket-70.gif", "https://s.turbifycdn.com/aah/opa-locka/fiesta-blanket-colors-18.gif"], "Url": "https://towelwholesaler.com/fiesta-100--ring-spun-cotton-blanket-twin-size.html"}
{"SKU": "55700TW", "Type": "", "Size": "", "Color": "Scarlet", "Options": {"Size": "Scarlet"}, "Price Per Each": "32.95", "Full Price": "32.95", "Stock Status": "In Stock", "Brand": "AVANTI LINENS", "Category": "Fiesta 100% Ring Spun Cotton Blanket", "Sub Category": "Fiesta 100% Ring Spun Cotton Blanket-Twin Size", "Material": "", "Title": "Fiesta 100% Ring Spun Cotton Blanket-Twin Size", "Description": "100% Ring Spun Cotton\nClassic Thermal Weave\nDouble Needle Stitched\nSelf Hem\n280 GSM\n9 Great Colors", "Images": ["https://s.turbifycdn.com/aah/opa-locka/fiesta-blanket-70.gif", "https://s.turbifycdn.com/aah/opa-locka/fiesta-blanket-colors-18.gif"], "Url": "https://towelwholesaler.com/fiesta-100--ring-spun-cotton-blanket-twin-size.html"}
{"SKU": "55700TW", "Type": "", "Size": "", "Color": "Turquoise", "Options": {"Size": "Turquoise"}, "Price Per Each": "32.95", "Full Price": "32.95", "Stock Status": "In Stock", "Brand": "AVANTI LINENS", "Category": "Fiesta 100% Ring Spun Cotton Blanket", "Sub Category": "Fiesta 100% Ring Spun Cotton Blanket-Twin Size", "Material": "", "Title": "Fiesta 100% Ring Spun Cotton Blanket-Twin Size", "Description": "100% Ring Spun Cotton\nClassic Thermal Weave\nDouble Needle Stitched\nSelf Hem\n280 GSM\n9 Great Colors", "Images": ["https://s.turbifycdn.com/aah/opa-locka/fiesta-blanket-70.gif", "https://s.turbifycdn.com/aah/opa-locka/fiesta-blanket-colors-18.gif"], "Url": "https://towelwholesaler.com/fiesta-100--ring-spun-cotton-blanket-twin-size.html"}
{"SKU": "55700TW", "Type": "", "Size": "", "Color": "White", "Options": {"Size": "White"}, "Price Per Each": "32.95", "Full Price": "32.95", "Stock Status": "In Stock", "Brand": "AVANTI LINENS", "Category": "Fiesta 100% Ring Spun Cotton Blanket", "Sub Category": "Fiesta 100% Ring Spun Cotton Blanket-Twin Size", "Material": "", "Title": "Fiesta 100% Ring Spun Cotton Blanket-Twin Size", "Description": "100% Ring Spun Cotton\nClassic Thermal Weave\nDouble Needle Stitched\nSelf Hem\n280 GSM\n9 Great Colors", "Images": ["https://s.turbifycdn.com/aah/opa-locka/fiesta-blanket-70.gif", "https://s.turbifycdn.com/aah/opa-locka/fiesta-blanket-colors-18.gif"], "Url": "https://towelwholesaler.com/fiesta-100--ring-spun-cotton-blanket-twin-size.html"}
{"SKU": "55700FQ", "Type": "", "Size": "", "Color": "Cream", "Options": {"Size": "Cream"}, "Price Per Each": "41.95", "Full Price": "41.95", "Stock Status": "In Stock", "Brand": "AVANTI LINENS", "Category": "Fiesta 100% Ring Spun Cotton Blanket", "Sub Category": "Fiesta 100% Ring Spun Cotton Blanket-Twin Size", "Material": "", "Title": "Fiesta 100% Ring Spun Cotton Blanket-Full/Queen Size", "Description": "100% Ring Spun Cotton\nClassic Thermal Weave\nDouble Needle Stitched\nSelf Hem\n280 GSM\n9 Great Colors", "Images": ["https://s.turbifycdn.com/aah/opa-locka/fiesta-blanket-78.gif", "https://s.turbifycdn.com/aah/opa-locka/fiesta-blanket-colors-20.gif"], "Url": "https://towelwholesaler.com/fiesta-100--ring-spun-cotton-blanket-full-queen-size.html"}
{"SKU": "55700FQ", "Type": "", "Size": "", "Color": "Lapis", "Options": {"Size": "Lapis"}, "Price Per Each": "41.95", "Full Price": "41.95", "Stock Status": "In Stock", "Brand": "AVANTI LINENS", "Category": "Fiesta 100% Ring Spun Cotton Blanket", "Sub Category": "Fiesta 100% Ring Spun Cotton Blanket-Twin Size", "Material": "", "Title": "Fiesta 100% Ring Spun Cotton Blanket-Full/Queen Size", "Description": "100% Ring Spun Cotton\nClassic Thermal Weave\nDouble Needle Stitched\nSelf Hem\n280 GSM\n9 Great Colors", "Images": ["https://s.turbifycdn.com/aah/opa-locka/fiesta-blanket-78.gif", "https://s.turbifycdn.com/aah/opa-locka/fiesta-blanket-colors-20.gif"], "Url": "https://towelwholesaler.com/fiesta-100--ring-spun-cotton-blanket-full-queen-size.html"}
{"SKU": "55700FQ", "Type": "", "Size": "", "Color": "Linen", "Options": {"Size": "Linen"}, "Price Per Each": "41.95", "Full Price": "41.95", "Stock Status": "In Stock", "Brand": "AVANTI LINENS", "Category": "Fiesta 100% Ring Spun Cotton Blanket", "Sub Category": "Fiesta 100% Ring Spun Cotton Blanket-Twin Size", "Material": "", "Title": "Fiesta 100% Ring Spun Cotton Blanket-Full/Queen Size", "Description": "100% Ring Spun Cotton\nClassic Thermal Weave\nDouble Needle Stitched\nSelf Hem\n280 GSM\n9 Great Colors", "Images": ["https://s.turbifycdn.com/aah/opa-locka/fiesta-blanket-78.gif", "https://s.turbifycdn.com/aah/opa-locka/fiesta-blanket-colors-20.gif"], "Url": "https://towelwholesaler.com/fiesta-100--ring-spun-cotton-blanket-full-queen-size.html"}
{"SKU": "55700FQ", "Type": "", "Size": "", "Color": "Sage", "Options": {"Size": "Sage"}, "Price Per Each": "41.95", "Full Price": "41.95", "Stock Status": "In Stock", "Brand": "AVANTI LINENS", "Category": "Fiesta 100% Ring Spun Cotton Blanket", "Sub Category": "Fiesta 100% Ring Spun Cotton Blanket-Twin Size", "Material": "", "Title": "Fiesta 100% Ring Spun Cotton Blanket-Full/Queen Size", "Description": "100% Ring Spun Cotton\nClassic Thermal Weave\nDouble Needle Stitched\nSelf Hem\n280 GSM\n9 Great Colors", "Images": ["https://s.turbifycdn.com/aah/opa-locka/fiesta-blanket-78.gif", "https://s.turbifycdn.com/aah/opa-locka/fiesta-blanket-colors-20.gif"], "Url": "https://towelwholesaler.com/fiesta-100--ring-spun-cotton-blanket-full-queen-size.html"}
{"SKU": "55700FQ", "Type": "", "Size": "", "Color": "Sunflower", "Options": {"Size": "Sunflower"}, "Price Per Each": "41.95", "Full Price": "41.95", "Stock Status": "In Stock", "Brand": "AVANTI LINENS", "Category": "Fiesta 100% Ring Spun Cotton Blanket", "Sub Category": "Fiesta 100% Ring Spun Cotton Blanket-Twin Size", "Material": "", "Title": "Fiesta 100% Ring Spun Cotton Blanket-Full/Queen Size", "Description": "100% Ring Spun Cotton\nClassic Thermal Weave\nDouble Needle Stitched\nSelf Hem\n280 GSM\n9 Great Colors", "Images": ["https://s.turbifycdn.com/aah/opa-locka/fiesta-blanket-78.gif", "https://s.turbifycdn.com/aah/opa-locka/fiesta-blanket-colors-20.gif"], "Url": "https://towelwholesaler.com/fiesta-100--ring-spun-cotton-blanket-full-queen-size.html"}
{"SKU": "55700FQ", "Type": "", "Size": "", "Color": "Slate", "Options": {"Size": "Slate"}, "Price Per Each": "41.95", "Full Price": "41.95", "Stock Status": "In Stock", "Brand": "AVANTI LINENS", "Category": "Fiesta 100% Ring Spun Cotton Blanket", "Sub Category": "Fiesta 100% Ring Spun Cotton Blanket-Twin Size", "Material": "", "Title": "Fiesta 100% Ring Spun Cotton Blanket-Full/Queen Size", "Description": "100% Ring Spun Cotton\nClassic Thermal Weave\nDouble Needle Stitched\nSelf Hem\n280 GSM\n9 Great Colors", "Images": ["https://s.turbifycdn.com/aah/opa-locka/fiesta-blanket-78.gif", "https://s.turbifycdn.com/aah/opa-locka/fiesta-blanket-colors-20.gif"], "Url": "https://towelwholesaler.com/fiesta-100--ring-spun-cotton-blanket-full-queen-size.html"}
{"SKU": "55700FQ", "Type": "", "Size": "", "Color": "Scarlet", "Options": {"Size": "Scarlet"}, "Price Per Each": "41.95", "Full Price": "41.95", "Stock Status": "In Stock", "Brand": "AVANTI LINENS", "Category": "Fiesta 100% Ring Spun Cotton Blanket", "Sub Category": "Fiesta 100% Ring Spun Cotton Blanket-Twin Size", "Material": "", "Title": "Fiesta 100% Ring Spun Cotton Blanket-Full/Queen Size", "Description": "100% Ring Spun Cotton\nClassic Thermal Weave\nDouble Needle Stitched\nSelf Hem\n280 GSM\n9 Great Colors", "Images": ["https://s.turbifycdn.com/aah/opa-locka/fiesta-blanket-78.gif", "https://s.turbifycdn.com/aah/opa-locka/fiesta-blanket-colors-20.gif"], "Url": "https://towelwholesaler.com/fiesta-100--ring-spun-cotton-blanket-full-queen-size.html"}
{"SKU": "55700FQ", "Type": "", "Size": "", "Color": "Turquoise", "Options": {"Size": "Turquoise"}, "Price Per Each": "41.95", "Full Price": "41.95", "Stock Status": "In Stock", "Brand": "AVANTI LINENS", "Category": "Fiesta 100% Ring Spun Cotton Blanket", "Sub Category": "Fiesta 100% Ring Spun Cotton Blanket-Twin Size", "Material": "", "Title": "Fiesta 100% Ring Spun Cotton Blanket-Full/Queen Size", "Description": "100% Ring Spun Cotton\nClassic Thermal Weave\nDouble Needle Stitched\nSelf Hem\n280 GSM\n9 Great Colors", "Images": ["https://s.turbifycdn.com/aah/opa-locka/fiesta-blanket-78.gif", "https://s.turbifycdn.com/aah/opa-locka/fiesta-blanket-colors-20.gif"], "Url": "https://towelwholesaler.com/fiesta-100--ring-spun-cotton-blanket-full-queen-size.html"}
{"SKU": "55700FQ", "Type": "", "Size": "", "Color": "White", "Options": {"Size": "White"}, "Price Per Each": "41.95", "Full Price": "41.95", "Stock Status": "In Stock", "Brand": "AVANTI LINENS", "Category": "Fiesta 100% Ring Spun Cotton Blanket", "Sub Category": "Fiesta 100% Ring Spun Cotton Blanket-Twin Size", "Material": "", "Title": "Fiesta 100% Ring Spun Cotton Blanket-Full/Queen Size", "Description": "100% Ring Spun Cotton\nClassic Thermal Weave\nDouble Needle Stitched\nSelf Hem\n280 GSM\n9 Great Colors", "Images": ["https://s.turbifycdn.com/aah/opa-locka/fiesta-blanket-78.gif", "https://s.turbifycdn.com/aah/opa-locka/fiesta-blanket-colors-20.gif"], "Url": "https://towelwholesaler.com/fiesta-100--ring-spun-cotton-blanket-full-queen-size.html"}
{"SKU": "55700KG", "Type": "", "Size": "", "Color": "Cream", "Options": {"Size": "Cream"}, "Price Per Each": "45.95", "Full Price": "45.95", "Stock Status": "In Stock", "Brand": "AVANTI LINENS", "Category": "Fiesta 100% Ring Spun Cotton Blanket", "Sub Category": "Fiesta 100% Ring Spun Cotton Blanket-Twin Size", "Material": "", "Title": "Fiesta 100% Ring Spun Cotton Blanket-King Size", "Description": "100% Ring Spun Cotton\nClassic Thermal Weave\nDouble Needle Stitched\nSelf Hem\n280 GSM\n9 Great Colors", "Images": ["https://s.turbifycdn.com/aah/opa-locka/fiesta-blanket-74.gif", "https://s.turbifycdn.com/aah/opa-locka/fiesta-colors-6.gif"], "Url": "https://towelwholesaler.com/fiesta-100--ring-spun-cotton-blanketn-king-size.html"}
{"SKU": "55700KG", "Type": "", "Size": "", "Color": "Lapis", "Options": {"Size": "Lapis"}, "Price Per Each": "45.95", "Full Price": "45.95", "Stock Status": "In Stock", "Brand": "AVANTI LINENS", "Category": "Fiesta 100% Ring Spun Cotton Blanket", "Sub Category": "Fiesta 100% Ring Spun Cotton Blanket-Twin Size", "Material": "", "Title": "Fiesta 100% Ring Spun Cotton Blanket-King Size", "Description": "100% Ring Spun Cotton\nClassic Thermal Weave\nDouble Needle Stitched\nSelf Hem\n280 GSM\n9 Great Colors", "Images": ["https://s.turbifycdn.com/aah/opa-locka/fiesta-blanket-74.gif", "https://s.turbifycdn.com/aah/opa-locka/fiesta-colors-6.gif"], "Url": "https://towelwholesaler.com/fiesta-100--ring-spun-cotton-blanketn-king-size.html"}
{"SKU": "55700KG", "Type": "", "Size": "", "Color": "Linen", "Options": {"Size": "Linen"}, "Price Per Each": "45.95", "Full Price": "45.95", "Stock Status": "In Stock", "Brand": "AVANTI LINENS", "Category": "Fiesta 100% Ring Spun Cotton Blanket", "Sub Category": "Fiesta 100% Ring Spun Cotton Blanket-Twin Size", "Material": "", "Title": "Fiesta 100% Ring Spun Cotton Blanket-King Size", "Description": "100% Ring Spun Cotton\nClassic Thermal Weave\nDouble Needle Stitched\nSelf Hem\n280 GSM\n9 Great Colors", "Images": ["https://s.turbifycdn.com/aah/opa-locka/fiesta-blanket-74.gif", "https://s.turbifycdn.com/aah/opa-locka/fiesta-colors-6.gif"], "Url": "https://towelwholesaler.com/fiesta-100--ring-spun-cotton-blanketn-king-size.html"}
{"SKU": "55700KG", "Type": "", "Size": "", "Color": "Sage", "Options": {"Size": "Sage"}, "Price Per Each": "45.95", "Full Price": "45.95", "Stock Status": "In Stock", "Brand": "AVANTI LINENS", "Category": "Fiesta 100% Ring Spun Cotton Blanket", "Sub Category": "Fiesta 100% Ring Spun Cotton Blanket-Twin Size", "Material": "", "Title": "Fiesta 100% Ring Spun Cotton Blanket-King Size", "Description": "100% Ring Spun Cotton\nClassic Thermal Weave\nDouble Needle Stitched\nSelf Hem\n280 GSM\n9 Great Colors", "Images": ["https://s.turbifycdn.com/aah/opa-locka/fiesta-blanket-74.gif", "https://s.turbifycdn.com/aah/opa-locka/fiesta-colors-6.gif"], "Url": "https://towelwholesaler.com/fiesta-100--ring-spun-cotton-blanketn-king-size.html"}
{"SKU": "55700KG", "Type": "", "Size": "", "Color": "Sunflower", "Options": {"Size": "Sunflower"}, "Price Per Each": "45.95", "Full Price": "45.95", "Stock Status": "In Stock", "Brand": "AVANTI LINENS", "Category": "Fiesta 100% Ring Spun Cotton Blanket", "Sub Category": "Fiesta 100% Ring Spun Cotton Blanket-Twin Size", "Material": "", "Title": "Fiesta 100% Ring Spun Cotton Blanket-King Size", "Description": "100% Ring Spun Cotton\nClassic Thermal Weave\nDouble Needle Stitched\nSelf Hem\n280 GSM\n9 Great Colors", "Images": ["https://s.turbifycdn.com/aah/opa-locka/fiesta-blanket-74.gif", "https://s.turbifycdn.com/aah/opa-locka/fiesta-colors-6.gif"], "Url": "https://towelwholesaler.com/fiesta-100--ring-spun-cotton-blanketn-king-size.html"}
{"SKU": "55700KG", "Type": "", "Size": "", "Color": "Slate", "Options": {"Size": "Slate"}, "Price Per Each": "45.95", "Full Price": "45.95", "Stock Status": "In Stock", "Brand": "AVANTI LINENS", "Category": "Fiesta 100% Ring Spun Cotton Blanket", "Sub Category": "Fiesta 100% Ring Spun Cotton Blanket-Twin Size", "Material": "", "Title": "Fiesta 100% Ring Spun Cotton Blanket-King Size", "Description": "100% Ring Spun Cotton\nClassic Thermal Weave\nDouble Needle Stitched\nSelf Hem\n280 GSM\n9 Great Colors", "Images": ["https://s.turbifycdn.com/aah/opa-locka/fiesta-blanket-74.gif", "https://s.turbifycdn.com/aah/opa-locka/fiesta-colors-6.gif"], "Url": "https://towelwholesaler.com/fiesta-100--ring-spun-cotton-blanketn-king-size.html"}
{"SKU": "55700KG", "Type": "", "Size": "", "Color": "Scarlet", "Options": {"Size": "Scarlet"}, "Price Per Each": "45.95", "Full Price": "45.95", "Stock Status": "In Stock", "Brand": "AVANTI LINENS", "Category": "Fiesta 100% Ring Spun Cotton Blanket", "Sub Category": "Fiesta 100% Ring Spun Cotton Blanket-Twin Size", "Material": "", "Title": "Fiesta 100% Ring Spun Cotton Blanket-King Size", "Description": "100% Ring Spun Cotton\nClassic Thermal Weave\nDouble Needle Stitched\nSelf Hem\n280 GSM\n9 Great Colors", "Images": ["https://s.turbifycdn.com/aah/opa-locka/fiesta-blanket-74.gif", "https://s.turbifycdn.com/aah/opa-locka/fiesta-colors-6.gif"], "Url": "https://towelwholesaler.com/fiesta-100--ring-spun-cotton-blanketn-king-size.html"}
{"SKU": "55700KG", "Type": "", "Size": "", "Color": "Turquoise", "Options": {"Size": "Turquoise"}, "Price Per Each": "45.95", "Full Price": "45.95", "Stock Status": "In Stock", "Brand": "AVANTI LINENS", "Category": "Fiesta 100% Ring Spun Cotton Blanket", "Sub Category": "Fiesta 100% Ring Spun Cotton Blanket-Twin Size", "Material": "", "Title": "Fiesta 100% Ring Spun Cotton Blanket-King Size", "Description": "100% Ring Spun Cotton\nClassic Thermal Weave\nDouble Needle Stitched\nSelf Hem\n280 GSM\n9 Great Colors", "Images": ["https://s.turbifycdn.com/aah/opa-locka/fiesta-blanket-74.gif", "https://s.turbifycdn.com/aah/opa-locka/fiesta-colors-6.gif"], "Url": "https://towelwholesaler.com/fiesta-100--ring-spun-cotton-blanketn-king-size.html"}
{"SKU": "55700KG", "Type": "", "Size": "", "Color": "White", "Options": {"Size": "White"}, "Price Per Each": "45.95", "Full Price": "45.95", "Stock Status": "In Stock", "Brand": "AVANTI LINENS", "Category": "Fiesta 100% Ring Spun Cotton Blanket", "Sub Category": "Fiesta 100% Ring Spun Cotton Blanket-Twin Size", "Material": "", "Title": "Fiesta 100% Ring Spun Cotton Blanket-King Size", "Description": "100% Ring Spun Cotton\nClassic Thermal Weave\nDouble Needle Stitched\nSelf Hem\n280 GSM\n9 Great Colors", "Images": ["https://s.turbifycdn.com/aah/opa-locka/fiesta-blanket-74.gif", "https://s.turbifycdn.com/aah/opa-locka/fiesta-colors-6.gif"], "Url": "https://towelwholesaler.com/fiesta-100--ring-spun-cotton-blanketn-king-size.html"}
