{"SKU": "072000264515", "Type": "", "Size": "6\" x 5\"", "Color": "", "Options": {"Size": "Rainforest Soap Dish"}, "Price Per Each": "5.00", "Full Price": "5", "Stock Status": "In Stock", "Brand": "CATHGRO HOSPITALITY", "Category": "Rainforest Soap Dish with Bengal Tiger-Carton of 12", "Sub Category": "", "Material": "", "Title": "Rainforest Soap Dish with Bengal Tiger", "Description": "Rainforest Soap Dish with Bengal Tiger Motiff\nSize 6\" x 5\"\nMade of composite resin", "Images": ["https://s.turbifycdn.com/aah/opa-locka/rainforest-soap-dish-with-bengal-tiger-carton-of-12-27.gif"], "Url": "https://towelwholesaler.com/rainforest-soap-dish-with-bengal-tiger.html"}
{"SKU": "C64880", "Type": "", "Size": "39\" x 75\"", "Color": "", "Options": {"Size": "Twin Size Off White"}, "Price Per Each": "7.95", "Full Price": "7.95", "Stock Status": "In Stock", "Brand": "CATHGRO HOSPITALITY", "Category": "Rainforest Soap Dish with Bengal Tiger-Carton of 12", "Sub Category": "Twin Bed Skirt-Promotional Price", "Material": "", "Title": "Twin Bed Skirt-Promotional Price", "Description": "Off-White Twin Tailored Bed Skirt\n60/40 cotton/Polyester blend\nTwin Size fits 39\" x 75\"  Mattress\nColor is Off-White  (not stark white)\nMinimum order is 6 Bed Skirts", "Images": ["https://s.turbifycdn.com/aah/opa-locka/twin-bed-skirt-promotional-price-29.gif"], "Url": "https://towelwholesaler.com/twin-bed-skirt-ivory.html"}
{"SKU": "Braves-MLB", "Type": "", "Size": "", "Color": "", "Options": {}, "Price Per Each": "7.95", "Full Price": "7.95", "Stock Status": "In Stock", "Brand": "CATHGRO HOSPITALITY", "Category": "Rainforest Soap Dish with Bengal Tiger-Carton of 12", "Sub Category": "Twin Bed Skirt-Promotional Price", "Material": "", "Title": "Atlanta Braves Sport Team Pillow-MLB Authentic", "Description": "", "Images": ["https://s.turbifycdn.com/aah/opa-locka/atlanta-braves-sport-team-pillow-mlb-authentic-27.gif"], "Url": "https://towelwholesaler.com/atlanta-braves-sport-team-pillow-mlb-authentic.html"}
{"SKU": "659857921886", "Type": "", "Size": "", "Color": "", "Options": {}, "Price Per Each": "4.95", "Full Price": "4.95", "Stock Status": "In Stock", "Brand": "CATHGRO HOSPITALITY", "Category": "Rainforest Soap Dish with Bengal Tiger-Carton of 12", "Sub Category": "Twin Bed Skirt-Promotional Price", "Material": "", "Title": "Bobby Jack Burst My Bubble Round Pillow 16&quot;", "Description": "", "Images": ["https://s.turbifycdn.com/aah/opa-locka/bobby-jack-burst-my-bubble-pillow-20.gif"], "Url": "https://towelwholesaler.com/bobby-jack-burst-my-bubble-pillow.html"}
{"SKU": "118032", "Type": "", "Size": "", "Color": "", "Options": {}, "Price Per Each": "9.95", "Full Price": "9.95", "Stock Status": "In Stock", "Brand": "CATHGRO HOSPITALITY", "Category": "Rainforest Soap Dish with Bengal Tiger-Carton of 12", "Sub Category": "Twin Bed Skirt-Promotional Price", "Material": "", "Title": "Seattle Mariners Sport Team Pillow-MLB Denim", "Description": "", "Images": ["https://s.turbifycdn.com/aah/opa-locka/seattle-mariners-sport-team-pillow-mlb-denim-26.gif"], "Url": "https://towelwholesaler.com/seattle-mariners-sport-team-pillow-mlb-denim.html"}
{"SKU": "160570", "Type": "", "Size": "", "Color": "", "Options": {}, "Price Per Each": "9.95", "Full Price": "9.95", "Stock Status": "In Stock", "Brand": "CATHGRO HOSPITALITY", "Category": "Rainforest Soap Dish with Bengal Tiger-Carton of 12", "Sub Category": "Twin Bed Skirt-Promotional Price", "Material": "", "Title": "NY Rangers NHL Denim Pillow", "Description": "", "Images": ["https://s.turbifycdn.com/aah/opa-locka/ny-rangers-nhl-denim-pillow-30.gif"], "Url": "https://towelwholesaler.com/ny-rangers-nhl-denim-pillow.html"}
{"SKU": "118570", "Type": "", "Size": "", "Color": "", "Options": {}, "Price Per Each": "9.95", "Full Price": "9.95", "Stock Status": "In Stock", "Brand": "CATHGRO HOSPITALITY", "Category": "Rainforest Soap Dish with Bengal Tiger-Carton of 12", "Sub Category": "Twin Bed Skirt-Promotional Price", "Material": "", "Title": "Colorado Rockies Sport Team Pillow-MLB Denim", "Description": "", "Images": ["https://s.turbifycdn.com/aah/opa-locka/colorado-rockies-sport-team-pillow-mlb-denim-32.gif"], "Url": "https://towelwholesaler.com/colorado-rockies-sport-team-pillow-mlb-denim.html"}
{"SKU": "142256", "Type": "", "Size": "", "Color": "", "Options": {}, "Price Per Each": "9.95", "Full Price": "9.95", "Stock Status": "In Stock", "Brand": "CATHGRO HOSPITALITY", "Category": "Rainforest Soap Dish with Bengal Tiger-Carton of 12", "Sub Category": "Twin Bed Skirt-Promotional Price", "Material": "", "Title": "Detroit Red Wings NHL Denim Pillow", "Description": "", "Images": ["https://s.turbifycdn.com/aah/opa-locka/detroit-red-wings-nhl-denim-pillow-27.gif"], "Url": "https://towelwholesaler.com/detroit-red-wings-nhl-denim-pillow.html"}
{"SKU": "659857875950", "Type": "", "Size": "", "Color": "", "Options": {}, "Price Per Each": "7.95", "Full Price": "7.95", "Stock Status": "In Stock", "Brand": "CATHGRO HOSPITALITY", "Category": "Rainforest Soap Dish with Bengal Tiger-Carton of 12", "Sub Category": "Twin Bed Skirt-Promotional Price", "Material": "", "Title": "Chicago Cubs Sport Team Pillow-MLB Authentic", "Description": "", "Images": ["https://s.turbifycdn.com/aah/opa-locka/chicago-cubs-sport-team-pillow-mlb-authentic-27.gif"], "Url": "https://towelwholesaler.com/chicago-cubs-sport-team-pillow-mlb-authentic.html"}
{"SKU": "177937", "Type": "", "Size": "", "Color": "", "Options": {}, "Price Per Each": "7.95", "Full Price": "7.95", "Stock Status": "In Stock", "Brand": "CATHGRO HOSPITALITY", "Category": "Rainforest Soap Dish with Bengal Tiger-Carton of 12", "Sub Category": "Twin Bed Skirt-Promotional Price", "Material": "", "Title": "Chicago White Sox Sport Team Pillow-MLB Authentic", "Description": "", "Images": ["https://s.turbifycdn.com/aah/opa-locka/chicago-white-sox-sport-team-pillow-mlb-authentic-27.gif"], "Url": "https://towelwholesaler.com/chicago-white-sox-sport-team-pillow-mlb-authentic.html"}
{"SKU": "6oz18rs", "Type": "", "Size": "", "Color": "", "Options": {}, "Price Per Each": "9.95", "Full Price": "9.95", "Stock Status": "In Stock", "Brand": "CATHGRO HOSPITALITY", "Category": "Rainforest Soap Dish with Bengal Tiger-Carton of 12", "Sub Category": "Twin Bed Skirt-Promotional Price", "Material": "", "Title": "Boston Red Sox Sport Team Pillow-MLB Denim", "Description": "", "Images": ["https://s.turbifycdn.com/aah/opa-locka/boston-red-sox-sport-team-pillow-mlb-denim-27.gif"], "Url": "https://towelwholesaler.com/boston-red-sox-sport-team-pillow-mlb-denim.html"}
{"SKU": "queen-bed-skirt-promotional-price", "Type": "", "Size": "60\" x 80\"", "Color": "", "Options": {"Size": "Queen Size Ivory 60 x 80"}, "Price Per Each": "9.95", "Full Price": "9.95", "Stock Status": "In Stock", "Brand": "CATHGRO HOSPITALITY", "Category": "Rainforest Soap Dish with Bengal Tiger-Carton of 12", "Sub Category": "Twin Bed Skirt-Promotional Price", "Material": "", "Title": "Queen Bed Skirt-Promotional Price", "Description": "Queen Size Tailored Bed Skirt\n60/40 cotton/Polyester blend\nQueen Size fits 60\" x 80\"Mattress\nMinimum order is 6 Bed Skirts\nChoose White or Ivory", "Images": ["https://s.turbifycdn.com/aah/opa-locka/queen-bed-skirt-promotional-price-29.gif"], "Url": "https://towelwholesaler.com/queen-bed-skirt-promotional-price.html"}
{"SKU": "Red-Sox-MLB", "Type": "", "Size": "", "Color": "", "Options": {}, "Price Per Each": "7.95", "Full Price": "7.95", "Stock Status": "In Stock", "Brand": "CATHGRO HOSPITALITY", "Category": "Rainforest Soap Dish with Bengal Tiger-Carton of 12", "Sub Category": "Twin Bed Skirt-Promotional Price", "Material": "", "Title": "Boston Red Sox Sport Team Pillow-MLB Authentic", "Description": "", "Images": ["https://s.turbifycdn.com/aah/opa-locka/boston-red-sox-sport-team-accent-pillow-authentic-20.gif"], "Url": "https://towelwholesaler.com/boston-red-sox-sport-team-accent-pillow-authentic.html"}
{"SKU": "118026", "Type": "", "Size": "", "Color": "", "Options": {}, "Price Per Each": "9.95", "Full Price": "9.95", "Stock Status": "In Stock", "Brand": "CATHGRO HOSPITALITY", "Category": "Rainforest Soap Dish with Bengal Tiger-Carton of 12", "Sub Category": "Twin Bed Skirt-Promotional Price", "Material": "", "Title": "Arizona Diamondbacks Sport Team Pillow-MLB Denim", "Description": "", "Images": ["https://s.turbifycdn.com/aah/opa-locka/arizona-diamondbacks-sport-team-pillow-mlb-denim-27.gif"], "Url": "https://towelwholesaler.com/arizona-diamondbacks-sport-team-pillow-mlb-denim.html"}
