{"SKU": "Mastercale", "Type": "", "Size": "", "Color": "", "Options": {"Size": "Standard 6 Packages of 2"}, "Price Per Each": "2.05", "Full Price": "24.6", "Stock Status": "In Stock", "Brand": "EXCELLENT ART ", "Category": "Mastercale T-180 Pillow Protectors", "Sub Category": "", "Material": "", "Title": "Zippered Pillow Protectors", "Description": "Standard $24.60 per dozen. $2.05 each\nQueen $25.80 per dozen. $2.15 each\nKing $33.00 per dozen. $2.75 each.", "Images": ["https://s.turbifycdn.com/aah/opa-locka/defender-100-cotton-pillow-protectors-23.gif"], "Url": "https://towelwholesaler.com/de10copipr.html"}
{"SKU": "Mastercale", "Type": "", "Size": "", "Color": "", "Options": {"Size": "Queen(+$1.20) 6 Packages of 2"}, "Price Per Each": "2.05", "Full Price": "24.6", "Stock Status": "In Stock", "Brand": "EXCELLENT ART ", "Category": "Mastercale T-180 Pillow Protectors", "Sub Category": "", "Material": "", "Title": "Zippered Pillow Protectors", "Description": "Standard $24.60 per dozen. $2.05 each\nQueen $25.80 per dozen. $2.15 each\nKing $33.00 per dozen. $2.75 each.", "Images": ["https://s.turbifycdn.com/aah/opa-locka/defender-100-cotton-pillow-protectors-23.gif"], "Url": "https://towelwholesaler.com/de10copipr.html"}
{"SKU": "Mastercale", "Type": "", "Size": "", "Color": "", "Options": {"Size": "King(+$8.40) 6 Packages of 2"}, "Price Per Each": "2.05", "Full Price": "24.6", "Stock Status": "In Stock", "Brand": "EXCELLENT ART ", "Category": "Mastercale T-180 Pillow Protectors", "Sub Category": "", "Material": "", "Title": "Zippered Pillow Protectors", "Description": "Standard $24.60 per dozen. $2.05 each\nQueen $25.80 per dozen. $2.15 each\nKing $33.00 per dozen. $2.75 each.", "Images": ["https://s.turbifycdn.com/aah/opa-locka/defender-100-cotton-pillow-protectors-23.gif"], "Url": "https://towelwholesaler.com/de10copipr.html"}
{"SKU": "Mastercale", "Type": "", "Size": "Standard 6 Packages of 2", "Color": "", "Options": {"Size": "Standard 6 Packages of 2"}, "Price Per Each": "2.05", "Full Price": "24.6", "Stock Status": "In Stock", "Brand": "EXCELLENT ART ", "Category": "Mastercale T-180 Pillow Protectors", "Sub Category": "", "Material": "", "Title": "Zippered Pillow Protectors", "Description": "Standard $24.60 per dozen. $2.05 each\nQueen $25.80 per dozen. $2.15 each\nKing $33.00 per dozen. $2.75 each.", "Images": ["https://s.turbifycdn.com/aah/opa-locka/defender-100-cotton-pillow-protectors-23.gif"], "Url": "https://towelwholesaler.com/de10copipr.html"}
{"SKU": "Mastercale", "Type": "", "Size": "Queen", "Color": "", "Options": {"Size": "Queen(+$1.20) 6 Packages of 2"}, "Price Per Each": "2.05", "Full Price": "24.6", "Stock Status": "In Stock", "Brand": "EXCELLENT ART ", "Category": "Mastercale T-180 Pillow Protectors", "Sub Category": "", "Material": "", "Title": "Zippered Pillow Protectors", "Description": "Standard $24.60 per dozen. $2.05 each\nQueen $25.80 per dozen. $2.15 each\nKing $33.00 per dozen. $2.75 each.", "Images": ["https://s.turbifycdn.com/aah/opa-locka/defender-100-cotton-pillow-protectors-23.gif"], "Url": "https://towelwholesaler.com/de10copipr.html"}
{"SKU": "Mastercale", "Type": "", "Size": "King", "Color": "", "Options": {"Size": "King(+$8.40) 6 Packages of 2"}, "Price Per Each": "2.05", "Full Price": "24.6", "Stock Status": "In Stock", "Brand": "EXCELLENT ART ", "Category": "Mastercale T-180 Pillow Protectors", "Sub Category": "", "Material": "", "Title": "Zippered Pillow Protectors", "Description": "Standard $24.60 per dozen. $2.05 each\nQueen $25.80 per dozen. $2.15 each\nKing $33.00 per dozen. $2.75 each.", "Images": ["https://s.turbifycdn.com/aah/opa-locka/defender-100-cotton-pillow-protectors-23.gif"], "Url": "https://towelwholesaler.com/de10copipr.html"}
{"SKU": "", "Type": "", "Size": "", "Color": "", "Options": {}, "Price Per Each": "", "Full Price": "", "Stock Status": "In Stock", "Brand": "EXCELLENT ART ", "Category": "Mastercale T-180 Pillow Protectors", "Sub Category": "Pillow Protectors-Zippered- T-200 100% Cotton- Package of 2", "Material": "", "Title": "Pillow Protectors-Zippered", "Description": "100% Cotton\n200 Thread Count\nNylon Zipper Closure\nFeather and Down Proof\nKeeps Pillows Clean & Fresh\nPackage of 2 Protectors\nAvailable in Standard, Queen or King Size\nMachine Washable\nMinimum order is 6 packages per size (12 protectors)", "Images": [], "Url": ""}
