{"SKU": "fm-25", "Type": "", "Size": "", "Color": "", "Options": {"Size": "Plain Style Face Mask  Pkg of 25"}, "Price Per Each": "57.25", "Full Price": "57.25", "Stock Status": "In Stock", "Brand": "HOMEPORT WORLDWIDE", "Category": "Face Masks 2 Ply Washable Pkg of 25  (Plain or Embroidered)", "Sub Category": "", "Material": "", "Title": "Face Masks  2 Ply Washable Pkg of 25", "Description": "2 layers:  Textured Polyester Face/Comfortable Cotton Reverse\nReusable/Washable\n25 masks per package", "Images": ["https://s.turbifycdn.com/aah/opa-locka/face-masks-stronger-together-2-ply-washable-pkg-of-25-34.gif"], "Url": "https://towelwholesaler.com/face-masks-stronger-together-2-ply-washable-pkg-of-25.html"}
{"SKU": "fm-25", "Type": "", "Size": "", "Color": "", "Options": {"Size": "Face Mask Embroidered with Stronger Together Pkg of 25"}, "Price Per Each": "57.25", "Full Price": "57.25", "Stock Status": "In Stock", "Brand": "HOMEPORT WORLDWIDE", "Category": "Face Masks 2 Ply Washable Pkg of 25  (Plain or Embroidered)", "Sub Category": "", "Material": "", "Title": "Face Masks  2 Ply Washable Pkg of 25", "Description": "2 layers:  Textured Polyester Face/Comfortable Cotton Reverse\nReusable/Washable\n25 masks per package", "Images": ["https://s.turbifycdn.com/aah/opa-locka/face-masks-stronger-together-2-ply-washable-pkg-of-25-34.gif"], "Url": "https://towelwholesaler.com/face-masks-stronger-together-2-ply-washable-pkg-of-25.html"}
