{"SKU": "LN-40-BRW-CON", "Type": "", "Size": "", "Color": "", "Options": {}, "Price Per Each": "0.34", "Full Price": "85.95", "Stock Status": "In Stock", "Brand": "HOTEL EMPORIUM-Guest Room Amenities", "Category": "Amaki Hotel Amenities", "Sub Category": "Badgley Mischka Hotel Amenities", "Material": "", "Title": "Le Natural Guest Room Conditioner 1.35 Oz", "Description": "Conditioner\nWhite Tea Essence\nScrew Cap Semi Transparent Tube\n1.35 Oz, 40 ML\nCase of 250", "Images": ["https://s.turbifycdn.com/aah/opa-locka/le-natural-guest-room-conditioner-1-18.gif"], "Url": "https://towelwholesaler.com/le-natural-guest-room-conditioner-1.html"}
{"SKU": "LN-40-BRW-BL", "Type": "", "Size": "", "Color": "", "Options": {}, "Price Per Each": "0.34", "Full Price": "85.95", "Stock Status": "In Stock", "Brand": "HOTEL EMPORIUM-Guest Room Amenities", "Category": "Amaki Hotel Amenities", "Sub Category": "Badgley Mischka Hotel Amenities", "Material": "", "Title": "Le Natural Guest Room Body Lotion 1.35 Oz", "Description": "Body Lotion\nWhite Tea Essence\nScrew Cap Semi Transparent Tube\n1.35 Oz, 40 ML\nCase of 250", "Images": ["https://s.turbifycdn.com/aah/opa-locka/le-natural-guest-room-body-lotion1-18.gif"], "Url": "https://towelwholesaler.com/le-natural-guest-room-body-lotion1.html"}
{"SKU": "LN-40-BRW-BW", "Type": "", "Size": "", "Color": "", "Options": {}, "Price Per Each": "0.33", "Full Price": "82.95", "Stock Status": "In Stock", "Brand": "HOTEL EMPORIUM-Guest Room Amenities", "Category": "Amaki Hotel Amenities", "Sub Category": "Badgley Mischka Hotel Amenities", "Material": "", "Title": "Le Natural Guest Room Body Wash 1.35 Oz", "Description": "Body Wash\nWhite Tea Essence\nScrew Cap Semi Transparent Tube\n1.35 Oz, 40 ML\nCase of 250", "Images": ["https://s.turbifycdn.com/aah/opa-locka/le-natural-guest-room-body-wash-18.gif"], "Url": "https://towelwholesaler.com/le-natural-guest-room-body-wash-.html"}
{"SKU": "LN-40-BRW-CONSHA", "Type": "", "Size": "", "Color": "", "Options": {}, "Price Per Each": "0.33", "Full Price": "82.95", "Stock Status": "In Stock", "Brand": "HOTEL EMPORIUM-Guest Room Amenities", "Category": "Amaki Hotel Amenities", "Sub Category": "Badgley Mischka Hotel Amenities", "Material": "", "Title": "Le Natural Guest Room Conditioning Shampoo 1.35 Oz", "Description": "Conditioning Shampoo\nWhite Tea Essence\nScrew Cap Semi Transparent Tube\n1.35 Oz, 40 ML\nCase of 250", "Images": ["https://s.turbifycdn.com/aah/opa-locka/le-natural-guest-room-conditioning-shampoo-1-35-oz-24.gif"], "Url": "https://towelwholesaler.com/le-natural-guest-room-conditioning-shampoo-1.html"}
{"SKU": "WCO-SC", "Type": "", "Size": "", "Color": "", "Options": {"Size": "Woodbury Boxed Shower Cap-Case of 500"}, "Price Per Each": "87.95", "Full Price": "87.95", "Stock Status": "In Stock", "Brand": "HOTEL EMPORIUM-Guest Room Amenities", "Category": "Amaki Hotel Amenities", "Sub Category": "Badgley Mischka Hotel Amenities", "Material": "", "Title": "Woodbury Boxed Shower Cap", "Description": "Boxed Shower Caps\nPacked 500 per case", "Images": ["https://s.turbifycdn.com/aah/opa-locka/woodbury-boxed-shower-cap-27.gif"], "Url": "https://towelwholesaler.com/woodbury-boxed-shower-cap.html"}
{"SKU": "WCO-BW-50ML", "Type": "", "Size": "", "Color": "", "Options": {"Size": "Woodbury Body Wash 1.7 Oz-Case of 200"}, "Price Per Each": "84.00", "Full Price": "84", "Stock Status": "In Stock", "Brand": "HOTEL EMPORIUM-Guest Room Amenities", "Category": "Amaki Hotel Amenities", "Sub Category": "Badgley Mischka Hotel Amenities", "Material": "", "Title": "Woodbury Body Wash with Brown Sugar & Fig Scent 1.7 Oz", "Description": "Body Wash with Brown Sugar & Fig Scent\nFlip Cap Bottle 1.7 Oz/50ml\nPacked 200 per case", "Images": ["https://s.turbifycdn.com/aah/opa-locka/woodbury-body-wash-57.gif"], "Url": "https://towelwholesaler.com/woodbury-body-wash-with-brown-sugar---fig-scent-1-7-oz.html"}
{"SKU": "WYN-Float-Bracket", "Type": "", "Size": "", "Color": "", "Options": {"Size": "White ABS Floating Bracket-Carton of 50"}, "Price Per Each": "150.00", "Full Price": "150", "Stock Status": "In Stock", "Brand": "HOTEL EMPORIUM-Guest Room Amenities", "Category": "Amaki Hotel Amenities", "Sub Category": "Badgley Mischka Hotel Amenities", "Material": "", "Title": "Terra Green Floating Dispenser-White-ABS Floating Bracket", "Description": "Color White\n50 Floating Brackets per carton\nInvisible bracket\nTamper-resistant key\n3M Adhesive Tape\nWall Anchors and Screws\nMounting Template", "Images": ["https://s.turbifycdn.com/aah/opa-locka/terra-green-floating-dispenser-white-abs-floating-bracket-28.gif", "https://s.turbifycdn.com/aah/opa-locka/terra-green-floating-dispenser-white-abs-floating-bracket-30.gif"], "Url": "https://towelwholesaler.com/terra-green-floating-dispenser-white-abs-floating-bracket.html"}
{"SKU": "WCO-BL-50ML", "Type": "", "Size": "", "Color": "", "Options": {"Size": "Woodbury Body Lotion 1.7 Oz-Case of 200"}, "Price Per Each": "84.95", "Full Price": "84.95", "Stock Status": "In Stock", "Brand": "HOTEL EMPORIUM-Guest Room Amenities", "Category": "Amaki Hotel Amenities", "Sub Category": "Badgley Mischka Hotel Amenities", "Material": "", "Title": "Woodbury Body Lotion with Brown Sugar & Fig Scent 1.7 Oz", "Description": "Body Lotion with Brown Sugar & Fig Scent\nFlip Cap Bottle 1.7 Oz/50ml\nPacked 200 per case", "Images": ["https://s.turbifycdn.com/aah/opa-locka/woodbury-body-lotion-42.gif"], "Url": "https://towelwholesaler.com/woodbury-body-lotion-with-brown-sugar---fig-scent-1-7-oz.html"}
{"SKU": "WYN-TG-BW-380ML", "Type": "", "Size": "", "Color": "", "Options": {"Size": "Terra Green 12.85 Oz Hand/Body Wash 40 Bottles"}, "Price Per Each": "120.00", "Full Price": "120", "Stock Status": "In Stock", "Brand": "HOTEL EMPORIUM-Guest Room Amenities", "Category": "Amaki Hotel Amenities", "Sub Category": "Badgley Mischka Hotel Amenities", "Material": "", "Title": "Terra Green Floating Dispenser-Body Wash", "Description": "Terra Green 12.8 FL Oz/380 ML of\nWhite Tea Fragrance\nNon Refillable Bottle\n40 Bottles per case", "Images": ["https://s.turbifycdn.com/aah/opa-locka/terra-green-floating-dispenser-body-wash-28.gif", "https://s.turbifycdn.com/aah/opa-locka/terra-green-floating-dispenser-body-wash-30.gif"], "Url": "https://towelwholesaler.com/terra-green-floating-dispenser-body-wash.html"}
{"SKU": "WWCO-SHA-50ML", "Type": "", "Size": "", "Color": "", "Options": {"Size": "Woodbury Shampoo 1.7 Oz-Case of 200"}, "Price Per Each": "84.95", "Full Price": "84.95", "Stock Status": "In Stock", "Brand": "HOTEL EMPORIUM-Guest Room Amenities", "Category": "Amaki Hotel Amenities", "Sub Category": "Badgley Mischka Hotel Amenities", "Material": "", "Title": "Woodbury Shampoo with Brown Sugar & Fig Scent 1.7 Oz", "Description": "Shampoo with Brown Sugar & Fig Scent\nFlip Cap Bottle 1.7 Oz/50ml\nPacked 200 per case", "Images": ["https://s.turbifycdn.com/aah/opa-locka/woodbury-shampoo-bottle-21.gif"], "Url": "https://towelwholesaler.com/woodbury-shampoo-with-brown-sugar---fig-scent-1-7-oz.html"}
{"SKU": "WCO-CON-50ML", "Type": "", "Size": "", "Color": "", "Options": {"Size": "Woodbury Conditioner 1.7 Oz-Case of 200"}, "Price Per Each": "87.95", "Full Price": "87.95", "Stock Status": "In Stock", "Brand": "HOTEL EMPORIUM-Guest Room Amenities", "Category": "Amaki Hotel Amenities", "Sub Category": "Badgley Mischka Hotel Amenities", "Material": "", "Title": "Woodbury Conditioner with Brown Sugar & Fig Scent 1.7 Oz", "Description": "Conditioner with Brown Sugar & Fig Scent\nFlip Cap Bottle 1.7 Oz/50ml\nPacked 200 per case", "Images": ["https://s.turbifycdn.com/aah/opa-locka/woodbury-conditioner-38.gif"], "Url": "https://towelwholesaler.com/woodbury-conditioner-with-brown-sugar---fig-scent-1-7-oz.html"}
{"SKU": "WYN-TG-BL-380ML", "Type": "", "Size": "", "Color": "", "Options": {"Size": "Terra Green 12.85 Oz Body Lotion 40 Bottles"}, "Price Per Each": "120.00", "Full Price": "120", "Stock Status": "In Stock", "Brand": "HOTEL EMPORIUM-Guest Room Amenities", "Category": "Amaki Hotel Amenities", "Sub Category": "Badgley Mischka Hotel Amenities", "Material": "", "Title": "Terra Green Floating Dispenser-Body Lotion", "Description": "Terra Green 12.8 FL Oz/380 ML of\nWhite Tea Fragrance\nNon Refillable Bottle\n40 Bottles per case", "Images": ["https://s.turbifycdn.com/aah/opa-locka/terra-green-floating-dispenser-body-lotion-28.gif", "https://s.turbifycdn.com/aah/opa-locka/terra-green-floating-dispenser-body-lotion-30.gif"], "Url": "https://towelwholesaler.com/terra-green-floating-dispenser-body-lotion.html"}
{"SKU": "WYN-TG-CON-380ML", "Type": "", "Size": "", "Color": "", "Options": {"Size": "Terra Green Conditioner 12.85 Fl Oz 40 Bottles"}, "Price Per Each": "120.00", "Full Price": "120", "Stock Status": "In Stock", "Brand": "HOTEL EMPORIUM-Guest Room Amenities", "Category": "Amaki Hotel Amenities", "Sub Category": "Badgley Mischka Hotel Amenities", "Material": "", "Title": "Terra Green Floating Dispenser-Conditioner", "Description": "Terra Green 12.8 FL Oz/380 ML of\nWhite Tea Fragrance\nNon Refillable Bottle\n40 Bottles per case", "Images": ["https://s.turbifycdn.com/aah/opa-locka/terra-green-floating-dispenser-conditioner-28.gif", "https://s.turbifycdn.com/aah/opa-locka/terra-green-floating-dispenser-conditioner-30.gif"], "Url": "https://towelwholesaler.com/terra-green-floating-dispenser-conditioner.html"}
{"SKU": "WCO-CON-30ML", "Type": "", "Size": "", "Color": "", "Options": {"Size": "Woodbury Conditioner 1.0 Oz Tube-Case of 288"}, "Price Per Each": "78.95", "Full Price": "78.95", "Stock Status": "In Stock", "Brand": "HOTEL EMPORIUM-Guest Room Amenities", "Category": "Amaki Hotel Amenities", "Sub Category": "Badgley Mischka Hotel Amenities", "Material": "", "Title": "Woodbury Conditioner with Brown Sugar & Fig Scent 1.0 Oz", "Description": "Condition with Brown Sugar & Fig Scent\nOctagon Screw Cap Tube 1.0 Oz/30ml\nPacked 288 per case", "Images": ["https://s.turbifycdn.com/aah/opa-locka/woodbury-conditioner-42.gif"], "Url": "https://towelwholesaler.com/woodbury-conditioner-with-brown-sugar---fig-scent-1-0-oz.html"}
{"SKU": "WCO-BL-30ML", "Type": "", "Size": "", "Color": "", "Options": {"Size": "Woodbury Body Lotion 1.0 Oz-Case of 288"}, "Price Per Each": "78.95", "Full Price": "78.95", "Stock Status": "In Stock", "Brand": "HOTEL EMPORIUM-Guest Room Amenities", "Category": "Amaki Hotel Amenities", "Sub Category": "Badgley Mischka Hotel Amenities", "Material": "", "Title": "Woodbury Body Lotion with Brown Sugar & Fig Scent 1.0 Oz", "Description": "Body Lotion with Brown Sugar & Fig Scent\nOctagon Screw Cap Tube 1.0 Oz/30ml\nPacked 288 per case", "Images": ["https://s.turbifycdn.com/aah/opa-locka/woodbury-body-lotion-38.gif"], "Url": "https://towelwholesaler.com/woodbury-body-lotion-with-brown-sugar---fig-scent-1-0-oz.html"}
{"SKU": "WCO-BW-30ML", "Type": "", "Size": "", "Color": "", "Options": {"Size": "Woodbury Body Wash 1.0 Oz-Case of 288"}, "Price Per Each": "78.95", "Full Price": "78.95", "Stock Status": "In Stock", "Brand": "HOTEL EMPORIUM-Guest Room Amenities", "Category": "Amaki Hotel Amenities", "Sub Category": "Badgley Mischka Hotel Amenities", "Material": "", "Title": "Woodbury Body Wash with Brown Sugar & Fig Scent 1.0 Oz", "Description": "Body Wash with Brown Sugar & Fig Scent\nOctagon Screw Cap Tube 1.0 Oz/30ml\nPacked 288 per case", "Images": ["https://s.turbifycdn.com/aah/opa-locka/woodbury-body-wash-61.gif"], "Url": "https://towelwholesaler.com/woodbury-body-wash-with-brown-sugar---fig-scent-1-0-oz.html"}
{"SKU": "Goody-Tube", "Type": "", "Size": "", "Color": "", "Options": {"Size": "Dog Goody Kit-Carton of 6"}, "Price Per Each": "119.95", "Full Price": "119.95", "Stock Status": "In Stock", "Brand": "HOTEL EMPORIUM-Guest Room Amenities", "Category": "Amaki Hotel Amenities", "Sub Category": "Badgley Mischka Hotel Amenities", "Material": "", "Title": "Goody Dog Kit", "Description": "Frisbee\nWag Bag\nTennis Ball\nChew Toy\nWater Bowl\nWater Bottle\nCanvas Carry Bag", "Images": ["https://s.turbifycdn.com/aah/opa-locka/goody-dog-kit-23.gif"], "Url": "https://towelwholesaler.com/goody-dog-kit--.html"}
{"SKU": "terra-green-bulk", "Type": "", "Size": "", "Color": "", "Options": {"Size": "Body Wash 2 Gallons TG-Gallon-HBW"}, "Price Per Each": "45.95", "Full Price": "45.95", "Stock Status": "In Stock", "Brand": "HOTEL EMPORIUM-Guest Room Amenities", "Category": "Amaki Hotel Amenities", "Sub Category": "Badgley Mischka Hotel Amenities", "Material": "", "Title": "Hotel Room Amenities-Bulk", "Description": "Body Wash\n1 Gallon Size\nScrew Cap\nLemongrass Essence\nCase 2 Gallons\nEconomically refill room dispensers", "Images": ["https://s.turbifycdn.com/aah/opa-locka/terra-green-hotel-room-amenities-bulk-28.gif"], "Url": "https://towelwholesaler.com/terra-green-hotel-room-amenities-bulk.html"}
{"SKU": "terra-green-bulk", "Type": "", "Size": "", "Color": "", "Options": {"Size": "Conditioning Shampoo 2 Gallons TG-Gallon-CS"}, "Price Per Each": "45.95", "Full Price": "45.95", "Stock Status": "In Stock", "Brand": "HOTEL EMPORIUM-Guest Room Amenities", "Category": "Amaki Hotel Amenities", "Sub Category": "Badgley Mischka Hotel Amenities", "Material": "", "Title": "Hotel Room Amenities-Bulk", "Description": "Body Wash\n1 Gallon Size\nScrew Cap\nLemongrass Essence\nCase 2 Gallons\nEconomically refill room dispensers", "Images": ["https://s.turbifycdn.com/aah/opa-locka/terra-green-hotel-room-amenities-bulk-28.gif"], "Url": "https://towelwholesaler.com/terra-green-hotel-room-amenities-bulk.html"}
{"SKU": "WCO-SHA-30ML", "Type": "", "Size": "", "Color": "", "Options": {"Size": "Woodbury Shampoo with Brown Sugar & Fig Scent 1.0 Oz-Case of 288"}, "Price Per Each": "78.95", "Full Price": "78.95", "Stock Status": "In Stock", "Brand": "HOTEL EMPORIUM-Guest Room Amenities", "Category": "Amaki Hotel Amenities", "Sub Category": "Badgley Mischka Hotel Amenities", "Material": "", "Title": "Woodbury Shampoo with Brown Sugar & Fig Scent 1.0 Oz", "Description": "Shampoo with Brown Sugar & fig Scent\nOctagon Screw Cap Tube 1.0 Oz/30ml\nPacked 288 per case", "Images": ["https://s.turbifycdn.com/aah/opa-locka/woodbury-shampoo-24.gif"], "Url": "https://towelwholesaler.com/woodbury-shampoo-with-brown-sugar---fig-scent-1-0-oz.html"}
{"SKU": "WCO-BS-35G", "Type": "", "Size": "", "Color": "", "Options": {"Size": "Woodbury Body Soap 1.2 Oz-Case of 400"}, "Price Per Each": "136.95", "Full Price": "136.95", "Stock Status": "In Stock", "Brand": "HOTEL EMPORIUM-Guest Room Amenities", "Category": "Amaki Hotel Amenities", "Sub Category": "Badgley Mischka Hotel Amenities", "Material": "", "Title": "Woodbury Body Soap 1.2 Oz", "Description": "Cleansing Body Soap with Sugar & Fig Scents\n1.2 Oz/35g\nPacked 400 per case", "Images": ["https://s.turbifycdn.com/aah/opa-locka/woodbury-body-soap-19.gif"], "Url": "https://towelwholesaler.com/woodbury-body--soap-1-2-oz.html"}
{"SKU": "WCO-Soap-28G", "Type": "", "Size": "", "Color": "", "Options": {"Size": "Woodbury Rectangle Oatmeal  Soap 1.0 Oz-Case of 500"}, "Price Per Each": "138.95", "Full Price": "138.95", "Stock Status": "In Stock", "Brand": "HOTEL EMPORIUM-Guest Room Amenities", "Category": "Amaki Hotel Amenities", "Sub Category": "Badgley Mischka Hotel Amenities", "Material": "", "Title": "Woodbury Rectangle Oatmeal  Soap 1.0 Oz", "Description": "Cleansing Soap with Sugar & Fig Scents\n1.0 Oz/28g\nPacked 500 per case", "Images": ["https://s.turbifycdn.com/aah/opa-locka/woodbury-rect-soap-24.gif"], "Url": "https://towelwholesaler.com/woodbury-rectangle-oatmeal--soap-1-0-oz.html"}
{"SKU": "WYN-TG-CS-380ML", "Type": "", "Size": "", "Color": "", "Options": {"Size": "Terra Green Conditioning Shampoo 40 Bottles  12.85 oz"}, "Price Per Each": "120.00", "Full Price": "120", "Stock Status": "In Stock", "Brand": "HOTEL EMPORIUM-Guest Room Amenities", "Category": "Amaki Hotel Amenities", "Sub Category": "Badgley Mischka Hotel Amenities", "Material": "", "Title": "Terra Green Floating Dispenser-Conditioning Shampoo", "Description": "Terra Green 12.8 FL Oz/380 ML of\nWhite Tea Fragrance\nNon Refillable Bottle\n40 Bottles per case", "Images": ["https://s.turbifycdn.com/aah/opa-locka/terra-green-floating-dispenser-conditioning-shampoo-28.gif", "https://s.turbifycdn.com/aah/opa-locka/terra-green-floating-dispenser-conditioning-shampoo-30.gif"], "Url": "https://towelwholesaler.com/terra-green-floating-dispenser-conditioning-shampoo.html"}
{"SKU": "WCO-FS-21g", "Type": "", "Size": "", "Color": "", "Options": {"Size": "Woodbury Round Oatmeal Facial Soap .75 Oz-Case of 500"}, "Price Per Each": "99.95", "Full Price": "99.95", "Stock Status": "In Stock", "Brand": "HOTEL EMPORIUM-Guest Room Amenities", "Category": "Amaki Hotel Amenities", "Sub Category": "Badgley Mischka Hotel Amenities", "Material": "", "Title": "Woodbury Round Oatmeal Facial Soap .75 Oz", "Description": "Oatmeal Facial Soap with Sugar & Fig Scents\nRound Pleated Wrap\nPacked 500 per case", "Images": ["https://s.turbifycdn.com/aah/opa-locka/woodbury-facial-soap-21.gif"], "Url": "https://towelwholesaler.com/woodbury-round-oatmeal-facial-soap--75-oz.html"}
{"SKU": "LN-S-35G-MSG-BOX", "Type": "", "Size": "", "Color": "", "Options": {}, "Price Per Each": "0.40", "Full Price": "98.95", "Stock Status": "In Stock", "Brand": "HOTEL EMPORIUM-Guest Room Amenities", "Category": "Amaki Hotel Amenities", "Sub Category": "Badgley Mischka Hotel Amenities", "Material": "", "Title": "Le Natural Guest Room Massage Soap 35g", "Description": "Rectangle Massage Soap\nWhite Tea Essence\nRecycled Paper Boxed\n1.25 Oz/35g\nCase of 250", "Images": ["https://s.turbifycdn.com/aah/opa-locka/le-natural-guest-room-massage-soap-18.gif"], "Url": "https://towelwholesaler.com/le-natural-guest-room-massage-soap.html"}
{"SKU": "LN-S-32G-LEAF-BOX", "Type": "", "Size": "", "Color": "", "Options": {}, "Price Per Each": "0.35", "Full Price": "86.95", "Stock Status": "In Stock", "Brand": "HOTEL EMPORIUM-Guest Room Amenities", "Category": "Amaki Hotel Amenities", "Sub Category": "Badgley Mischka Hotel Amenities", "Material": "", "Title": "Le Natural Guest Room Leaf Shape Cleansing Soap 1.15 Oz", "Description": "Leaf Shape Cleansing Soap\nWhite Tea Essence\nRecycled Paper Boxed\n1.15 Oz/32g\nCase of 250", "Images": ["https://s.turbifycdn.com/aah/opa-locka/le-natural-guest-room-leaf-shape-cleansing-soap-23.gif", "https://s.turbifycdn.com/aah/opa-locka/le-natural-guest-room-leaf-shape-cleansing-soap-24.gif"], "Url": "https://towelwholesaler.com/le-natural-guest-room-leaf-shape-cleansing-soap.html"}
{"SKU": "ln-s-42g-box", "Type": "", "Size": "", "Color": "", "Options": {}, "Price Per Each": "0.44", "Full Price": "108.95", "Stock Status": "In Stock", "Brand": "HOTEL EMPORIUM-Guest Room Amenities", "Category": "Amaki Hotel Amenities", "Sub Category": "Badgley Mischka Hotel Amenities", "Material": "", "Title": "Le Natural Guest Room Softening Body Bar 42g", "Description": "Softening Body Bar Soap\nWhite Tea Essence\nRecycled Paper Boxed\n1.5 Oz/42g\nCase of 250", "Images": ["https://s.turbifycdn.com/aah/opa-locka/le-natural-guest-room-softening-body-bar-42g-29.gif"], "Url": "https://towelwholesaler.com/le-natural-guest-room-softening-body-bar-42g-.html"}
{"SKU": "LN-40-BRW-SHA", "Type": "", "Size": "", "Color": "", "Options": {}, "Price Per Each": "0.33", "Full Price": "82.95", "Stock Status": "In Stock", "Brand": "HOTEL EMPORIUM-Guest Room Amenities", "Category": "Amaki Hotel Amenities", "Sub Category": "Badgley Mischka Hotel Amenities", "Material": "", "Title": "Le Natural Guest Room Shampoo 1.35 Oz", "Description": "Shampoo\nWhite Tea Essence\nScrew Cap Semi Transparent Tube\n1.35 Oz, 40 ML\nCase of 250", "Images": ["https://s.turbifycdn.com/aah/opa-locka/le-natural-guest-room-shampoo-37.gif"], "Url": "https://towelwholesaler.com/le-natural-guest-room-shampoo-1.html"}
{"SKU": "LN-BL-30ML", "Type": "", "Size": "", "Color": "", "Options": {}, "Price Per Each": "0.29", "Full Price": "71.95", "Stock Status": "In Stock", "Brand": "HOTEL EMPORIUM-Guest Room Amenities", "Category": "Amaki Hotel Amenities", "Sub Category": "Badgley Mischka Hotel Amenities", "Material": "", "Title": "Le Natural Guest Room Body Lotion 1.0 Oz", "Description": "Body Lotion\nWhite Tea Essence\nScrew Cap Tube\n1.0 Oz, 30 ML\nCase of 250", "Images": ["https://s.turbifycdn.com/aah/opa-locka/le-natural-guest-room-body-lotion-18.gif"], "Url": "https://towelwholesaler.com/le-natural-guest-room-body-lotion.html"}
{"SKU": "LN-CS-30ML", "Type": "", "Size": "", "Color": "", "Options": {}, "Price Per Each": "0.26", "Full Price": "65.95", "Stock Status": "In Stock", "Brand": "HOTEL EMPORIUM-Guest Room Amenities", "Category": "Amaki Hotel Amenities", "Sub Category": "Badgley Mischka Hotel Amenities", "Material": "", "Title": "Le Natural Guest Room Conditioning Shampoo 1.0 Oz", "Description": "Conditioning Shampoo\nWhite Tea Essence\nScrew Cap Tube\n1.0 Oz, 30 ML\nCase of 250", "Images": ["https://s.turbifycdn.com/aah/opa-locka/le-natural-guest-room-conditioning-shampoo-18.gif"], "Url": "https://towelwholesaler.com/le-natural-guest-room-conditioning-shampoo-.html"}
{"SKU": "LN-S-21G-PW", "Type": "", "Size": "", "Color": "", "Options": {}, "Price Per Each": "0.22", "Full Price": "110.95", "Stock Status": "In Stock", "Brand": "HOTEL EMPORIUM-Guest Room Amenities", "Category": "Amaki Hotel Amenities", "Sub Category": "Badgley Mischka Hotel Amenities", "Material": "", "Title": "Le Natural Guest Room Pleat Wrap Spa Soap .75 Oz", "Description": "Round Spa Soap\nWhite Tea Essence\nPaper Pleat Wrapped\n.75 Oz/21g\nCase of 500", "Images": ["https://s.turbifycdn.com/aah/opa-locka/le-natural-guest-room-pleat-wrap-spa-soap-18.gif"], "Url": "https://towelwholesaler.com/le-natural-guest-room-pleat-wrap-spa-soap-.html"}
{"SKU": "LN-S-28G-BOXED", "Type": "", "Size": "", "Color": "", "Options": {}, "Price Per Each": "0.31", "Full Price": "92.95", "Stock Status": "In Stock", "Brand": "HOTEL EMPORIUM-Guest Room Amenities", "Category": "Amaki Hotel Amenities", "Sub Category": "Badgley Mischka Hotel Amenities", "Material": "", "Title": "Le Natural Guest Room Square Face & Body Soap 1.0 Oz", "Description": "Square Face & Body Soap\nWhite Tea Essence\nRecycled Paper Boxed\n1.0 Oz/28g\nCase of 300", "Images": ["https://s.turbifycdn.com/aah/opa-locka/le-natural-guest-room-square-face-body-soap-18.gif"], "Url": "https://towelwholesaler.com/le-natural-guest-room-square-face---body-soap.html"}
{"SKU": "LN-VANITY-KIT", "Type": "", "Size": "", "Color": "", "Options": {}, "Price Per Each": "0.20", "Full Price": "98.95", "Stock Status": "In Stock", "Brand": "HOTEL EMPORIUM-Guest Room Amenities", "Category": "Amaki Hotel Amenities", "Sub Category": "Badgley Mischka Hotel Amenities", "Material": "", "Title": "Le Natural Guest Room Vanity Convenience Kit", "Description": "Vanity Convenience Kit\nCotton Pads & Cotton Swabs\nRecycled Paper Package\nPacked 500 Per Case", "Images": ["https://s.turbifycdn.com/aah/opa-locka/le-natural-guest-room-vanity-convenience-kit-24.gif"], "Url": "https://towelwholesaler.com/le-natural-guest-room-vanity-convenience-kit.html"}
{"SKU": "BMK-SOAP-30G-Glycerin", "Type": "", "Size": "", "Color": "", "Options": {}, "Price Per Each": "0.74", "Full Price": "221.95", "Stock Status": "In Stock", "Brand": "HOTEL EMPORIUM-Guest Room Amenities", "Category": "Amaki Hotel Amenities", "Sub Category": "Badgley Mischka Hotel Amenities", "Material": "", "Title": "Badgley Mischka Boxed Glycerin Luxury Soap 1.05 Oz", "Description": "Glycerin Soap Bar 1.05 Oz/30g\nSquare Boxed Soap\nCase pack is 300 Bars", "Images": ["https://s.turbifycdn.com/aah/opa-locka/badgley-mischka-boxed-glycerin-soap-1-05-oz-34.gif"], "Url": "https://towelwholesaler.com/badgley-mischka-boxed-glycerin-soap-1-05-oz.html"}
{"SKU": "LN-SC-STD", "Type": "", "Size": "", "Color": "", "Options": {}, "Price Per Each": "0.19", "Full Price": "92.95", "Stock Status": "In Stock", "Brand": "HOTEL EMPORIUM-Guest Room Amenities", "Category": "Amaki Hotel Amenities", "Sub Category": "Badgley Mischka Hotel Amenities", "Material": "", "Title": "Le Natural Guest Room Shower Cap", "Description": "Shower Cap\nOne Size Fits All\nRecycled Paper Package\nPacked 500 Per Case", "Images": ["https://s.turbifycdn.com/aah/opa-locka/le-natural-guest-room-shower-cap-24.gif"], "Url": "https://towelwholesaler.com/le-natural-guest-room-shower-cap.html"}
{"SKU": "LN-MOUTHW-30ML", "Type": "", "Size": "", "Color": "", "Options": {}, "Price Per Each": "0.33", "Full Price": "82.95", "Stock Status": "In Stock", "Brand": "HOTEL EMPORIUM-Guest Room Amenities", "Category": "Amaki Hotel Amenities", "Sub Category": "Badgley Mischka Hotel Amenities", "Material": "", "Title": "Le Natural Guest Room Mouthwash 1.0 Oz", "Description": "Mouthwash\n1.0 Oz, 30 ML\nScrew Top Transparent Bottle\nPacked 250 Per Case", "Images": ["https://s.turbifycdn.com/aah/opa-locka/le-natural-mouthwash-18.gif"], "Url": "https://towelwholesaler.com/le-natural-guest-room-mouthwash-.html"}
{"SKU": "LN-DENTAL-KIT", "Type": "", "Size": "", "Color": "", "Options": {}, "Price Per Each": "0.83", "Full Price": "82.95", "Stock Status": "In Stock", "Brand": "HOTEL EMPORIUM-Guest Room Amenities", "Category": "Amaki Hotel Amenities", "Sub Category": "Badgley Mischka Hotel Amenities", "Material": "", "Title": "Le Natural Guest Room Dental Kit", "Description": "Dental Kit\nIncludes Toothbrush and Toothpaste\nRecycled Paper Box\nPacked 100 Per Case", "Images": ["https://s.turbifycdn.com/aah/opa-locka/le-natural-guest-room-dental-kit-24.gif"], "Url": "https://towelwholesaler.com/le-natural-guest-room-dental-kit.html"}
{"SKU": "BMK-SOAP-50G", "Type": "", "Size": "", "Color": "", "Options": {"Size": "Badgley Mischka Round Egg Soap 1.7 Oz Case of 200"}, "Price Per Each": "0.61", "Full Price": "121.95", "Stock Status": "In Stock", "Brand": "HOTEL EMPORIUM-Guest Room Amenities", "Category": "Amaki Hotel Amenities", "Sub Category": "Badgley Mischka Hotel Amenities", "Material": "", "Title": "Badgley Mischka Round Egg Soap 1.7 Oz", "Description": "Cleansing Soap Bar 1.7 Oz/50g\nRound Egg Soap in Resealable Sachet\nCase pack is 200 Bars", "Images": ["https://s.turbifycdn.com/aah/opa-locka/badgley-mischka-round-egg-soap-1-7-oz-26.gif"], "Url": "https://towelwholesaler.com/badgley-mischka-round-egg-soap-1-7-oz.html"}
{"SKU": "le-natural-guest-room-shaving-kit", "Type": "", "Size": "", "Color": "", "Options": {}, "Price Per Each": "0.58", "Full Price": "57.95", "Stock Status": "In Stock", "Brand": "HOTEL EMPORIUM-Guest Room Amenities", "Category": "Amaki Hotel Amenities", "Sub Category": "Badgley Mischka Hotel Amenities", "Material": "", "Title": "Le Natural Guest Room Shaving Kit", "Description": "Shaving Kit\nIncludes Razor & Shaving Cream\nRecycled Paper Box\nPacked 100 Per Case", "Images": ["https://s.turbifycdn.com/aah/opa-locka/le-natural-guest-room-shaving-kit-31.gif"], "Url": "https://towelwholesaler.com/le-natural-guest-room-shaving-kit.html"}
{"SKU": "LN-BW-30ML", "Type": "", "Size": "", "Color": "", "Options": {}, "Price Per Each": "0.26", "Full Price": "65.95", "Stock Status": "In Stock", "Brand": "HOTEL EMPORIUM-Guest Room Amenities", "Category": "Amaki Hotel Amenities", "Sub Category": "Badgley Mischka Hotel Amenities", "Material": "", "Title": "Le Natural Guest Room Body Wash 1.0 Oz", "Description": "Body Wash\nWhite Tea Essence\nScrew Cap Tube\n1.0 Oz, 30 ML\nCase of 250", "Images": ["https://s.turbifycdn.com/aah/opa-locka/le-natural-guest-room-body-wash-1-0-oz-24.gif"], "Url": "https://towelwholesaler.com/le-natural-guest-room-body-wash-1-0-oz.html"}
{"SKU": "BAD-BL-50ML", "Type": "", "Size": "", "Color": "", "Options": {"Size": "Badgley Mischka Body Lotion 1.7 Oz Bottle Case of 200"}, "Price Per Each": "0.68", "Full Price": "136.95", "Stock Status": "In Stock", "Brand": "HOTEL EMPORIUM-Guest Room Amenities", "Category": "Amaki Hotel Amenities", "Sub Category": "Badgley Mischka Hotel Amenities", "Material": "", "Title": "Badgley Mischka Body Lotion 1.7 Oz Bottle", "Description": "Body Lotion  1.7 Oz/50ml\nChrome Screw Cap Luxury Bottle\nCase pack is 200 Bottles", "Images": ["https://s.turbifycdn.com/aah/opa-locka/badgley-mischka-body-lotion-1-7-oz-bottle-26.gif"], "Url": "https://towelwholesaler.com/badgley-mischka-body-lotion-1-7-oz-bottle.html"}
{"SKU": "BMK-SOAP-25G", "Type": "", "Size": "", "Color": "", "Options": {"Size": "Badgley Mischka Round Paper Pleated Wrapped Soap .88 Oz Case of 300 Bars"}, "Price Per Each": "0.33", "Full Price": "99.95", "Stock Status": "In Stock", "Brand": "HOTEL EMPORIUM-Guest Room Amenities", "Category": "Amaki Hotel Amenities", "Sub Category": "Badgley Mischka Hotel Amenities", "Material": "", "Title": "Badgley Mischka Round Paper Pleated Wrapped Soap .88 Oz", "Description": "Cleansing Soap Bar .88 Oz/25g\nRound Paper Pleating Wrapping\nCase pack is 300 Bars", "Images": ["https://s.turbifycdn.com/aah/opa-locka/round-soap-20.gif"], "Url": "https://towelwholesaler.com/badgley-mischka-round-paper-pleated-wrapped-soap--88-oz.html"}
{"SKU": "BMK-SOAP-30G", "Type": "", "Size": "", "Color": "", "Options": {"Size": "Badgley Mischka Boxed Square Luxury Soap 1.05 Oz Case of 300"}, "Price Per Each": "0.52", "Full Price": "155.95", "Stock Status": "In Stock", "Brand": "HOTEL EMPORIUM-Guest Room Amenities", "Category": "Amaki Hotel Amenities", "Sub Category": "Badgley Mischka Hotel Amenities", "Material": "", "Title": "Badgley Mischka Boxed Square Luxury Soap 1.05 Oz", "Description": "Cleansing Soap Bar 1.05 Oz/30g\nSquare Boxed Soap\nCase pack is 300 Bars", "Images": ["https://s.turbifycdn.com/aah/opa-locka/badgley-mischka-boxed-square-luxury-soap-1-05-oz-26.gif"], "Url": "https://towelwholesaler.com/badgley-mischka-boxed-square-luxury-soap-1-05-oz.html"}
{"SKU": "LN-CON--30ML", "Type": "", "Size": "", "Color": "", "Options": {}, "Price Per Each": "0.29", "Full Price": "71.95", "Stock Status": "In Stock", "Brand": "HOTEL EMPORIUM-Guest Room Amenities", "Category": "Amaki Hotel Amenities", "Sub Category": "Badgley Mischka Hotel Amenities", "Material": "", "Title": "Le Natural Guest Room Conditioner 1.0 Oz", "Description": "Conditioner\nWhite Tea Essence\nScrew Cap Tube\n1.0 Oz, 30 ML\nCase of 250", "Images": ["https://s.turbifycdn.com/aah/opa-locka/le-natural-guest-room-conditioner-18.gif"], "Url": "https://towelwholesaler.com/le-natural-guest-room-conditioner-.html"}
{"SKU": "BMK-BW-40ML", "Type": "", "Size": "", "Color": "", "Options": {"Size": "Badgley Mischka Body Wash/Shower Gel 1.35 Oz Tube Case of 200"}, "Price Per Each": "0.63", "Full Price": "125.95", "Stock Status": "In Stock", "Brand": "HOTEL EMPORIUM-Guest Room Amenities", "Category": "Amaki Hotel Amenities", "Sub Category": "Badgley Mischka Hotel Amenities", "Material": "", "Title": "Badgley Mischka Body Wash/Shower Gel 1.35 Oz Tube", "Description": "Body Wash/Shower Gel  1.35 Oz/40ml\nFlip Cap Tube with Chrome Finish\nCase pack is 200 Tubes", "Images": ["https://s.turbifycdn.com/aah/opa-locka/badgley-mischka-body-wash-shower-gel-1-35-oz-tube-26.gif"], "Url": "https://towelwholesaler.com/badgley-mischka-body-wash-shower-gel-1-35-oz-tube.html"}
{"SKU": "BAD-BW-50ML", "Type": "", "Size": "", "Color": "", "Options": {"Size": "Badgley Mischka Body Wash/Shower Gel 1.7 Oz Bottle Case of 200"}, "Price Per Each": "0.65", "Full Price": "129.95", "Stock Status": "In Stock", "Brand": "HOTEL EMPORIUM-Guest Room Amenities", "Category": "Amaki Hotel Amenities", "Sub Category": "Badgley Mischka Hotel Amenities", "Material": "", "Title": "Badgley Mischka Body Wash/Shower Gel 1.7 Oz Bottle", "Description": "Body Wash/Shower Gel  1.7 Oz/50ml\nChrome Screw Cap Luxury Bottle\nCase pack is 200 Bottles", "Images": ["https://s.turbifycdn.com/aah/opa-locka/badgley-mischka-body-wash-shower-gel-1-7-oz-bottle-27.gif"], "Url": "https://towelwholesaler.com/badgley-mischka-body-wash-shower-gel-1-7-oz-bottle.html"}
{"SKU": "LN-SHA-30ML", "Type": "", "Size": "", "Color": "", "Options": {}, "Price Per Each": "0.26", "Full Price": "65.95", "Stock Status": "In Stock", "Brand": "HOTEL EMPORIUM-Guest Room Amenities", "Category": "Amaki Hotel Amenities", "Sub Category": "Badgley Mischka Hotel Amenities", "Material": "", "Title": "Le Natural Guest Room Shampoo 1.0 Oz", "Description": "Shampoo\nWhite Tea Essence\nScrew Cap Tube\n1.0 Oz, 30 ML\nCase of 250", "Images": ["https://s.turbifycdn.com/aah/opa-locka/le-natural-guest-room-shampoo-33.gif"], "Url": "https://towelwholesaler.com/le-natural-guest-room-shampoo-.html"}
{"SKU": "BMK-BL-40ML", "Type": "", "Size": "", "Color": "", "Options": {"Size": "Badgley Mischka Body Lotion 1.35 Oz Tube Case of 200"}, "Price Per Each": "0.64", "Full Price": "128.95", "Stock Status": "In Stock", "Brand": "HOTEL EMPORIUM-Guest Room Amenities", "Category": "Amaki Hotel Amenities", "Sub Category": "Badgley Mischka Hotel Amenities", "Material": "", "Title": "Badgley Mischka Body Lotion 1.35 Oz Tube", "Description": "Body Lotion  1.35 Oz/40ml\nFlip Cap Tube with Chrome Finish\nCase pack is 200 Tubes", "Images": ["https://s.turbifycdn.com/aah/opa-locka/badgley-mischka-body-lotion-1-35-oz-tube-28.gif"], "Url": "https://towelwholesaler.com/badgley-mischka-body-lotion-1-35-oz-tube.html"}
{"SKU": "Ecopods", "Type": "", "Size": "", "Color": "", "Options": {"Size": "Shampoo"}, "Price Per Each": "176.00", "Full Price": "176", "Stock Status": "In Stock", "Brand": "HOTEL EMPORIUM-Guest Room Amenities", "Category": "Amaki Hotel Amenities", "Sub Category": "Badgley Mischka Hotel Amenities", "Material": "", "Title": "EcoPod Guest Room Amenities", "Description": "Packed 480 Individual Pods Per Carton\nJust Add Water To Use\nZero Plastic packaging\nWater Activated formula\nEco-Friendly-sustainable\nUp to 4 uses per pod", "Images": ["https://s.turbifycdn.com/aah/opa-locka/ecopod-42.gif", "https://s.turbifycdn.com/aah/opa-locka/ecopod-guest-room-amenities-44.gif"], "Url": "https://towelwholesaler.com/ecopod--room-amenities.html"}
{"SKU": "Ecopods", "Type": "", "Size": "", "Color": "", "Options": {"Size": "Body Wash"}, "Price Per Each": "176.00", "Full Price": "176", "Stock Status": "In Stock", "Brand": "HOTEL EMPORIUM-Guest Room Amenities", "Category": "Amaki Hotel Amenities", "Sub Category": "Badgley Mischka Hotel Amenities", "Material": "", "Title": "EcoPod Guest Room Amenities", "Description": "Packed 480 Individual Pods Per Carton\nJust Add Water To Use\nZero Plastic packaging\nWater Activated formula\nEco-Friendly-sustainable\nUp to 4 uses per pod", "Images": ["https://s.turbifycdn.com/aah/opa-locka/ecopod-42.gif", "https://s.turbifycdn.com/aah/opa-locka/ecopod-guest-room-amenities-44.gif"], "Url": "https://towelwholesaler.com/ecopod--room-amenities.html"}
{"SKU": "Ecopods", "Type": "", "Size": "", "Color": "", "Options": {"Size": "Conditioner (+$11)"}, "Price Per Each": "187.00", "Full Price": "176", "Stock Status": "In Stock", "Brand": "HOTEL EMPORIUM-Guest Room Amenities", "Category": "Amaki Hotel Amenities", "Sub Category": "Badgley Mischka Hotel Amenities", "Material": "", "Title": "EcoPod Guest Room Amenities", "Description": "Packed 480 Individual Pods Per Carton\nJust Add Water To Use\nZero Plastic packaging\nWater Activated formula\nEco-Friendly-sustainable\nUp to 4 uses per pod", "Images": ["https://s.turbifycdn.com/aah/opa-locka/ecopod-42.gif", "https://s.turbifycdn.com/aah/opa-locka/ecopod-guest-room-amenities-44.gif"], "Url": "https://towelwholesaler.com/ecopod--room-amenities.html"}
{"SKU": "Ecopods", "Type": "", "Size": "", "Color": "", "Options": {"Size": "Face Wash (+$11)"}, "Price Per Each": "187.00", "Full Price": "176", "Stock Status": "In Stock", "Brand": "HOTEL EMPORIUM-Guest Room Amenities", "Category": "Amaki Hotel Amenities", "Sub Category": "Badgley Mischka Hotel Amenities", "Material": "", "Title": "EcoPod Guest Room Amenities", "Description": "Packed 480 Individual Pods Per Carton\nJust Add Water To Use\nZero Plastic packaging\nWater Activated formula\nEco-Friendly-sustainable\nUp to 4 uses per pod", "Images": ["https://s.turbifycdn.com/aah/opa-locka/ecopod-42.gif", "https://s.turbifycdn.com/aah/opa-locka/ecopod-guest-room-amenities-44.gif"], "Url": "https://towelwholesaler.com/ecopod--room-amenities.html"}
{"SKU": "BMK-CON-40ML", "Type": "", "Size": "", "Color": "", "Options": {}, "Price Per Each": "0.63", "Full Price": "125.95", "Stock Status": "In Stock", "Brand": "HOTEL EMPORIUM-Guest Room Amenities", "Category": "Amaki Hotel Amenities", "Sub Category": "Badgley Mischka Hotel Amenities", "Material": "", "Title": "Badgley Mischka Conditioner 1.35 Oz", "Description": "Conditioner 1.35 Oz/40ml\nFlip Top Tube with Chrome Finish\nCase pack is 200 Tubes", "Images": ["https://s.turbifycdn.com/aah/opa-locka/badgley-mischka-conditioner-1-35-oz-22.gif"], "Url": "https://towelwholesaler.com/badgley-mischka-conditioner-1-35-oz.html"}
{"SKU": "BMK-CON-50ML", "Type": "", "Size": "", "Color": "", "Options": {"Size": "Badgley Mischka Conditioner 1.7 Oz Bottle Case of 200"}, "Price Per Each": "0.64", "Full Price": "128.95", "Stock Status": "In Stock", "Brand": "HOTEL EMPORIUM-Guest Room Amenities", "Category": "Amaki Hotel Amenities", "Sub Category": "Badgley Mischka Hotel Amenities", "Material": "", "Title": "Badgley Mischka Conditioner 1.7 Oz Bottle", "Description": "Conditioner  1.7 Oz/50ml\nChrome Screw Cap Luxury Bottle\nCase pack is 200 Bottles", "Images": ["https://s.turbifycdn.com/aah/opa-locka/badgley-mischka-conditioner-1-7-oz-bottle-26.gif"], "Url": "https://towelwholesaler.com/badgley-mischka-conditioner-1-7-oz-bottle.html"}
{"SKU": "BMK-SHA-50ML", "Type": "", "Size": "", "Color": "", "Options": {"Size": "Badgley Mischka Shampoo 1.7 Oz Bottle  Case of 200"}, "Price Per Each": "0.65", "Full Price": "129.95", "Stock Status": "In Stock", "Brand": "HOTEL EMPORIUM-Guest Room Amenities", "Category": "Amaki Hotel Amenities", "Sub Category": "Badgley Mischka Hotel Amenities", "Material": "", "Title": "Badgley Mischka Shampoo 1.7 Oz Bottle", "Description": "Shampoo 1.7 Oz/50ml\nChrome Screw Cap Luxury Bottle\nCase pack is 200 Bottles", "Images": ["https://s.turbifycdn.com/aah/opa-locka/badgley-mischka-shampoo-1-7-oz-bottle-26.gif"], "Url": "https://towelwholesaler.com/badgley-mischka-shampoo-1-7-oz-bottle.html"}
{"SKU": "AMK-BS-40G", "Type": "", "Size": "", "Color": "", "Options": {"Size": "Amaki Hotel Rectangle Spa Soap-Case of 250"}, "Price Per Each": "121.95", "Full Price": "121.95", "Stock Status": "In Stock", "Brand": "HOTEL EMPORIUM-Guest Room Amenities", "Category": "Amaki Hotel Amenities", "Sub Category": "Amaki Hotel Shampoo 1.35 Oz Tube", "Material": "", "Title": "Amaki Hotel Rectangle Spa Soap 1.4 Oz", "Description": "Amaki Rectangle Spa Soap 1.4 Oz/40g\nResealable Plastic Sachet\nPacked 250 per case", "Images": ["https://s.turbifycdn.com/aah/opa-locka/amaki-hotel-soap-20.gif"], "Url": "https://towelwholesaler.com/amaki-hotel-rectangle-spa-soap-1-4-oz-.html"}
{"SKU": "AMK-BW-40ML", "Type": "", "Size": "", "Color": "", "Options": {"Size": "Amaki Hotel Body Wash 1.35 Oz Tube-Case of 288"}, "Price Per Each": "104.95", "Full Price": "104.95", "Stock Status": "In Stock", "Brand": "HOTEL EMPORIUM-Guest Room Amenities", "Category": "Amaki Hotel Amenities", "Sub Category": "Amaki Hotel Shampoo 1.35 Oz Tube", "Material": "", "Title": "Amaki Hotel Body Wash 1.35 Oz Tube", "Description": "Amaki Hotel Body Wash 1.35 Oz/40ml\nFlip-Top Tube\nPacked 288 per case", "Images": ["https://s.turbifycdn.com/aah/opa-locka/amaki-hotel-body-wash-1-35-oz-tube-26.gif"], "Url": "https://towelwholesaler.com/amaki-hotel-body-wash-1-35-oz-tube.html"}
{"SKU": "AMK-BL-40ML", "Type": "", "Size": "", "Color": "", "Options": {"Size": "Amaki Hotel Body Lotion 1.35 Oz Tube-Case of 288"}, "Price Per Each": "108.95", "Full Price": "108.95", "Stock Status": "In Stock", "Brand": "HOTEL EMPORIUM-Guest Room Amenities", "Category": "Amaki Hotel Amenities", "Sub Category": "Amaki Hotel Shampoo 1.35 Oz Tube", "Material": "", "Title": "Amaki Hotel Body Lotion 1.35 Oz Tube", "Description": "Amaki Hotel Body Lotion 1.35 Oz/40ml\nFlip-Top Tube\nPacked 288 per case", "Images": ["https://s.turbifycdn.com/aah/opa-locka/amaki-hotel-body-lotion-1-35-oz-tube-26.gif"], "Url": "https://towelwholesaler.com/amaki-hotel-body-lotion-1-35-oz-tube.html"}
{"SKU": "BMK-SHA-40ML", "Type": "", "Size": "", "Color": "", "Options": {"Size": "Shampoo Tube 1.35 Oz  Case of 200"}, "Price Per Each": "0.63", "Full Price": "125.95", "Stock Status": "In Stock", "Brand": "HOTEL EMPORIUM-Guest Room Amenities", "Category": "Amaki Hotel Amenities", "Sub Category": "Badgley Mischka Hotel Amenities", "Material": "", "Title": "Badgley Mischka Shampoo 1.35 Oz", "Description": "Shampoo 1.35 Oz/40ml\nFlip Top Tube with Chrome Finish\nCase pack is 200 Tubes", "Images": ["https://s.turbifycdn.com/aah/opa-locka/badgley-mischka-shampoo-1-35-oz-22.gif"], "Url": "https://towelwholesaler.com/badgley-mischka-shampoo-1-35-oz.html"}
{"SKU": "AMK-FS-21G", "Type": "", "Size": "", "Color": "", "Options": {"Size": "Amaki Hotel Round Spa Facial Soap-Case of 500"}, "Price Per Each": "145.95", "Full Price": "145.95", "Stock Status": "In Stock", "Brand": "HOTEL EMPORIUM-Guest Room Amenities", "Category": "Amaki Hotel Amenities", "Sub Category": "Amaki Hotel Shampoo 1.35 Oz Tube", "Material": "", "Title": "Amaki Hotel Round Spa Facial Soap .75 Oz", "Description": "Amaki Round Spa Facial Soap .75 Oz/21g\nResealable Plastic Sachet\nPacked 500 per case", "Images": ["https://s.turbifycdn.com/aah/opa-locka/amaki-hotel-face-soap-20.gif"], "Url": "https://towelwholesaler.com/amaki-hotel-round-spa-facial-soap--75-oz-.html"}
{"SKU": "TG-CON-30ML2", "Type": "", "Size": "", "Color": "", "Options": {}, "Price Per Each": "0.24", "Full Price": "69.95", "Stock Status": "In Stock", "Brand": "HOTEL EMPORIUM-Guest Room Amenities", "Category": "Amaki Hotel Amenities", "Sub Category": "Badgley Mischka Hotel Amenities", "Material": "", "Title": "Hotel Room Amenities-Conditioner 1.0 Oz", "Description": "Conditioner\n1.0 Oz, 30 ML\nScrew Cap\nLemongrass Essence\nCase of 288 Tubes", "Images": ["https://s.turbifycdn.com/aah/opa-locka/terra-green-hotel-room-conditioner1-18.gif"], "Url": "https://towelwholesaler.com/terra-green-hotel-room-conditioner1.html"}
{"SKU": "TG-SHA--30ML2", "Type": "", "Size": "", "Color": "", "Options": {}, "Price Per Each": "0.24", "Full Price": "69.95", "Stock Status": "In Stock", "Brand": "HOTEL EMPORIUM-Guest Room Amenities", "Category": "Amaki Hotel Amenities", "Sub Category": "Badgley Mischka Hotel Amenities", "Material": "", "Title": "Hotel Room Amenities- Shampoo 1.0 Oz", "Description": "Shampoo\n1.0 Oz, 30 ML\nScrew Cap\nLemongrass Essence\nCase of 288 Tubes", "Images": ["https://s.turbifycdn.com/aah/opa-locka/terra-green-hotel-room-amenities-shampoo-24.gif"], "Url": "https://towelwholesaler.com/terra-green-hotel-room-amenities-shampoo-.html"}
{"SKU": "TG-BW-30ML2", "Type": "", "Size": "", "Color": "", "Options": {}, "Price Per Each": "0.24", "Full Price": "69.95", "Stock Status": "In Stock", "Brand": "HOTEL EMPORIUM-Guest Room Amenities", "Category": "Amaki Hotel Amenities", "Sub Category": "Badgley Mischka Hotel Amenities", "Material": "", "Title": "Hotel Room Amenities-Body Wash 1.0 Oz", "Description": "Body Wash\n1.0 Oz, 30 ML\nScrew Cap\nLemongrass Essence\nCase of 288 Tubes", "Images": ["https://s.turbifycdn.com/aah/opa-locka/terra-green-hotel-room-amenities-body-wash-1-0-oz-24.gif"], "Url": "https://towelwholesaler.com/terra-green-hotel-room-amenities-body-wash.html"}
{"SKU": "TG-BL-30ML2", "Type": "", "Size": "", "Color": "", "Options": {}, "Price Per Each": "0.24", "Full Price": "69.95", "Stock Status": "In Stock", "Brand": "HOTEL EMPORIUM-Guest Room Amenities", "Category": "Amaki Hotel Amenities", "Sub Category": "Badgley Mischka Hotel Amenities", "Material": "", "Title": "Hotel Room Amenities-Body Lotion 1.0 Oz", "Description": "Body Lotion\n1.0 Oz, 30 ML\nScrew Cap\nLemongrass Essence\nCase of 288 Tubes", "Images": ["https://s.turbifycdn.com/aah/opa-locka/terra-green-hotel-room-amenities-body-lotion-1-18.gif"], "Url": "https://towelwholesaler.com/terra-green-hotel-room-amenities-body-lotion-1.html"}
{"SKU": "OXY-CON-40ML", "Type": "", "Size": "", "Color": "", "Options": {}, "Price Per Each": "0.33", "Full Price": "93.95", "Stock Status": "In Stock", "Brand": "HOTEL EMPORIUM-Guest Room Amenities", "Category": "Amaki Hotel Amenities", "Sub Category": "Badgley Mischka Hotel Amenities", "Material": "", "Title": "O2 Oxygen Collection Conditioner 1.35 Oz", "Description": "Conditioner\nCitrus Jasmine\n1.35 Oz, 40ML\nTube with Screw Cap\nCase of 288 Tubes", "Images": ["https://s.turbifycdn.com/aah/opa-locka/o2-oxygen-collection-conditioner-18.gif"], "Url": "https://towelwholesaler.com/o2-oxygen-collection-conditioner-.html"}
{"SKU": "OXY-CONSHA-40ML", "Type": "", "Size": "", "Color": "", "Options": {}, "Price Per Each": "0.32", "Full Price": "91.95", "Stock Status": "In Stock", "Brand": "HOTEL EMPORIUM-Guest Room Amenities", "Category": "Amaki Hotel Amenities", "Sub Category": "Badgley Mischka Hotel Amenities", "Material": "", "Title": "O2 Oxygen Collection Conditioning Shampoo 1.35 Oz", "Description": "Conditioning Shampoo\n1.35 Oz, 40ML\nLemon Ginger\nTube with Screw Cap\nCase of 288 Tubes", "Images": ["https://s.turbifycdn.com/aah/opa-locka/o2-oxygen-collection-conditioning-shampoo-32.gif"], "Url": "https://towelwholesaler.com/o2-oxygen-collection-conditioning-shampoo-.html"}
{"SKU": "OXY-BW-40ML", "Type": "", "Size": "", "Color": "", "Options": {}, "Price Per Each": "0.32", "Full Price": "91.95", "Stock Status": "In Stock", "Brand": "HOTEL EMPORIUM-Guest Room Amenities", "Category": "Amaki Hotel Amenities", "Sub Category": "Badgley Mischka Hotel Amenities", "Material": "", "Title": "O2 Oxygen Collection Body Wash Shower Gel 1.35 Oz", "Description": "Shower Gel (Body Wash)\n1.35 Oz, 40ML\nWhite Lily\nTube with Screw Cap\nCase of 288 Tubes", "Images": ["https://s.turbifycdn.com/aah/opa-locka/o2-oxygen-collection-conditioning-shower-gel-1-18.gif"], "Url": "https://towelwholesaler.com/o2-oxygen-collection-conditioning-shower-gel-1.html"}
{"SKU": "OXY-BL-40ML", "Type": "", "Size": "", "Color": "", "Options": {}, "Price Per Each": "0.33", "Full Price": "93.95", "Stock Status": "In Stock", "Brand": "HOTEL EMPORIUM-Guest Room Amenities", "Category": "Amaki Hotel Amenities", "Sub Category": "Badgley Mischka Hotel Amenities", "Material": "", "Title": "O2 Oxygen Collection Body Lotion 1.35 Oz", "Description": "Body Lotion\n1.35 Oz, 40ML\nAloe Vera\nTube with Screw Cap\nCase of 288 Tubes", "Images": ["https://s.turbifycdn.com/aah/opa-locka/o2-oxygen-collection-body-lotion-36.gif"], "Url": "https://towelwholesaler.com/o2-oxygen-collection-body-lotion.html"}
{"SKU": "OXY-SOAP-28G", "Type": "", "Size": "", "Color": "", "Options": {}, "Price Per Each": "0.29", "Full Price": "85.95", "Stock Status": "In Stock", "Brand": "HOTEL EMPORIUM-Guest Room Amenities", "Category": "Amaki Hotel Amenities", "Sub Category": "Badgley Mischka Hotel Amenities", "Material": "", "Title": "O2 Oxygen Collection Square Sachet Bath Soap 1.0 Oz", "Description": "Square Bath Soap\n1.0 Oz, 28g\nInfused with refreshing Lemon Ginger\nIndividual Sachet\nCase of 300 Bars", "Images": ["https://s.turbifycdn.com/aah/opa-locka/o2-oxygen-collection-square-sachet-bath-soap-18.gif"], "Url": "https://towelwholesaler.com/o2-oxygen-collection-square-sachet-bath-soap-.html"}
{"SKU": "OXY-SOAP-42G", "Type": "", "Size": "", "Color": "", "Options": {}, "Price Per Each": "0.42", "Full Price": "104.95", "Stock Status": "In Stock", "Brand": "HOTEL EMPORIUM-Guest Room Amenities", "Category": "Amaki Hotel Amenities", "Sub Category": "Badgley Mischka Hotel Amenities", "Material": "", "Title": "O2 Oxygen Collection Rectangular Boxed Bath Soap 1.5 Oz", "Description": "Rectangular Bath Soap\n1.5 Oz, 42g\nInfused with refreshing Aloe Vera\nIndividual Box\nCase of 250 Bars", "Images": ["https://s.turbifycdn.com/aah/opa-locka/oxygen-soap-18.gif"], "Url": "https://towelwholesaler.com/o2-oxygen-collection--rectangular-boxed-bath-soap-.html"}
{"SKU": "OXY-SHA-40ML", "Type": "", "Size": "", "Color": "", "Options": {}, "Price Per Each": "0.32", "Full Price": "91.95", "Stock Status": "In Stock", "Brand": "HOTEL EMPORIUM-Guest Room Amenities", "Category": "Amaki Hotel Amenities", "Sub Category": "Badgley Mischka Hotel Amenities", "Material": "", "Title": "O2 Oxygen Collection Shampoo 1.35 Oz", "Description": "Shampoo\n1.35 Oz, 40ML\nLemon Ginger\nTube with Screw Cap\nCase of 288 Tubes", "Images": ["https://s.turbifycdn.com/aah/opa-locka/o2-oxygen-collection-shampoo-1-18.gif"], "Url": "https://towelwholesaler.com/o2-oxygen-collection-shampoo-1.html"}
{"SKU": "OXY-SOAP-25G", "Type": "", "Size": "", "Color": "", "Options": {}, "Price Per Each": "0.26", "Full Price": "127.95", "Stock Status": "In Stock", "Brand": "HOTEL EMPORIUM-Guest Room Amenities", "Category": "Amaki Hotel Amenities", "Sub Category": "Badgley Mischka Hotel Amenities", "Material": "", "Title": "O2 Oxygen Collection Oval Bath Soap .88 Oz", "Description": "Oval Bath Soap\n.88 Oz, 25g\nInfused with Exfoliating White Lily\nFilm Wrapped\nCase of 500 Bars", "Images": ["https://s.turbifycdn.com/aah/opa-locka/o2-oxygen-collection-oval-bath-soap-18.gif"], "Url": "https://towelwholesaler.com/o2-oxygen-collection-oval-bath-soap-.html"}
{"SKU": "OXY-SC-POUCH", "Type": "", "Size": "", "Color": "", "Options": {}, "Price Per Each": "0.14", "Full Price": "137", "Stock Status": "In Stock", "Brand": "HOTEL EMPORIUM-Guest Room Amenities", "Category": "Amaki Hotel Amenities", "Sub Category": "Badgley Mischka Hotel Amenities", "Material": "", "Title": "O2 Oxygen Collection Shower Cap", "Description": "Shower Cap\nWaterproof\nIndividual Sachet Pouch\nCase of 1000 Caps", "Images": ["https://s.turbifycdn.com/aah/opa-locka/o2-oxygen-collection-shower-cap-24.gif"], "Url": "https://towelwholesaler.com/o2-oxygen-collection-shower-cap.html"}
{"SKU": "OXY-SOAP-12G", "Type": "", "Size": "", "Color": "", "Options": {}, "Price Per Each": "0.12", "Full Price": "124.95", "Stock Status": "In Stock", "Brand": "HOTEL EMPORIUM-Guest Room Amenities", "Category": "Amaki Hotel Amenities", "Sub Category": "Badgley Mischka Hotel Amenities", "Material": "", "Title": "O2 Oxygen Collection Round Paper Pleat Wrap Soap .44 Oz", "Description": "Round Soap\n.44 Oz, 12g\nPaper Pleated Wrapped\nCase of 1000 Bars", "Images": ["https://s.turbifycdn.com/aah/opa-locka/o2-oxygen-collection-round-paper-pleat-wrap-soap-18.gif"], "Url": "https://towelwholesaler.com/o2-oxygen-collection-round-paper-pleat-wrap-soap.html"}
{"SKU": "OXY-BW-22ML", "Type": "", "Size": "", "Color": "", "Options": {}, "Price Per Each": "0.22", "Full Price": "63.95", "Stock Status": "In Stock", "Brand": "HOTEL EMPORIUM-Guest Room Amenities", "Category": "Amaki Hotel Amenities", "Sub Category": "Badgley Mischka Hotel Amenities", "Material": "", "Title": "O2 Oxygen Collection Shower Gel .75 Oz", "Description": "Shower Gel (Body Wash)\n.75 Oz, 22ML\nWhite Lily\nTube with Screw Cap\nCase of 288 Tubes", "Images": ["https://s.turbifycdn.com/aah/opa-locka/o2-oxygen-collection-conditioning-shower-gel-18.gif"], "Url": "https://towelwholesaler.com/o2-oxygen-collection-conditioning-shower-gel-.html"}
{"SKU": "OXY-BL-22ML", "Type": "", "Size": "", "Color": "", "Options": {}, "Price Per Each": "0.23", "Full Price": "66.95", "Stock Status": "In Stock", "Brand": "HOTEL EMPORIUM-Guest Room Amenities", "Category": "Amaki Hotel Amenities", "Sub Category": "Badgley Mischka Hotel Amenities", "Material": "", "Title": "O2 Oxygen Collection Body Lotion .75 Oz", "Description": "Body Lotion\n.75 Oz, 22ML\nAloe Vera\nTube with Screw Cap\nCase of 288 Tubes", "Images": ["https://s.turbifycdn.com/aah/opa-locka/o2-oxygen-collection-body-lotion-32.gif"], "Url": "https://towelwholesaler.com/o2-oxygen-collection-body-lotion-.html"}
{"SKU": "OXY-CON-22ML", "Type": "", "Size": "", "Color": "", "Options": {}, "Price Per Each": "0.23", "Full Price": "66.95", "Stock Status": "In Stock", "Brand": "HOTEL EMPORIUM-Guest Room Amenities", "Category": "Amaki Hotel Amenities", "Sub Category": "Badgley Mischka Hotel Amenities", "Material": "", "Title": "O2 Oxygen Collection Conditioner .75 Oz", "Description": "Conditioner\n.75 Oz, 22ML\nCitrus Jasmine\nTube with Screw Cap\nCase of 288 Tubes", "Images": ["https://s.turbifycdn.com/aah/opa-locka/o2-oxygen-collection-conditioner-75-oz-24.gif"], "Url": "https://towelwholesaler.com/o2-oxygen-collection-conditioner.html"}
{"SKU": "OXY-CONSHA-22ML", "Type": "", "Size": "", "Color": "", "Options": {}, "Price Per Each": "0.22", "Full Price": "63.95", "Stock Status": "In Stock", "Brand": "HOTEL EMPORIUM-Guest Room Amenities", "Category": "Amaki Hotel Amenities", "Sub Category": "Badgley Mischka Hotel Amenities", "Material": "", "Title": "O2 Oxygen Collection Conditioning Shampoo .75 Oz", "Description": "Conditioning Shampoo\n.75 Oz, 22ML\nLemon Ginger\nTube with Screw Cap\nCase of 288 Tubes", "Images": ["https://s.turbifycdn.com/aah/opa-locka/o2-oxygen-collection-conditioning-shampoo-36.gif"], "Url": "https://towelwholesaler.com/o2-oxygen-collection-conditioning-shampoo.html"}
{"SKU": "OXY-FF-HFS", "Type": "", "Size": "", "Color": "", "Options": {"Size": "Hand & Face Soap 30g case of 288"}, "Price Per Each": "0.39", "Full Price": "112.95", "Stock Status": "In Stock", "Brand": "HOTEL EMPORIUM-Guest Room Amenities", "Category": "Amaki Hotel Amenities", "Sub Category": "Badgley Mischka Hotel Amenities", "Material": "", "Title": "O2 Oxygen Fragrance Free Hand & Face Bar Soap 30G/1.05 Oz", "Description": "Hand &  Face Soap\n30g Bar, 1.05 oz\nRecycled Paper Box", "Images": ["https://s.turbifycdn.com/aah/opa-locka/o2-ff-soap-30-15.gif"], "Url": "https://towelwholesaler.com/o2-oxygen-fragrance-free-hand---face-bar-soap-30g.html"}
{"SKU": "AME-SC", "Type": "", "Size": "", "Color": "", "Options": {"Size": "Simply Me Shower Cap in Sachet-Case of 500"}, "Price Per Each": "50.00", "Full Price": "50", "Stock Status": "In Stock", "Brand": "HOTEL EMPORIUM-Guest Room Amenities", "Category": "Amaki Hotel Amenities", "Sub Category": "Badgley Mischka Hotel Amenities", "Material": "", "Title": "Simply Me-Shower Cap in Sachet", "Description": "", "Images": ["https://s.turbifycdn.com/aah/opa-locka/simply-me-shower-cap-in-sachet-23.gif"], "Url": "https://towelwholesaler.com/simply-me-shower-cap-in-sachet.html"}
{"SKU": "OXY_FF-BL50", "Type": "", "Size": "", "Color": "", "Options": {"Size": "Oxygen Fragrance Free Body Lotion Case of 192"}, "Price Per Each": "0.41", "Full Price": "78.95", "Stock Status": "In Stock", "Brand": "HOTEL EMPORIUM-Guest Room Amenities", "Category": "Amaki Hotel Amenities", "Sub Category": "Badgley Mischka Hotel Amenities", "Material": "", "Title": "O2 Oxygen Fragrance Free Body Lotion 1.7 Oz", "Description": "Body Lotion 1.7 oz/50 ml\nBottle with Screw Top", "Images": ["https://s.turbifycdn.com/aah/opa-locka/o2-oxygen-fragrance-free-body-lotion-19.gif"], "Url": "https://towelwholesaler.com/o2-oxygen-fragrance-free-body-lotion.html"}
{"SKU": "OXY--FF-BW50", "Type": "", "Size": "", "Color": "", "Options": {"Size": "Oxygen Fragrance Free Body Wash Case of 192"}, "Price Per Each": "0.40", "Full Price": "76.95", "Stock Status": "In Stock", "Brand": "HOTEL EMPORIUM-Guest Room Amenities", "Category": "Amaki Hotel Amenities", "Sub Category": "Badgley Mischka Hotel Amenities", "Material": "", "Title": "O2 Oxygen Fragrance Free Body Wash 1.7 Oz", "Description": "Body Wash 1.7 oz/50 ml\nBottle with Screw Top", "Images": ["https://s.turbifycdn.com/aah/opa-locka/o2-oxygen-fragrance-free-body-wash-18.gif"], "Url": "https://towelwholesaler.com/o2-oxygen-fragrance-free-body-wash.html"}
{"SKU": "AME-SC-BX", "Type": "", "Size": "", "Color": "", "Options": {"Size": "Simply Me Shower Cap in Pillow Box-Case of 500"}, "Price Per Each": "90.00", "Full Price": "90", "Stock Status": "In Stock", "Brand": "HOTEL EMPORIUM-Guest Room Amenities", "Category": "Amaki Hotel Amenities", "Sub Category": "Badgley Mischka Hotel Amenities", "Material": "", "Title": "Simply Me-Shower Cap in Pillow Box", "Description": "", "Images": ["https://s.turbifycdn.com/aah/opa-locka/simply-me-shower-cap-in-pillow-box-23.gif"], "Url": "https://towelwholesaler.com/simply-me-shower-cap-in-pillow-box.html"}
{"SKU": "OXY-FF-BBS", "Type": "", "Size": "", "Color": "", "Options": {"Size": "Bath & Body Soap 60g case of 216 Bars"}, "Price Per Each": "0.74", "Full Price": "159.95", "Stock Status": "In Stock", "Brand": "HOTEL EMPORIUM-Guest Room Amenities", "Category": "Amaki Hotel Amenities", "Sub Category": "Badgley Mischka Hotel Amenities", "Material": "", "Title": "O2 Oxygen Fragrance Free Bath & Body Bar Soap 60G/2 Oz", "Description": "Bath & Body Soap\n60g Bar, 2 oz\nRecycled Paper Box", "Images": ["https://s.turbifycdn.com/aah/opa-locka/o2-oxygen-soap-30-15.gif"], "Url": "https://towelwholesaler.com/o2-oxygen-fragrance-free-bath---body-bar-soap-60g.html"}
{"SKU": "OXY-FF-CON50", "Type": "", "Size": "", "Color": "", "Options": {"Size": "Oxygen Fragrance Free Conditioner Case of 192"}, "Price Per Each": "0.41", "Full Price": "78.95", "Stock Status": "In Stock", "Brand": "HOTEL EMPORIUM-Guest Room Amenities", "Category": "Amaki Hotel Amenities", "Sub Category": "Badgley Mischka Hotel Amenities", "Material": "", "Title": "O2 Oxygen Fragrance Free Conditioner 1.7 Oz", "Description": "Conditioner 1.7 oz/50 ml\nBottle with Screw Top", "Images": ["https://s.turbifycdn.com/aah/opa-locka/o2-oxygen-fragrance-free-conditioner-18.gif"], "Url": "https://towelwholesaler.com/o2-oxygen-fragrance-free-conditioner.html"}
{"SKU": "Roots-sc", "Type": "", "Size": "", "Color": "", "Options": {"Size": "Roots Shower Caps--Carton of 500"}, "Price Per Each": "87.95", "Full Price": "87.95", "Stock Status": "In Stock", "Brand": "HOTEL EMPORIUM-Guest Room Amenities", "Category": "Amaki Hotel Amenities", "Sub Category": "Badgley Mischka Hotel Amenities", "Material": "", "Title": "Roots Shower Cap", "Description": "Individually Boxed\n500 Per Case", "Images": ["https://s.turbifycdn.com/aah/opa-locka/roots-shower-cap-standard-size-25.gif"], "Url": "https://towelwholesaler.com/roots-shower-cap.html"}
{"SKU": "OXY-SHA-22ML", "Type": "", "Size": "", "Color": "", "Options": {}, "Price Per Each": "0.22", "Full Price": "63.95", "Stock Status": "In Stock", "Brand": "HOTEL EMPORIUM-Guest Room Amenities", "Category": "Amaki Hotel Amenities", "Sub Category": "Badgley Mischka Hotel Amenities", "Material": "", "Title": "O2 Oxygen Collection Shampoo .75 Oz", "Description": "Shampoo\n.75 Oz, 22ML\nLemon Ginger\nTube with Screw Cap\nCase of 288 Tubes", "Images": ["https://s.turbifycdn.com/aah/opa-locka/o2-oxygen-collection-shampoo-18.gif"], "Url": "https://towelwholesaler.com/o2-oxygen-collection-shampoo-.html"}
{"SKU": "", "Type": "", "Size": "", "Color": "", "Options": {}, "Price Per Each": "", "Full Price": "", "Stock Status": "In Stock", "Brand": "HOTEL EMPORIUM-Guest Room Amenities", "Category": "Amaki Hotel Amenities", "Sub Category": "Badgley Mischka Hotel Amenities", "Material": "", "Title": "Roots Dental Kit", "Description": "Toothbrush\nColgate Toothpaste 5g\nSachet package with \"Roots Aromatherapy\" logo\n100 Individually wrapped kits per case", "Images": [], "Url": ""}
{"SKU": "AME-VK", "Type": "", "Size": "", "Color": "", "Options": {"Size": "Simply Me Vanity Kit in Pillow Box-Case of 500"}, "Price Per Each": "99.99", "Full Price": "99.99", "Stock Status": "In Stock", "Brand": "HOTEL EMPORIUM-Guest Room Amenities", "Category": "Amaki Hotel Amenities", "Sub Category": "Badgley Mischka Hotel Amenities", "Material": "", "Title": "Simply Me-Vanity Kit", "Description": "", "Images": ["https://s.turbifycdn.com/aah/opa-locka/simply-me-vanity-kit-37.gif"], "Url": "https://towelwholesaler.com/simply-me-vanity-kit.html"}
{"SKU": "AME-SHOE", "Type": "", "Size": "", "Color": "", "Options": {"Size": "Simply Me Shoe Mitt-Case of 500"}, "Price Per Each": "130.00", "Full Price": "130", "Stock Status": "In Stock", "Brand": "HOTEL EMPORIUM-Guest Room Amenities", "Category": "Amaki Hotel Amenities", "Sub Category": "Badgley Mischka Hotel Amenities", "Material": "", "Title": "Simply Me-Shoe Mitt", "Description": "", "Images": ["https://s.turbifycdn.com/aah/opa-locka/simply-me-shoe-mitt-28.gif", "https://s.turbifycdn.com/aah/opa-locka/simply-me-shoe-mitt-30.gif"], "Url": "https://towelwholesaler.com/simply-me-shoe-mitt.html"}
{"SKU": "Roots-BS-40G", "Type": "", "Size": "", "Color": "", "Options": {"Size": "Roots Aromatherapy Boxed Face & Body Soap Bar-Case of 250"}, "Price Per Each": "98.95", "Full Price": "98.95", "Stock Status": "In Stock", "Brand": "HOTEL EMPORIUM-Guest Room Amenities", "Category": "Amaki Hotel Amenities", "Sub Category": "Badgley Mischka Hotel Amenities", "Material": "", "Title": "Roots Aromatherapy Boxed Face & Body Soap Bar", "Description": "Roots Aromatherapy Boxed Cleansing Soap 1.4 Oz/40g\nFace & Body Soap\nPacked 250 Per Case", "Images": ["https://s.turbifycdn.com/aah/opa-locka/roots-boxed-soap-20.gif"], "Url": "https://towelwholesaler.com/roots-aromatherapy-boxed-face---body-soap-bar.html"}
{"SKU": "OXY-FF-SHA50", "Type": "", "Size": "", "Color": "", "Options": {"Size": "Oxygen Fragrance Free Shampoo Case of 192"}, "Price Per Each": "0.40", "Full Price": "76.95", "Stock Status": "In Stock", "Brand": "HOTEL EMPORIUM-Guest Room Amenities", "Category": "Amaki Hotel Amenities", "Sub Category": "Badgley Mischka Hotel Amenities", "Material": "", "Title": "O2 Oxygen Fragrance Free Shampoo 1.7 Oz", "Description": "Shampoo 1.7 oz/50 ml\nBottle with Screw Top", "Images": ["https://s.turbifycdn.com/aah/opa-locka/o2-oxygen-fragrance-free-shampoo-18.gif"], "Url": "https://towelwholesaler.com/o2-oxygen-fragrance-free-shampoo.html"}
{"SKU": "Roots-FS-28G", "Type": "", "Size": "", "Color": "", "Options": {"Size": "Roots Aromatherapy Round Facial Soap-Case of 500"}, "Price Per Each": "137.95", "Full Price": "137.95", "Stock Status": "In Stock", "Brand": "HOTEL EMPORIUM-Guest Room Amenities", "Category": "Amaki Hotel Amenities", "Sub Category": "Badgley Mischka Hotel Amenities", "Material": "", "Title": "Roots Aromatherapy Round Facial Soap", "Description": "Roots Aromatherapy Round Wrapped Paper Pleat Soap\nCleansing Soap  1.0 Oz/28g\nPacked 500 Per Case", "Images": ["https://s.turbifycdn.com/aah/opa-locka/roots-aromatherapy-round-facial-soap-26.gif"], "Url": "https://towelwholesaler.com/roots-aromatherapy-round-facial-soap.html"}
{"SKU": "roots-aromatherapy-body-lotion-flip-cap-bottle-1-5-oz", "Type": "", "Size": "", "Color": "", "Options": {}, "Price Per Each": "0.38", "Full Price": "95.95", "Stock Status": "In Stock", "Brand": "HOTEL EMPORIUM-Guest Room Amenities", "Category": "Amaki Hotel Amenities", "Sub Category": "Badgley Mischka Hotel Amenities", "Material": "", "Title": "Roots Aromatherapy Body Lotion Flip Cap Bottle 1.5 Oz", "Description": "Roots Aromatherapy Body Lotion w/Eucalyptus Essence\nFlip Cap Bottle 1.5 Oz\nPacked 250 Per Case", "Images": ["https://s.turbifycdn.com/aah/opa-locka/roots-aromatherapy-body-lotion-flip-cap-bottle-1-5-oz-24.gif"], "Url": "https://towelwholesaler.com/roots-aromatherapy-body-lotion-flip-cap-bottle-1-5-oz.html"}
{"SKU": "AME-SEW", "Type": "", "Size": "", "Color": "", "Options": {"Size": "Simply Me Sewing Kit/Mending Kit Case of 500"}, "Price Per Each": "0.15", "Full Price": "75", "Stock Status": "In Stock", "Brand": "HOTEL EMPORIUM-Guest Room Amenities", "Category": "Amaki Hotel Amenities", "Sub Category": "Badgley Mischka Hotel Amenities", "Material": "", "Title": "Simply Me-Sewing Kit/Mending Kit", "Description": "", "Images": ["https://s.turbifycdn.com/aah/opa-locka/simply-me-sewing-kit-mending-kit-23.gif"], "Url": "https://towelwholesaler.com/simply-me-sewing-kit-mending-kit.html"}
{"SKU": "simply-me-shaving-kit", "Type": "", "Size": "", "Color": "", "Options": {"Size": "Simply Me Shaving Kit-Case of 50"}, "Price Per Each": "25.00", "Full Price": "25", "Stock Status": "In Stock", "Brand": "HOTEL EMPORIUM-Guest Room Amenities", "Category": "Amaki Hotel Amenities", "Sub Category": "Badgley Mischka Hotel Amenities", "Material": "", "Title": "Simply Me-Shaving Kit", "Description": "", "Images": ["https://s.turbifycdn.com/aah/opa-locka/simply-me-shaving-kit-23.gif"], "Url": "https://towelwholesaler.com/simply-me-shaving-kit.html"}
{"SKU": "ROOTS-CS-45ML", "Type": "", "Size": "", "Color": "", "Options": {"Size": "Roots Aromatherapy Conditioning Shampoo Flip Cap Bottle 1.5 Oz-Case of 250"}, "Price Per Each": "93.95", "Full Price": "93.95", "Stock Status": "In Stock", "Brand": "HOTEL EMPORIUM-Guest Room Amenities", "Category": "Amaki Hotel Amenities", "Sub Category": "Badgley Mischka Hotel Amenities", "Material": "", "Title": "Roots Aromatherapy Conditioning Shampoo Flip Cap Bottle", "Description": "Roots Aromatherapy Conditioning Shampoo w/Eucalyptus Essence\nFlip Cap Bottle 1.5 Oz\nPacked 250 Per Case", "Images": ["https://s.turbifycdn.com/aah/opa-locka/roots-aromatherapy-conditioning-shampoo-flip-cap-bottle-42.gif"], "Url": "https://towelwholesaler.com/roots-aromatherapy-conditioning-shampoo-flip-cap-bottle.html"}
{"SKU": "Roots-con-45ML", "Type": "", "Size": "", "Color": "", "Options": {"Size": "Roots Aromatherapy Conditioner-Case of 250"}, "Price Per Each": "95.95", "Full Price": "95.95", "Stock Status": "In Stock", "Brand": "HOTEL EMPORIUM-Guest Room Amenities", "Category": "Amaki Hotel Amenities", "Sub Category": "Badgley Mischka Hotel Amenities", "Material": "", "Title": "Roots Aromatherapy Conditioner Flip Cap Bottle 1.5 Oz", "Description": "Roots Aromatherapy Conditioning w/Eucalyptus Essence\nFlip Cap Bottle 1.5 Oz\nPacked 250 Per Case", "Images": ["https://s.turbifycdn.com/aah/opa-locka/roots-cond-bot-20.gif"], "Url": "https://towelwholesaler.com/roots-aromatherapy-conditioner-flip-cap-bottle-1-5-oz-.html"}
{"SKU": "Roots-BW-45ML", "Type": "", "Size": "", "Color": "", "Options": {"Size": "Roots Aromatherapy Body Wash Flip Cap Bottle 1.5 Oz-Case of 250"}, "Price Per Each": "93.95", "Full Price": "93.95", "Stock Status": "In Stock", "Brand": "HOTEL EMPORIUM-Guest Room Amenities", "Category": "Amaki Hotel Amenities", "Sub Category": "Badgley Mischka Hotel Amenities", "Material": "", "Title": "Roots Aromatherapy Body Wash Flip Cap Bottle 1.5 Oz", "Description": "Roots Aromatherapy Body Wash w/Eucalyptus Essence\nFlip Cap Bottle 1.5 Oz\nPacked 250 Per Case", "Images": ["https://s.turbifycdn.com/aah/opa-locka/roots-body-wash-20.gif"], "Url": "https://towelwholesaler.com/roots-aromatherapy-body-wash-flip-cap-bottle-1-5-oz.html"}
{"SKU": "AME-Loofah", "Type": "", "Size": "", "Color": "", "Options": {"Size": "Simply Me Loofah-Case of 100"}, "Price Per Each": "150.00", "Full Price": "150", "Stock Status": "In Stock", "Brand": "HOTEL EMPORIUM-Guest Room Amenities", "Category": "Amaki Hotel Amenities", "Sub Category": "Badgley Mischka Hotel Amenities", "Material": "", "Title": "Simply Me-Loofah", "Description": "", "Images": ["https://s.turbifycdn.com/aah/opa-locka/simply-me-loofah-25.gif"], "Url": "https://towelwholesaler.com/simply-me-loofah.html"}
{"SKU": "AME-DK", "Type": "", "Size": "", "Color": "", "Options": {"Size": "Simply Me Dental Kit-Carton of 200"}, "Price Per Each": "140.00", "Full Price": "140", "Stock Status": "In Stock", "Brand": "HOTEL EMPORIUM-Guest Room Amenities", "Category": "Amaki Hotel Amenities", "Sub Category": "Badgley Mischka Hotel Amenities", "Material": "", "Title": "Simply Me-Dental Kit", "Description": "", "Images": ["https://s.turbifycdn.com/aah/opa-locka/simply-me-dental-kit-24.gif"], "Url": "https://towelwholesaler.com/simply-me-dental-kit.html"}
{"SKU": "Roots-sha-45ml", "Type": "", "Size": "", "Color": "", "Options": {"Size": "Roots Aromatherapy Shampoo Flip Cap Bottle 1.5 Oz-Case of 250"}, "Price Per Each": "93.95", "Full Price": "93.95", "Stock Status": "In Stock", "Brand": "HOTEL EMPORIUM-Guest Room Amenities", "Category": "Amaki Hotel Amenities", "Sub Category": "Badgley Mischka Hotel Amenities", "Material": "", "Title": "Roots Aromatherapy Shampoo Flip Cap Bottle", "Description": "Roots Aromatherapy Conditioning Shampoo w/Eucalyptus Essence\nFlip Cap Bottle 1.5 Oz\nPacked 250 Per Case", "Images": ["https://s.turbifycdn.com/aah/opa-locka/roots-aromatherapy-shampoo-flip-cap-bottle-20.gif"], "Url": "https://towelwholesaler.com/roots-aromatherapy-shampoo-flip-cap-bottle.html"}
{"SKU": "Roots-BL-30ML", "Type": "", "Size": "", "Color": "", "Options": {}, "Price Per Each": "0.27", "Full Price": "76.95", "Stock Status": "In Stock", "Brand": "HOTEL EMPORIUM-Guest Room Amenities", "Category": "Amaki Hotel Amenities", "Sub Category": "Badgley Mischka Hotel Amenities", "Material": "", "Title": "Roots Aromatherapy Body Lotion w/Eucalyptus Essence", "Description": "Roots Aromatherapy Body Lotion 1.0 Oz/30ml\nBody Lotion w/Eucalyptus Essence\nFlip Top Tube\nPacked 288 Per Case", "Images": ["https://s.turbifycdn.com/aah/opa-locka/roots-aromatherapy-body-lotion-w-eucalyptus-essence-36.gif"], "Url": "https://towelwholesaler.com/roots-aromatherapy-body-lotion-w-eucalyptus-essence.html"}
{"SKU": "Roots-CS-30ML", "Type": "", "Size": "", "Color": "", "Options": {"Size": "Roots Aromatherapy Conditioning Shampoo-Case of 288"}, "Price Per Each": "74.95", "Full Price": "74.95", "Stock Status": "In Stock", "Brand": "HOTEL EMPORIUM-Guest Room Amenities", "Category": "Amaki Hotel Amenities", "Sub Category": "Badgley Mischka Hotel Amenities", "Material": "", "Title": "Roots Aromatherapy Conditioning Shampoo", "Description": "Roots Aromatherapy Conditioning Shampoo w/Eucalyptus Essence\nFlip Top Tube 1.0 Oz/30ml\nPacked 288 Per Case", "Images": ["https://s.turbifycdn.com/aah/opa-locka/roots-cond-shampoo-25.gif"], "Url": "https://towelwholesaler.com/roots-aromatherapy-conditioning-shampoo-.html"}
{"SKU": "Roots-Sha-30ml", "Type": "", "Size": "", "Color": "", "Options": {"Size": "Roots Aromatherapy Shampoo-Case of 288"}, "Price Per Each": "74.95", "Full Price": "74.95", "Stock Status": "In Stock", "Brand": "HOTEL EMPORIUM-Guest Room Amenities", "Category": "Amaki Hotel Amenities", "Sub Category": "Badgley Mischka Hotel Amenities", "Material": "", "Title": "Roots Aromatherapy Shampoo with Eucalyptus Essence", "Description": "Roots Aromatherapy Shampoo w/Eucalyptus Essence 1.0 Oz/30ml\nFlip Cap Tube\nPacked 288 Per Case", "Images": ["https://s.turbifycdn.com/aah/opa-locka/roots-aromatherapy-shampoo-with-eucalyptus-essence-33.gif"], "Url": "https://towelwholesaler.com/roots-aromatherapy-shampoo-with-eucalyptus-essence.html"}
{"SKU": "roots-con-30ml", "Type": "", "Size": "", "Color": "", "Options": {"Size": "Roots Aromatherapy Conditioner-Case of 288"}, "Price Per Each": "76.95", "Full Price": "76.95", "Stock Status": "In Stock", "Brand": "HOTEL EMPORIUM-Guest Room Amenities", "Category": "Amaki Hotel Amenities", "Sub Category": "Badgley Mischka Hotel Amenities", "Material": "", "Title": "Roots Aromatherapy Conditioner with Eucalyptus Essence", "Description": "Roots Aromatherapy Conditioner w/Eucalyptus Essence 1.0 Oz/30ml\nFlip Cap Tube\nPacked 288 Per Case", "Images": ["https://s.turbifycdn.com/aah/opa-locka/roots-aromatherapy-conditioner-with-eucalyptus-essence-33.gif"], "Url": "https://towelwholesaler.com/roots-aromatherapy-conditioner-with-eucalyptus-essence.html"}
{"SKU": "TG-CS-30ML2", "Type": "", "Size": "", "Color": "", "Options": {}, "Price Per Each": "0.24", "Full Price": "69.95", "Stock Status": "In Stock", "Brand": "HOTEL EMPORIUM-Guest Room Amenities", "Category": "Amaki Hotel Amenities", "Sub Category": "Badgley Mischka Hotel Amenities", "Material": "", "Title": "Hotel Room Amenities-Conditioning Shampoo 1.0\n      Oz", "Description": "Conditioning Shampoo\n1.0 Oz, 30 ML\nScrew Cap\nLemongrass Essence\nCase of 288 Tubes", "Images": ["https://s.turbifycdn.com/aah/opa-locka/terra-green-hconditioning-shampoo-18.gif"], "Url": "https://towelwholesaler.com/terra-green-hconditioning-shampoo-.html"}
{"SKU": "Roots-BW-30ML", "Type": "", "Size": "", "Color": "", "Options": {"Size": "Roots Aromatherapy Body Wash-Case of 288"}, "Price Per Each": "74.95", "Full Price": "74.95", "Stock Status": "In Stock", "Brand": "HOTEL EMPORIUM-Guest Room Amenities", "Category": "Amaki Hotel Amenities", "Sub Category": "Badgley Mischka Hotel Amenities", "Material": "", "Title": "Roots Aromatherapy Body Wash with Eucalyptus Essence", "Description": "Roots Aromatherapy Body Wash w/Eucalyptus Essence 1.0 Oz/30ml\nFlip  Cap Tube\nPacked 288 Per Case", "Images": ["https://s.turbifycdn.com/aah/opa-locka/roots-aromatherapy-body-wash-with-eucalyptus-essence-33.gif"], "Url": "https://towelwholesaler.com/roots-aromatherapy-body-wash-with-eucalyptus-essence.html"}
{"SKU": "TG-S-53G-BXD", "Type": "", "Size": "", "Color": "", "Options": {}, "Price Per Each": "0.56", "Full Price": "138.95", "Stock Status": "In Stock", "Brand": "HOTEL EMPORIUM-Guest Room Amenities", "Category": "Amaki Hotel Amenities", "Sub Category": "Badgley Mischka Hotel Amenities", "Material": "", "Title": "Hotel Room Amenities-Boxed Oatmeal Massage\n      Soap", "Description": "Oatmeal Massage Soap\nRecycled Paper Boxed\nCase of 250\n1.85 Oz, 53g", "Images": ["https://s.turbifycdn.com/aah/opa-locka/terra-green-hotel-boxed-oatmeal-massage-soap-18.gif"], "Url": "https://towelwholesaler.com/terra-green-hotel-boxed-oatmeal-massage-soap.html"}
{"SKU": "TG-S-28G-BXD", "Type": "", "Size": "", "Color": "", "Options": {}, "Price Per Each": "0.28", "Full Price": "84.95", "Stock Status": "In Stock", "Brand": "HOTEL EMPORIUM-Guest Room Amenities", "Category": "Amaki Hotel Amenities", "Sub Category": "Badgley Mischka Hotel Amenities", "Material": "", "Title": "Hotel Room Amenities-Boxed Rectangle Soap", "Description": "Cleansing Face & Body Soap\nRecycled paper Boxed\nCase of 300\n1.0 Oz, 28g", "Images": ["https://s.turbifycdn.com/aah/opa-locka/terra-green-hotel-room-amenities-boxed-rectangle-soap-24.gif"], "Url": "https://towelwholesaler.com/terra-green-hotel-room-amenities-boxed-rectangle-soap.html"}
{"SKU": "AMK-SHA-40ML", "Type": "", "Size": "", "Color": "", "Options": {"Size": "Amaki Hotel Shampoo 1.35 Oz Tube-Case of 288"}, "Price Per Each": "104.95", "Full Price": "104.95", "Stock Status": "In Stock", "Brand": "HOTEL EMPORIUM-Guest Room Amenities", "Category": "Amaki Hotel Amenities", "Sub Category": "Amaki Hotel Shampoo 1.35 Oz Tube", "Material": "", "Title": "Amaki Hotel Shampoo", "Description": "Amaki Hotel Shampoo 1.35 Oz/40ml Tube\nPacked 288 per case", "Images": ["https://s.turbifycdn.com/aah/opa-locka/amaki-hotel-shampoo-1-35-oz-tube-26.gif"], "Url": "https://towelwholesaler.com/amaki-hotel-shampoo-1-35-oz-tube.html"}
{"SKU": "AMK-CON-40ML", "Type": "", "Size": "", "Color": "", "Options": {"Size": "Amaki Hotel Conditioner 1.35 Oz Tube-Case of 288"}, "Price Per Each": "108.95", "Full Price": "108.95", "Stock Status": "In Stock", "Brand": "HOTEL EMPORIUM-Guest Room Amenities", "Category": "Amaki Hotel Amenities", "Sub Category": "Amaki Hotel Shampoo 1.35 Oz Tube", "Material": "", "Title": "Amaki Hotel Conditioner", "Description": "Amaki Hotel Conditioner 1.35 Oz/40ml\nFlip-Top Tube\nPacked 288 per case", "Images": ["https://s.turbifycdn.com/aah/opa-locka/amaki-hotel-conditioner-1-35-oz-tube-31.gif"], "Url": "https://towelwholesaler.com/amaki-hotel-conditioner-1-35-oz-tube.html"}
{"SKU": "TG-SC-STD", "Type": "", "Size": "", "Color": "", "Options": {}, "Price Per Each": "0.22", "Full Price": "53.95", "Stock Status": "In Stock", "Brand": "HOTEL EMPORIUM-Guest Room Amenities", "Category": "Amaki Hotel Amenities", "Sub Category": "Badgley Mischka Hotel Amenities", "Material": "", "Title": "Hotel Room Amenities-Shower Cap", "Description": "Shower Cap\nRecycled Paper Boxed\nStandard Size\nCase of 250", "Images": ["https://s.turbifycdn.com/aah/opa-locka/terra-green-hotel-room-amenities-shower-cap-24.gif"], "Url": "https://towelwholesaler.com/terra-green-hotel-room-amenities-shower-cap.html"}
{"SKU": "TG-S", "Type": "", "Size": "", "Color": "", "Options": {"Size": "Round Soap Bar 1.5 Oz Case of 250 Bars"}, "Price Per Each": "0.38", "Full Price": "94.95", "Stock Status": "In Stock", "Brand": "HOTEL EMPORIUM-Guest Room Amenities", "Category": "Amaki Hotel Amenities", "Sub Category": "Badgley Mischka Hotel Amenities", "Material": "", "Title": "Hotel Room Amenities-Round Soaps", "Description": "Round Soap\nPaper Pleat Wrapped\nThree Sizes: .5 Oz, .75 Oz & 1.5 Oz\nCase of 250, 500 1000", "Images": ["https://s.turbifycdn.com/aah/opa-locka/terra-green-hotel-room-amenities-round-soaps-24.gif"], "Url": "https://towelwholesaler.com/terra-green-hotel-room-amenities-round-soaps.html"}
{"SKU": "TG-S", "Type": "", "Size": "", "Color": "", "Options": {"Size": "Round Soap Bar .75 Oz Case of 500 Bars (+$11)"}, "Price Per Each": "0.21", "Full Price": "94.95", "Stock Status": "In Stock", "Brand": "HOTEL EMPORIUM-Guest Room Amenities", "Category": "Amaki Hotel Amenities", "Sub Category": "Badgley Mischka Hotel Amenities", "Material": "", "Title": "Hotel Room Amenities-Round Soaps", "Description": "Round Soap\nPaper Pleat Wrapped\nThree Sizes: .5 Oz, .75 Oz & 1.5 Oz\nCase of 250, 500 1000", "Images": ["https://s.turbifycdn.com/aah/opa-locka/terra-green-hotel-room-amenities-round-soaps-24.gif"], "Url": "https://towelwholesaler.com/terra-green-hotel-room-amenities-round-soaps.html"}
{"SKU": "TG-S", "Type": "", "Size": "", "Color": "", "Options": {"Size": "Round Soap Bar .5 Oz Case of 1000 Bars (+$55)"}, "Price Per Each": "0.15", "Full Price": "94.95", "Stock Status": "In Stock", "Brand": "HOTEL EMPORIUM-Guest Room Amenities", "Category": "Amaki Hotel Amenities", "Sub Category": "Badgley Mischka Hotel Amenities", "Material": "", "Title": "Hotel Room Amenities-Round Soaps", "Description": "Round Soap\nPaper Pleat Wrapped\nThree Sizes: .5 Oz, .75 Oz & 1.5 Oz\nCase of 250, 500 1000", "Images": ["https://s.turbifycdn.com/aah/opa-locka/terra-green-hotel-room-amenities-round-soaps-24.gif"], "Url": "https://towelwholesaler.com/terra-green-hotel-room-amenities-round-soaps.html"}
{"SKU": "TG-BW-15ML", "Type": "", "Size": "", "Color": "", "Options": {}, "Price Per Each": "0.16", "Full Price": "96.95", "Stock Status": "In Stock", "Brand": "HOTEL EMPORIUM-Guest Room Amenities", "Category": "Amaki Hotel Amenities", "Sub Category": "Badgley Mischka Hotel Amenities", "Material": "", "Title": "Hotel Room Amenities-Body Wash .5 Oz", "Description": "Body Wash\n.5 Oz, 15 ML\nScrew Cap\nLemongrass Essence\nCase of 600 Tubes", "Images": ["https://s.turbifycdn.com/aah/opa-locka/terra-green-hotel-body-wash-18.gif"], "Url": "https://towelwholesaler.com/terra-green-hotel-room-amenities-body-wash-.html"}
{"SKU": "TG-BL-15ML", "Type": "", "Size": "", "Color": "", "Options": {}, "Price Per Each": "0.17", "Full Price": "99.95", "Stock Status": "In Stock", "Brand": "HOTEL EMPORIUM-Guest Room Amenities", "Category": "Amaki Hotel Amenities", "Sub Category": "Badgley Mischka Hotel Amenities", "Material": "", "Title": "Hotel Room Amenities-Body Lotion .5 Oz", "Description": "Body Lotion\n.5 Oz, 15 ML\nScrew Cap\nLemongrass Essence\nCase of 600 Tubes", "Images": ["https://s.turbifycdn.com/aah/opa-locka/terra-green-body-lotion-36.gif"], "Url": "https://towelwholesaler.com/terra-green-hotel-room-amenities-body-lotion-.html"}
{"SKU": "terra-green-hotel-room-conditioner", "Type": "", "Size": "", "Color": "", "Options": {}, "Price Per Each": "0.17", "Full Price": "102.95", "Stock Status": "In Stock", "Brand": "HOTEL EMPORIUM-Guest Room Amenities", "Category": "Amaki Hotel Amenities", "Sub Category": "Badgley Mischka Hotel Amenities", "Material": "", "Title": "Hotel Room Amenities-Conditioner .5 Oz", "Description": "Conditioner\n.5 Oz, 15 ML\nScrew Cap\nLemongrass Essence\nCase of 600 Tubes", "Images": ["https://s.turbifycdn.com/aah/opa-locka/terra-green-hotel-room-conditioner-18.gif"], "Url": "https://towelwholesaler.com/terra-green-hotel-room-conditioner.html"}
{"SKU": "TG-SHA-15ML", "Type": "", "Size": "", "Color": "", "Options": {}, "Price Per Each": "0.16", "Full Price": "96.95", "Stock Status": "In Stock", "Brand": "HOTEL EMPORIUM-Guest Room Amenities", "Category": "Amaki Hotel Amenities", "Sub Category": "Badgley Mischka Hotel Amenities", "Material": "", "Title": "Hotel Room Amenities-Shampoo .5 Oz", "Description": "Shampoo\n.5 Oz, 15 ML\nScrew Cap\nLemongrass Essence\nCase of 600 Tubes", "Images": ["https://s.turbifycdn.com/aah/opa-locka/terra-green-hotel-room-shampoo-18.gif"], "Url": "https://towelwholesaler.com/terra-green-hotel-room-shampoo.html"}
{"SKU": "TG-CS-15ML", "Type": "", "Size": "", "Color": "", "Options": {}, "Price Per Each": "0.17", "Full Price": "99.95", "Stock Status": "In Stock", "Brand": "HOTEL EMPORIUM-Guest Room Amenities", "Category": "Amaki Hotel Amenities", "Sub Category": "Badgley Mischka Hotel Amenities", "Material": "", "Title": "Hotel Room Amenities-Conditioning Shampoo .5 Oz", "Description": "Conditioning Shampoo\n.5 Oz, 15 ML\nScrew Cap\nLemongrass Essence\nCase of 600 Tubes", "Images": ["https://s.turbifycdn.com/aah/opa-locka/terra-green-conditioning-shampoo-31.gif"], "Url": "https://towelwholesaler.com/terra-green-conditioning-shampoo-.html"}
{"SKU": "JSE-BW-30ML", "Type": "", "Size": "", "Color": "", "Options": {"Size": "Jose Eber  BW/Shower Gel 1 Oz-Case of 288"}, "Price Per Each": "76.95", "Full Price": "76.95", "Stock Status": "In Stock", "Brand": "HOTEL EMPORIUM-Guest Room Amenities", "Category": "Amaki Hotel Amenities", "Sub Category": "Badgley Mischka Hotel Amenities", "Material": "", "Title": "Jose Eber Paraben Free Body Wash/Shower Gel with Keratin Extract 1 Oz", "Description": "New-Flip Cap Tube 1 Oz/30ml\nParaben Free Formulation w/Keratin Extract\nPacked 288 Per Case", "Images": ["https://s.turbifycdn.com/aah/opa-locka/jose-eber-shower-gel-29.gif"], "Url": "https://towelwholesaler.com/jose-eber-paraben-body-wash-shower-gel-with-keratin-extract-1-oz--.html"}
{"SKU": "HWT-SOAP-42G", "Type": "", "Size": "", "Color": "", "Options": {"Size": "Hawaiian Tropic Rectangle Massage Oatmeal Spa Bar  Case of 250 Bars"}, "Price Per Each": "0.60", "Full Price": "149.95", "Stock Status": "In Stock", "Brand": "HOTEL EMPORIUM-Guest Room Amenities", "Category": "Amaki Hotel Amenities", "Sub Category": "Badgley Mischka Hotel Amenities", "Material": "", "Title": "Hawaiian Tropic Rectangle Massage Oatmeal Spa Bar 1.5 Oz", "Description": "Massage Oatmeal Spa Soap\n1.5 Oz / 42g\nCase pack is 250 Bars", "Images": ["https://s.turbifycdn.com/aah/opa-locka/hawaiian-tropic-rectangle-massage-oatmeal-spa-bar-1-5-oz-26.gif"], "Url": "https://towelwholesaler.com/hawaiian-tropic-rectangle-massage-oatmeal-spa-bar-1-5-oz.html"}
{"SKU": "JSE-BS-42G", "Type": "", "Size": "", "Color": "", "Options": {"Size": "Jose Eber Body Cleansing Soap 1.5 Oz-Case of 250"}, "Price Per Each": "83.95", "Full Price": "83.95", "Stock Status": "In Stock", "Brand": "HOTEL EMPORIUM-Guest Room Amenities", "Category": "Amaki Hotel Amenities", "Sub Category": "Badgley Mischka Hotel Amenities", "Material": "", "Title": "Jose Eber Body Cleansing Soap 1.5 Oz", "Description": "Body Soap-Film Wrapped\n1.5 Oz/42g\nPacked 250 Per Case", "Images": ["https://s.turbifycdn.com/aah/opa-locka/jose-eber-body-soap-1-5-oz-29.gif"], "Url": "https://towelwholesaler.com/jose-eber-body-soap-1-5-oz.html"}
{"SKU": "JSE-BL-30ML", "Type": "", "Size": "", "Color": "", "Options": {"Size": "Jose Eber Paraben Body Lotion 1 Oz -Case of 288"}, "Price Per Each": "77.95", "Full Price": "77.95", "Stock Status": "In Stock", "Brand": "HOTEL EMPORIUM-Guest Room Amenities", "Category": "Amaki Hotel Amenities", "Sub Category": "Badgley Mischka Hotel Amenities", "Material": "", "Title": "Jose Eber Paraben Body Lotion with Keratin Extract 1 Oz", "Description": "New-Flip Cap Tube 1 Oz/30ml\nw/Keratin Extract\nPacked 288 Per Case", "Images": ["https://s.turbifycdn.com/aah/opa-locka/jose-eber-lotion-29.gif"], "Url": "https://towelwholesaler.com/jose-eber-paraben-body-lotion-with-keratin-extract-1-oz--.html"}
{"SKU": "HWT-SOAP-28G", "Type": "", "Size": "", "Color": "", "Options": {"Size": "Hawaiian Tropic Boxed Square Spa Soap Case of 300 Bars"}, "Price Per Each": "0.45", "Full Price": "133.95", "Stock Status": "In Stock", "Brand": "HOTEL EMPORIUM-Guest Room Amenities", "Category": "Amaki Hotel Amenities", "Sub Category": "Badgley Mischka Hotel Amenities", "Material": "", "Title": "Hawaiian Tropic Boxed Square Spa Soap 1.0 Oz", "Description": "Boxed Square Spa Soap\n1.0 Oz / 28g\nCase pack is 300 Bars", "Images": ["https://s.turbifycdn.com/aah/opa-locka/hawaiian-tropic-boxed-square-spa-soap-1-0-oz-26.gif"], "Url": "https://towelwholesaler.com/hawaiian-tropic-boxed-square-spa-soap-1-0-oz.html"}
{"SKU": "JSE-FS-30G", "Type": "", "Size": "", "Color": "", "Options": {"Size": "Jose Eber Cosmetic Oval Facial Soap 1.0 Oz-Case of 300"}, "Price Per Each": "78.95", "Full Price": "78.95", "Stock Status": "In Stock", "Brand": "HOTEL EMPORIUM-Guest Room Amenities", "Category": "Amaki Hotel Amenities", "Sub Category": "Badgley Mischka Hotel Amenities", "Material": "", "Title": "Jose Eber Cosmetic Oval Facial Soap 1.0 Oz", "Description": "Facial Soap-Film Wrapped Oval\n1.0 Oz/30g\nPacked 300 Per Case", "Images": ["https://s.turbifycdn.com/aah/opa-locka/jose-eber-cosmetic-oval-facial-soap-1-05-oz-33.gif"], "Url": "https://towelwholesaler.com/jose-eber-cosmetic-oval-facial-soap-1-05-oz.html"}
{"SKU": "HWI-BW-40ML", "Type": "", "Size": "", "Color": "", "Options": {"Size": "Hawaiian Tropic Body Wash Shower Gel 1.35 Oz Case of 144"}, "Price Per Each": "0.45", "Full Price": "64.95", "Stock Status": "In Stock", "Brand": "HOTEL EMPORIUM-Guest Room Amenities", "Category": "Amaki Hotel Amenities", "Sub Category": "Badgley Mischka Hotel Amenities", "Material": "", "Title": "Hawaiian Tropic Body Wash/Shower Gel with Coconut Extract 1.35 Oz", "Description": "Body Wash/Shower Gel with Coconut Extract\n1.35  Oz Flip Cap Tube\nCase pack is 144 Tubes", "Images": ["https://s.turbifycdn.com/aah/opa-locka/hawaiian-tropic-body-wash-shower-gel-with-coconut-extract-1-35-oz-26.gif"], "Url": "https://towelwholesaler.com/hawaiian-tropic-body-wash-shower-gel-with-coconut-extract-1-35-oz.html"}
{"SKU": "HWT-SOAP-25G", "Type": "", "Size": "", "Color": "", "Options": {"Size": "Hawaiian Tropic Round Pleat Wrap Spa Soap Case of 300"}, "Price Per Each": "0.31", "Full Price": "92.95", "Stock Status": "In Stock", "Brand": "HOTEL EMPORIUM-Guest Room Amenities", "Category": "Amaki Hotel Amenities", "Sub Category": "Badgley Mischka Hotel Amenities", "Material": "", "Title": "Hawaiian Tropic Round Pleat Wrap Spa Soap .88 Oz", "Description": "Round Pleat Wrap Spa Soap\n.88 Oz / 25g\nCase pack is 300 Bars", "Images": ["https://s.turbifycdn.com/aah/opa-locka/ht-round-soap-25.gif"], "Url": "https://towelwholesaler.com/hawaiian-tropic-round-pleat-wrap-spa-soap--88-oz.html"}
{"SKU": "HWI-BL-40ML", "Type": "", "Size": "", "Color": "", "Options": {"Size": "Hawaiian Tropic Body Lotion 1.35 Oz  Case of 144"}, "Price Per Each": "0.46", "Full Price": "66.95", "Stock Status": "In Stock", "Brand": "HOTEL EMPORIUM-Guest Room Amenities", "Category": "Amaki Hotel Amenities", "Sub Category": "Badgley Mischka Hotel Amenities", "Material": "", "Title": "Hawaiian Tropic Body Lotion with Coconut Extract 1.35 Oz", "Description": "Body Lotion with Coconut Extract\n1.35  Oz Flip Cap Tube\nCase pack is 144 Tubes", "Images": ["https://s.turbifycdn.com/aah/opa-locka/hawaiian-tropic-body-lotion-with-coconut-extract-1-35-oz-26.gif"], "Url": "https://towelwholesaler.com/hawaiian-tropic-body-lotion-with-coconut-extract-1-35-oz.html"}
{"SKU": "HWI-CON-40ML", "Type": "", "Size": "", "Color": "", "Options": {"Size": "Hawaiian Tropic Conditioner 1.35 Oz 1 Case of 144 tubes"}, "Price Per Each": "0.45", "Full Price": "64.95", "Stock Status": "In Stock", "Brand": "HOTEL EMPORIUM-Guest Room Amenities", "Category": "Amaki Hotel Amenities", "Sub Category": "Badgley Mischka Hotel Amenities", "Material": "", "Title": "Hawaiian Tropic Conditioner with Coconut Extract 1.35 Oz", "Description": "Conditioner with Coconut Extract\n1.35  Oz Flip Cap Tube\nCase pack is 144 Tubes", "Images": ["https://s.turbifycdn.com/aah/opa-locka/hawaiian-tropic-conditioner-with-coconut-extract-1-35-oz-26.gif"], "Url": "https://towelwholesaler.com/hawaiian-tropic-conditioner-with-coconut-extract-1-35-oz.html"}
{"SKU": "HWI-SHA-40ML", "Type": "", "Size": "", "Color": "", "Options": {"Size": "Hawaiian Tropic 1.35 Oz Shampoo Case of 144"}, "Price Per Each": "0.45", "Full Price": "64.95", "Stock Status": "In Stock", "Brand": "HOTEL EMPORIUM-Guest Room Amenities", "Category": "Amaki Hotel Amenities", "Sub Category": "Badgley Mischka Hotel Amenities", "Material": "", "Title": "Hawaiian Tropic Shampoo with Coconut Extract 1.35 Oz", "Description": "Shampoo with Coconut Extract\n1.35 Oz Flip Top Tube\nCase pack is 144 Tubes", "Images": ["https://s.turbifycdn.com/aah/opa-locka/hawaiian-tropic-shampoo-with-coconut-extract-1-35-oz-31.gif"], "Url": "https://towelwholesaler.com/hawaiian-tropic-shampoo-with-coconut-extract-1-35-oz.html"}
{"SKU": "HWT-CONSHA-40ML", "Type": "", "Size": "", "Color": "", "Options": {"Size": "Hawaiian Tropic Conditioning Shampoo w/Coconut Extract Case of 144 Tubes"}, "Price Per Each": "0.45", "Full Price": "64.95", "Stock Status": "In Stock", "Brand": "HOTEL EMPORIUM-Guest Room Amenities", "Category": "Amaki Hotel Amenities", "Sub Category": "Badgley Mischka Hotel Amenities", "Material": "", "Title": "Hawaiian Tropic Conditioning Shampoo w/Coconut Extract 1.35 Oz", "Description": "Conditioning Shampoo with Coconut Extract\n1.35 Oz / 40ml\nCase pack is 144 Tubes\nFlip Cap Tube", "Images": ["https://s.turbifycdn.com/aah/opa-locka/hawaiian-tropic-conditioning-shampoo-w-coconut-extract-23.gif"], "Url": "https://towelwholesaler.com/hawaiian-tropic-conditioning-shampoo-w-coconut-extract.html"}
{"SKU": "HWT-BW-30ML", "Type": "", "Size": "", "Color": "", "Options": {"Size": "Hawaiian Tropic Body Wash Shower Gel 1.0 Oz Case of 144"}, "Price Per Each": "0.35", "Full Price": "49.95", "Stock Status": "In Stock", "Brand": "HOTEL EMPORIUM-Guest Room Amenities", "Category": "Amaki Hotel Amenities", "Sub Category": "Badgley Mischka Hotel Amenities", "Material": "", "Title": "Hawaiian Tropic Body Wash/Shower Gel with Coconut Extract 1 Oz", "Description": "Body Wash/Shower Gel with Coconut Extract\n1 Oz Screw Top Tube\nCase pack is 144 Tubes", "Images": ["https://s.turbifycdn.com/aah/opa-locka/hawaiian-tropic-body-wash-shower-gel-with-coconut-extract-1-oz-33.gif"], "Url": "https://towelwholesaler.com/hawaiian-tropic-body-wash-shower-gel-with-coconut-extract-1-oz.html"}
{"SKU": "HWT-BL-30ML", "Type": "", "Size": "", "Color": "", "Options": {"Size": "Hawaiian Tropic Body Lotion 1 Oz  Case of 144"}, "Price Per Each": "0.36", "Full Price": "51.95", "Stock Status": "In Stock", "Brand": "HOTEL EMPORIUM-Guest Room Amenities", "Category": "Amaki Hotel Amenities", "Sub Category": "Badgley Mischka Hotel Amenities", "Material": "", "Title": "Hawaiian Tropic Body Lotion with Coconut Extract 1 Oz", "Description": "Body Lotion with Coconut Extract\n1 Oz Screw Top Tube\nCase pack is 144 Tubes", "Images": ["https://s.turbifycdn.com/aah/opa-locka/hawaiian-tropic-body-lotion-with-coconut-extract-1-oz-33.gif"], "Url": "https://towelwholesaler.com/hawaiian-tropic-body-lotion-with-coconut-extract-1-oz.html"}
{"SKU": "JSE-SHA-30ML", "Type": "", "Size": "", "Color": "", "Options": {"Size": "Jose Eber Paraben Free Shampoo 1 Oz-Case of 288"}, "Price Per Each": "76.95", "Full Price": "76.95", "Stock Status": "In Stock", "Brand": "HOTEL EMPORIUM-Guest Room Amenities", "Category": "Amaki Hotel Amenities", "Sub Category": "Badgley Mischka Hotel Amenities", "Material": "", "Title": "Jose Eber Paraben Free Shampoo with Keratin Extract 1 Oz", "Description": "New-Flip Top Tube 1 Oz/30ml\nParaben Free Formulation w/Keratin Extract\nPacked 288 Per Case", "Images": ["https://s.turbifycdn.com/aah/opa-locka/jose-eber-paraben-free-shampoo-with-keratin-extract-1-oz-38.gif"], "Url": "https://towelwholesaler.com/jose-eber-paraben-free-shampoo-with-keratin-extract-1-oz.html"}
{"SKU": "HWT-CON-30ML", "Type": "", "Size": "", "Color": "", "Options": {"Size": "Hawaiian Tropic Conditioner 1 Case of 144 tubes"}, "Price Per Each": "0.35", "Full Price": "49.95", "Stock Status": "In Stock", "Brand": "HOTEL EMPORIUM-Guest Room Amenities", "Category": "Amaki Hotel Amenities", "Sub Category": "Badgley Mischka Hotel Amenities", "Material": "", "Title": "Hawaiian Tropic Conditioner with Coconut Extract 1 Oz", "Description": "Conditioner with Coconut Extract\n1 Oz Screw Top Tube\nCase pack is 144 Tubes", "Images": ["https://s.turbifycdn.com/aah/opa-locka/hawaiian-tropic-conditioner-with-coconut-extract-1-oz-33.gif"], "Url": "https://towelwholesaler.com/hawaiian-tropic-conditioner-with-coconut-extract-1-oz.html"}
{"SKU": "HWT-Consha-30ML-Screw", "Type": "", "Size": "", "Color": "", "Options": {"Size": "Conditioning Shampoo 1.0 Oz Case of 144"}, "Price Per Each": "0.35", "Full Price": "49.95", "Stock Status": "In Stock", "Brand": "HOTEL EMPORIUM-Guest Room Amenities", "Category": "Amaki Hotel Amenities", "Sub Category": "Badgley Mischka Hotel Amenities", "Material": "", "Title": "Hawaiian Tropic Conditioning Shampoo w/Coconut Extract 1.0\n      Oz", "Description": "Conditioning Shampoo with Coconut Extract\n1.0 Oz / 30 ml\nCase pack is 144 Tubes\nScrew Cap Tube", "Images": ["https://s.turbifycdn.com/aah/opa-locka/hawaiian-tropic-conditioning-shampoo-coconut-extract-1-0-oz-18.gif"], "Url": "https://towelwholesaler.com/hawaiian-tropic-conditioning-shampoo-coconut-extract-1-0-oz.html"}
{"SKU": "JSE-CON-30ML", "Type": "", "Size": "", "Color": "", "Options": {"Size": "Jose Eber Paraben Free Conditioner 1 Oz-Case of 288"}, "Price Per Each": "77.95", "Full Price": "77.95", "Stock Status": "In Stock", "Brand": "HOTEL EMPORIUM-Guest Room Amenities", "Category": "Amaki Hotel Amenities", "Sub Category": "Badgley Mischka Hotel Amenities", "Material": "", "Title": "Jose Eber Paraben Free Conditioner with Keratin Extract 1 Oz", "Description": "New Flip Cap Tube 1 Oz/30ml\nParaben Free Formulation w/Keratin Extract\nPacked 288 Per Case", "Images": ["https://s.turbifycdn.com/aah/opa-locka/jose-eber-paraben-free-conditioner-with-keratin-extract-1-oz-38.gif"], "Url": "https://towelwholesaler.com/jose-eber-paraben-free-conditioner-with-keratin-extract-1-oz.html"}
{"SKU": "HWT-SHA-30ML", "Type": "", "Size": "", "Color": "", "Options": {"Size": "Hawaiian Tropic 1 Oz Shampoo Case of 144"}, "Price Per Each": "0.35", "Full Price": "49.95", "Stock Status": "In Stock", "Brand": "HOTEL EMPORIUM-Guest Room Amenities", "Category": "Amaki Hotel Amenities", "Sub Category": "Badgley Mischka Hotel Amenities", "Material": "", "Title": "Hawaiian Tropic Shampoo with Coconut Extract 1 Oz", "Description": "Shampoo with Coconut Extract\n1 Oz Screw Top Tube\nCase pack is 144 Tubes", "Images": ["https://s.turbifycdn.com/aah/opa-locka/hawaiian-tropic-shampoo-with-coconut-extract-1-oz-77.gif"], "Url": "https://towelwholesaler.com/hawaiian-tropic-shampoo-with-coconut-extract-1-oz.html"}
{"SKU": "JSE-CS-30ML", "Type": "", "Size": "", "Color": "", "Options": {"Size": "Jose Eber Conditioning Shampoo 1 Oz-Case of 288"}, "Price Per Each": "77.95", "Full Price": "77.95", "Stock Status": "In Stock", "Brand": "HOTEL EMPORIUM-Guest Room Amenities", "Category": "Amaki Hotel Amenities", "Sub Category": "Badgley Mischka Hotel Amenities", "Material": "", "Title": "Jose Eber Conditioning Shampoo with Keratin Extract 1 Oz", "Description": "New Flip Cap Tube 1 Oz/30ml\nParaben Free Formulation w/Keratin Extract\nPacked 200 Per Case", "Images": ["https://s.turbifycdn.com/aah/opa-locka/jose-eber-conditioning-shampoo-with-keratin-extract-1-oz-24.gif"], "Url": "https://towelwholesaler.com/jose-eber-conditioning-shampoo-with-keratin-extract-1-oz.html"}
