{"SKU": "ripple", "Type": "", "Size": "", "Color": "", "Options": {"Size": "Ripple Top Sheet Twin White RTW7096"}, "Price Per Each": "39.95", "Full Price": "239.7", "Stock Status": "In Stock", "Brand": "KTX SIMPLICITY BEDDING", "Category": "Ripple Decorative Top Sheet-T260 by KelTx  FREE SHIPPING", "Sub Category": "", "Material": "", "Title": "Ripple Decorative Top Sheet-T260", "Description": "Very upscale classic design element\nPasses NFPA 701 Flame Retardancy Test\n- Wrinkle Free\nMulti-Ply weave fabric allows for air flow keeping guest comfortable\n        all night\n3” top hem with ¼” hem on all other sides\n100% Polyester with a snag resistant weave and finish\nPerfect weight for guest comfort and durability 6 oz. per square yard\nMachine Wash & Dry, Low Temperature, Low Extraction, No Bleach,\n        No Ironing.\nDouble stitching on all sides for additional durability\nColored coded hem thread and tags for easy size identification", "Images": ["https://s.turbifycdn.com/aah/opa-locka/ripple-decorative-top-sheet-t260-by-keltx-28.gif", "https://s.turbifycdn.com/aah/opa-locka/ripple-decorative-top-sheet-t260-by-keltx-free-shipping-12.gif"], "Url": "https://towelwholesaler.com/ripple-decorative-top-sheet-t-230.html"}
{"SKU": "ripple", "Type": "", "Size": "", "Color": "", "Options": {"Size": "Ripple Top Sheet Full  White RTW8496 (+$12) Case of 6"}, "Price Per Each": "41.95", "Full Price": "239.7", "Stock Status": "In Stock", "Brand": "KTX SIMPLICITY BEDDING", "Category": "Ripple Decorative Top Sheet-T260 by KelTx  FREE SHIPPING", "Sub Category": "", "Material": "", "Title": "Ripple Decorative Top Sheet-T260", "Description": "Very upscale classic design element\nPasses NFPA 701 Flame Retardancy Test\n- Wrinkle Free\nMulti-Ply weave fabric allows for air flow keeping guest comfortable\n        all night\n3” top hem with ¼” hem on all other sides\n100% Polyester with a snag resistant weave and finish\nPerfect weight for guest comfort and durability 6 oz. per square yard\nMachine Wash & Dry, Low Temperature, Low Extraction, No Bleach,\n        No Ironing.\nDouble stitching on all sides for additional durability\nColored coded hem thread and tags for easy size identification", "Images": ["https://s.turbifycdn.com/aah/opa-locka/ripple-decorative-top-sheet-t260-by-keltx-28.gif", "https://s.turbifycdn.com/aah/opa-locka/ripple-decorative-top-sheet-t260-by-keltx-free-shipping-12.gif"], "Url": "https://towelwholesaler.com/ripple-decorative-top-sheet-t-230.html"}
{"SKU": "ripple", "Type": "", "Size": "", "Color": "", "Options": {"Size": "Ripple Top Sheet Queen White RTW9496 (+$18)  Case of 6"}, "Price Per Each": "42.95", "Full Price": "239.7", "Stock Status": "In Stock", "Brand": "KTX SIMPLICITY BEDDING", "Category": "Ripple Decorative Top Sheet-T260 by KelTx  FREE SHIPPING", "Sub Category": "", "Material": "", "Title": "Ripple Decorative Top Sheet-T260", "Description": "Very upscale classic design element\nPasses NFPA 701 Flame Retardancy Test\n- Wrinkle Free\nMulti-Ply weave fabric allows for air flow keeping guest comfortable\n        all night\n3” top hem with ¼” hem on all other sides\n100% Polyester with a snag resistant weave and finish\nPerfect weight for guest comfort and durability 6 oz. per square yard\nMachine Wash & Dry, Low Temperature, Low Extraction, No Bleach,\n        No Ironing.\nDouble stitching on all sides for additional durability\nColored coded hem thread and tags for easy size identification", "Images": ["https://s.turbifycdn.com/aah/opa-locka/ripple-decorative-top-sheet-t260-by-keltx-28.gif", "https://s.turbifycdn.com/aah/opa-locka/ripple-decorative-top-sheet-t260-by-keltx-free-shipping-12.gif"], "Url": "https://towelwholesaler.com/ripple-decorative-top-sheet-t-230.html"}
{"SKU": "ripple", "Type": "", "Size": "", "Color": "", "Options": {"Size": "Ripple Top Sheet King White RTW10896 (+36)  Case of 6"}, "Price Per Each": "39.95", "Full Price": "239.7", "Stock Status": "In Stock", "Brand": "KTX SIMPLICITY BEDDING", "Category": "Ripple Decorative Top Sheet-T260 by KelTx  FREE SHIPPING", "Sub Category": "", "Material": "", "Title": "Ripple Decorative Top Sheet-T260", "Description": "Very upscale classic design element\nPasses NFPA 701 Flame Retardancy Test\n- Wrinkle Free\nMulti-Ply weave fabric allows for air flow keeping guest comfortable\n        all night\n3” top hem with ¼” hem on all other sides\n100% Polyester with a snag resistant weave and finish\nPerfect weight for guest comfort and durability 6 oz. per square yard\nMachine Wash & Dry, Low Temperature, Low Extraction, No Bleach,\n        No Ironing.\nDouble stitching on all sides for additional durability\nColored coded hem thread and tags for easy size identification", "Images": ["https://s.turbifycdn.com/aah/opa-locka/ripple-decorative-top-sheet-t260-by-keltx-28.gif", "https://s.turbifycdn.com/aah/opa-locka/ripple-decorative-top-sheet-t260-by-keltx-free-shipping-12.gif"], "Url": "https://towelwholesaler.com/ripple-decorative-top-sheet-t-230.html"}
{"SKU": "Ariel", "Type": "", "Size": "Full ATW8696  Case of 6", "Color": "", "Options": {"Size": "Full ATW8696  Case of 6"}, "Price Per Each": "47.95", "Full Price": "287.7", "Stock Status": "In Stock", "Brand": "KTX SIMPLICITY BEDDING", "Category": "Ripple Decorative Top Sheet-T260 by KelTx  FREE SHIPPING", "Sub Category": "Triton Decorative Top Sheet-T300 By KelTex  FREE SHIPPING", "Material": "", "Title": "Ariel Decorative Top Sheet", "Description": "Perfect weight for guest comfort and durability 6.25 oz. per square\n        yard (212 GSM)\n100% Polyester multi-ply woven fabric allows for air flow keeping\n        guests comfortable.\nWrinkle and snag resistant fabric construction and finish.\n1\" omni directional double stitched hems with a hidden color-coded hem\n        thread to speed sorting in the laundry process.\nCenter Location Tag -- A woven color-coded label for size sewn in the\n        center of the bottom hem to assist housekeeper in proper positioning on\n        the bed.\nCan be used solo or in concert with KTX Simplicity Bed Scarves, Bed\n        Skirts and Box Spring Covers in complimentary fashion colors.\nMachine Wash & Dry, Low Temperature, Low Extraction, No Bleach, No\n        Ironing.\nColor: White", "Images": ["https://s.turbifycdn.com/aah/opa-locka/ariel-decorative-top-sheet-21.gif"], "Url": "https://towelwholesaler.com/ariel-decorative-top-sheet.html"}
{"SKU": "Ariel", "Type": "", "Size": "Queen ATW9896 ", "Color": "", "Options": {"Size": "Queen ATW9896 (+$24)  Case of 6"}, "Price Per Each": "51.95", "Full Price": "287.7", "Stock Status": "In Stock", "Brand": "KTX SIMPLICITY BEDDING", "Category": "Ripple Decorative Top Sheet-T260 by KelTx  FREE SHIPPING", "Sub Category": "Triton Decorative Top Sheet-T300 By KelTex  FREE SHIPPING", "Material": "", "Title": "Ariel Decorative Top Sheet", "Description": "Perfect weight for guest comfort and durability 6.25 oz. per square\n        yard (212 GSM)\n100% Polyester multi-ply woven fabric allows for air flow keeping\n        guests comfortable.\nWrinkle and snag resistant fabric construction and finish.\n1\" omni directional double stitched hems with a hidden color-coded hem\n        thread to speed sorting in the laundry process.\nCenter Location Tag -- A woven color-coded label for size sewn in the\n        center of the bottom hem to assist housekeeper in proper positioning on\n        the bed.\nCan be used solo or in concert with KTX Simplicity Bed Scarves, Bed\n        Skirts and Box Spring Covers in complimentary fashion colors.\nMachine Wash & Dry, Low Temperature, Low Extraction, No Bleach, No\n        Ironing.\nColor: White", "Images": ["https://s.turbifycdn.com/aah/opa-locka/ariel-decorative-top-sheet-21.gif"], "Url": "https://towelwholesaler.com/ariel-decorative-top-sheet.html"}
{"SKU": "Ariel", "Type": "", "Size": "King ATW11096 ", "Color": "", "Options": {"Size": "King ATW11096 (+$36)  Case of 6"}, "Price Per Each": "53.95", "Full Price": "287.7", "Stock Status": "In Stock", "Brand": "KTX SIMPLICITY BEDDING", "Category": "Ripple Decorative Top Sheet-T260 by KelTx  FREE SHIPPING", "Sub Category": "Triton Decorative Top Sheet-T300 By KelTex  FREE SHIPPING", "Material": "", "Title": "Ariel Decorative Top Sheet", "Description": "Perfect weight for guest comfort and durability 6.25 oz. per square\n        yard (212 GSM)\n100% Polyester multi-ply woven fabric allows for air flow keeping\n        guests comfortable.\nWrinkle and snag resistant fabric construction and finish.\n1\" omni directional double stitched hems with a hidden color-coded hem\n        thread to speed sorting in the laundry process.\nCenter Location Tag -- A woven color-coded label for size sewn in the\n        center of the bottom hem to assist housekeeper in proper positioning on\n        the bed.\nCan be used solo or in concert with KTX Simplicity Bed Scarves, Bed\n        Skirts and Box Spring Covers in complimentary fashion colors.\nMachine Wash & Dry, Low Temperature, Low Extraction, No Bleach, No\n        Ironing.\nColor: White", "Images": ["https://s.turbifycdn.com/aah/opa-locka/ariel-decorative-top-sheet-21.gif"], "Url": "https://towelwholesaler.com/ariel-decorative-top-sheet.html"}
{"SKU": "windsor", "Type": "", "Size": "", "Color": "Slate Gray", "Options": {"Size": "Slate Gray"}, "Price Per Each": "34.95", "Full Price": "419.4", "Stock Status": "In Stock", "Brand": "KTX SIMPLICITY BEDDING", "Category": "Ripple Decorative Top Sheet-T260 by KelTx  FREE SHIPPING", "Sub Category": "Triton Decorative Top Sheet-T300 By KelTex  FREE SHIPPING", "Material": "", "Title": "Windsor Chenille Bed Scarf", "Description": "5 Great Colors: Slate Gray, Moss, Bronze, Berry & Navy\nVery upscale classic design element\n2” hem with mitered corners\n100% Polyester Chenille\nYarn dyed and woven with enhanced yarns for a snag and pill resistant\n        finish\nLong lasting and durable 9.5oz per square yard (325GSM) fabric\nMachine Wash & Dry, Low Temperature, Low Extraction, No Bleach, No\n        Ironing.", "Images": ["https://s.turbifycdn.com/aah/opa-locka/windsor-chenille-bed-scarf-37.gif", "https://s.turbifycdn.com/aah/opa-locka/windsor-chenille-bed-scarf-moss-6.gif", "https://s.turbifycdn.com/aah/opa-locka/windsor-chenille-bed-scarf-slate-6.gif", "https://s.turbifycdn.com/aah/opa-locka/windsor-chenille-bed-scarf-navy-6.gif", "https://s.turbifycdn.com/aah/opa-locka/windsor-chenille-bed-scarf-bronze-6.gif", "https://s.turbifycdn.com/aah/opa-locka/windsor-chenille-bed-scarf-free-shipping-27.gif"], "Url": "https://towelwholesaler.com/windsor-chenille-bed-scarf-ktx-simplicity-collection1.html"}
{"SKU": "windsor", "Type": "", "Size": "", "Color": "Moss", "Options": {"Size": "Moss"}, "Price Per Each": "34.95", "Full Price": "419.4", "Stock Status": "In Stock", "Brand": "KTX SIMPLICITY BEDDING", "Category": "Ripple Decorative Top Sheet-T260 by KelTx  FREE SHIPPING", "Sub Category": "Triton Decorative Top Sheet-T300 By KelTex  FREE SHIPPING", "Material": "", "Title": "Windsor Chenille Bed Scarf", "Description": "5 Great Colors: Slate Gray, Moss, Bronze, Berry & Navy\nVery upscale classic design element\n2” hem with mitered corners\n100% Polyester Chenille\nYarn dyed and woven with enhanced yarns for a snag and pill resistant\n        finish\nLong lasting and durable 9.5oz per square yard (325GSM) fabric\nMachine Wash & Dry, Low Temperature, Low Extraction, No Bleach, No\n        Ironing.", "Images": ["https://s.turbifycdn.com/aah/opa-locka/windsor-chenille-bed-scarf-37.gif", "https://s.turbifycdn.com/aah/opa-locka/windsor-chenille-bed-scarf-moss-6.gif", "https://s.turbifycdn.com/aah/opa-locka/windsor-chenille-bed-scarf-slate-6.gif", "https://s.turbifycdn.com/aah/opa-locka/windsor-chenille-bed-scarf-navy-6.gif", "https://s.turbifycdn.com/aah/opa-locka/windsor-chenille-bed-scarf-bronze-6.gif", "https://s.turbifycdn.com/aah/opa-locka/windsor-chenille-bed-scarf-free-shipping-27.gif"], "Url": "https://towelwholesaler.com/windsor-chenille-bed-scarf-ktx-simplicity-collection1.html"}
{"SKU": "windsor", "Type": "", "Size": "", "Color": "Bronze", "Options": {"Size": "Bronze"}, "Price Per Each": "34.95", "Full Price": "419.4", "Stock Status": "In Stock", "Brand": "KTX SIMPLICITY BEDDING", "Category": "Ripple Decorative Top Sheet-T260 by KelTx  FREE SHIPPING", "Sub Category": "Triton Decorative Top Sheet-T300 By KelTex  FREE SHIPPING", "Material": "", "Title": "Windsor Chenille Bed Scarf", "Description": "5 Great Colors: Slate Gray, Moss, Bronze, Berry & Navy\nVery upscale classic design element\n2” hem with mitered corners\n100% Polyester Chenille\nYarn dyed and woven with enhanced yarns for a snag and pill resistant\n        finish\nLong lasting and durable 9.5oz per square yard (325GSM) fabric\nMachine Wash & Dry, Low Temperature, Low Extraction, No Bleach, No\n        Ironing.", "Images": ["https://s.turbifycdn.com/aah/opa-locka/windsor-chenille-bed-scarf-37.gif", "https://s.turbifycdn.com/aah/opa-locka/windsor-chenille-bed-scarf-moss-6.gif", "https://s.turbifycdn.com/aah/opa-locka/windsor-chenille-bed-scarf-slate-6.gif", "https://s.turbifycdn.com/aah/opa-locka/windsor-chenille-bed-scarf-navy-6.gif", "https://s.turbifycdn.com/aah/opa-locka/windsor-chenille-bed-scarf-bronze-6.gif", "https://s.turbifycdn.com/aah/opa-locka/windsor-chenille-bed-scarf-free-shipping-27.gif"], "Url": "https://towelwholesaler.com/windsor-chenille-bed-scarf-ktx-simplicity-collection1.html"}
{"SKU": "windsor", "Type": "", "Size": "", "Color": "Berry", "Options": {"Size": "Berry"}, "Price Per Each": "34.95", "Full Price": "419.4", "Stock Status": "In Stock", "Brand": "KTX SIMPLICITY BEDDING", "Category": "Ripple Decorative Top Sheet-T260 by KelTx  FREE SHIPPING", "Sub Category": "Triton Decorative Top Sheet-T300 By KelTex  FREE SHIPPING", "Material": "", "Title": "Windsor Chenille Bed Scarf", "Description": "5 Great Colors: Slate Gray, Moss, Bronze, Berry & Navy\nVery upscale classic design element\n2” hem with mitered corners\n100% Polyester Chenille\nYarn dyed and woven with enhanced yarns for a snag and pill resistant\n        finish\nLong lasting and durable 9.5oz per square yard (325GSM) fabric\nMachine Wash & Dry, Low Temperature, Low Extraction, No Bleach, No\n        Ironing.", "Images": ["https://s.turbifycdn.com/aah/opa-locka/windsor-chenille-bed-scarf-37.gif", "https://s.turbifycdn.com/aah/opa-locka/windsor-chenille-bed-scarf-moss-6.gif", "https://s.turbifycdn.com/aah/opa-locka/windsor-chenille-bed-scarf-slate-6.gif", "https://s.turbifycdn.com/aah/opa-locka/windsor-chenille-bed-scarf-navy-6.gif", "https://s.turbifycdn.com/aah/opa-locka/windsor-chenille-bed-scarf-bronze-6.gif", "https://s.turbifycdn.com/aah/opa-locka/windsor-chenille-bed-scarf-free-shipping-27.gif"], "Url": "https://towelwholesaler.com/windsor-chenille-bed-scarf-ktx-simplicity-collection1.html"}
{"SKU": "windsor", "Type": "", "Size": "", "Color": "Navy", "Options": {"Size": "Navy"}, "Price Per Each": "34.95", "Full Price": "419.4", "Stock Status": "In Stock", "Brand": "KTX SIMPLICITY BEDDING", "Category": "Ripple Decorative Top Sheet-T260 by KelTx  FREE SHIPPING", "Sub Category": "Triton Decorative Top Sheet-T300 By KelTex  FREE SHIPPING", "Material": "", "Title": "Windsor Chenille Bed Scarf", "Description": "5 Great Colors: Slate Gray, Moss, Bronze, Berry & Navy\nVery upscale classic design element\n2” hem with mitered corners\n100% Polyester Chenille\nYarn dyed and woven with enhanced yarns for a snag and pill resistant\n        finish\nLong lasting and durable 9.5oz per square yard (325GSM) fabric\nMachine Wash & Dry, Low Temperature, Low Extraction, No Bleach, No\n        Ironing.", "Images": ["https://s.turbifycdn.com/aah/opa-locka/windsor-chenille-bed-scarf-37.gif", "https://s.turbifycdn.com/aah/opa-locka/windsor-chenille-bed-scarf-moss-6.gif", "https://s.turbifycdn.com/aah/opa-locka/windsor-chenille-bed-scarf-slate-6.gif", "https://s.turbifycdn.com/aah/opa-locka/windsor-chenille-bed-scarf-navy-6.gif", "https://s.turbifycdn.com/aah/opa-locka/windsor-chenille-bed-scarf-bronze-6.gif", "https://s.turbifycdn.com/aah/opa-locka/windsor-chenille-bed-scarf-free-shipping-27.gif"], "Url": "https://towelwholesaler.com/windsor-chenille-bed-scarf-ktx-simplicity-collection1.html"}
{"SKU": "windsor", "Type": "", "Size": "Full Scarf 26 x 85", "Color": "", "Options": {"Size": "Full Scarf 26 x 85"}, "Price Per Each": "34.95", "Full Price": "419.4", "Stock Status": "In Stock", "Brand": "KTX SIMPLICITY BEDDING", "Category": "Ripple Decorative Top Sheet-T260 by KelTx  FREE SHIPPING", "Sub Category": "Triton Decorative Top Sheet-T300 By KelTex  FREE SHIPPING", "Material": "", "Title": "Windsor Chenille Bed Scarf", "Description": "5 Great Colors: Slate Gray, Moss, Bronze, Berry & Navy\nVery upscale classic design element\n2” hem with mitered corners\n100% Polyester Chenille\nYarn dyed and woven with enhanced yarns for a snag and pill resistant\n        finish\nLong lasting and durable 9.5oz per square yard (325GSM) fabric\nMachine Wash & Dry, Low Temperature, Low Extraction, No Bleach, No\n        Ironing.", "Images": ["https://s.turbifycdn.com/aah/opa-locka/windsor-chenille-bed-scarf-37.gif", "https://s.turbifycdn.com/aah/opa-locka/windsor-chenille-bed-scarf-moss-6.gif", "https://s.turbifycdn.com/aah/opa-locka/windsor-chenille-bed-scarf-slate-6.gif", "https://s.turbifycdn.com/aah/opa-locka/windsor-chenille-bed-scarf-navy-6.gif", "https://s.turbifycdn.com/aah/opa-locka/windsor-chenille-bed-scarf-bronze-6.gif", "https://s.turbifycdn.com/aah/opa-locka/windsor-chenille-bed-scarf-free-shipping-27.gif"], "Url": "https://towelwholesaler.com/windsor-chenille-bed-scarf-ktx-simplicity-collection1.html"}
{"SKU": "windsor", "Type": "", "Size": "Queen Scarf  26 x 94 ", "Color": "", "Options": {"Size": "Queen Scarf  26 x 94 (+$12)"}, "Price Per Each": "35.95", "Full Price": "419.4", "Stock Status": "In Stock", "Brand": "KTX SIMPLICITY BEDDING", "Category": "Ripple Decorative Top Sheet-T260 by KelTx  FREE SHIPPING", "Sub Category": "Triton Decorative Top Sheet-T300 By KelTex  FREE SHIPPING", "Material": "", "Title": "Windsor Chenille Bed Scarf", "Description": "5 Great Colors: Slate Gray, Moss, Bronze, Berry & Navy\nVery upscale classic design element\n2” hem with mitered corners\n100% Polyester Chenille\nYarn dyed and woven with enhanced yarns for a snag and pill resistant\n        finish\nLong lasting and durable 9.5oz per square yard (325GSM) fabric\nMachine Wash & Dry, Low Temperature, Low Extraction, No Bleach, No\n        Ironing.", "Images": ["https://s.turbifycdn.com/aah/opa-locka/windsor-chenille-bed-scarf-37.gif", "https://s.turbifycdn.com/aah/opa-locka/windsor-chenille-bed-scarf-moss-6.gif", "https://s.turbifycdn.com/aah/opa-locka/windsor-chenille-bed-scarf-slate-6.gif", "https://s.turbifycdn.com/aah/opa-locka/windsor-chenille-bed-scarf-navy-6.gif", "https://s.turbifycdn.com/aah/opa-locka/windsor-chenille-bed-scarf-bronze-6.gif", "https://s.turbifycdn.com/aah/opa-locka/windsor-chenille-bed-scarf-free-shipping-27.gif"], "Url": "https://towelwholesaler.com/windsor-chenille-bed-scarf-ktx-simplicity-collection1.html"}
{"SKU": "windsor", "Type": "", "Size": "King Scarf 26 x 108 ", "Color": "", "Options": {"Size": "King Scarf 26 x 108 (+60)"}, "Price Per Each": "39.95", "Full Price": "419.4", "Stock Status": "In Stock", "Brand": "KTX SIMPLICITY BEDDING", "Category": "Ripple Decorative Top Sheet-T260 by KelTx  FREE SHIPPING", "Sub Category": "Triton Decorative Top Sheet-T300 By KelTex  FREE SHIPPING", "Material": "", "Title": "Windsor Chenille Bed Scarf", "Description": "5 Great Colors: Slate Gray, Moss, Bronze, Berry & Navy\nVery upscale classic design element\n2” hem with mitered corners\n100% Polyester Chenille\nYarn dyed and woven with enhanced yarns for a snag and pill resistant\n        finish\nLong lasting and durable 9.5oz per square yard (325GSM) fabric\nMachine Wash & Dry, Low Temperature, Low Extraction, No Bleach, No\n        Ironing.", "Images": ["https://s.turbifycdn.com/aah/opa-locka/windsor-chenille-bed-scarf-37.gif", "https://s.turbifycdn.com/aah/opa-locka/windsor-chenille-bed-scarf-moss-6.gif", "https://s.turbifycdn.com/aah/opa-locka/windsor-chenille-bed-scarf-slate-6.gif", "https://s.turbifycdn.com/aah/opa-locka/windsor-chenille-bed-scarf-navy-6.gif", "https://s.turbifycdn.com/aah/opa-locka/windsor-chenille-bed-scarf-bronze-6.gif", "https://s.turbifycdn.com/aah/opa-locka/windsor-chenille-bed-scarf-free-shipping-27.gif"], "Url": "https://towelwholesaler.com/windsor-chenille-bed-scarf-ktx-simplicity-collection1.html"}
{"SKU": "Triton", "Type": "", "Size": "Full  TTW8696  Case of 6", "Color": "", "Options": {"Size": "Full  TTW8696  Case of 6"}, "Price Per Each": "47.95", "Full Price": "287.7", "Stock Status": "In Stock", "Brand": "KTX SIMPLICITY BEDDING", "Category": "Ripple Decorative Top Sheet-T260 by KelTx  FREE SHIPPING", "Sub Category": "Triton Decorative Top Sheet-T300 By KelTex  FREE SHIPPING", "Material": "", "Title": "Triton Decorative Top Sheet", "Description": "Perfect weight for guest comfort and durability 6.25 oz. per square\n        yard (212 GSM)\n100% Polyester multi-ply woven fabric allows for air flow keeping\n        guests comfortable.\nWrinkle and snag resistant fabric construction and finish.\n1\" omni directional double stitched hems with a hidden color-coded hem\n        thread to speed sorting in the laundry process.\nCenter Location Tag--A woven color-coded label for size sewn in the\n        center of the bottom hem to assist housekeeper in proper positioning on\n        the bed.\nCan be used solo or in concert with KTX Simplicity Bed Scarves, Bed\n        Skirts and Box Spring Covers in complimentary fashion colors.\nMachine Wash & Dry, Low Temperature, Low Extraction, No Bleach, No\n        Ironing.", "Images": ["https://s.turbifycdn.com/aah/opa-locka/triton-decorative-top-sheet-by-ktx-simplicity-23.gif"], "Url": "https://towelwholesaler.com/triton-decorative-top-sheet-by-ktx-simplicity.html"}
{"SKU": "Triton", "Type": "", "Size": "Queen TTW9896 ", "Color": "", "Options": {"Size": "Queen TTW9896 (+$24)  Case of 6"}, "Price Per Each": "51.95", "Full Price": "287.7", "Stock Status": "In Stock", "Brand": "KTX SIMPLICITY BEDDING", "Category": "Ripple Decorative Top Sheet-T260 by KelTx  FREE SHIPPING", "Sub Category": "Triton Decorative Top Sheet-T300 By KelTex  FREE SHIPPING", "Material": "", "Title": "Triton Decorative Top Sheet", "Description": "Perfect weight for guest comfort and durability 6.25 oz. per square\n        yard (212 GSM)\n100% Polyester multi-ply woven fabric allows for air flow keeping\n        guests comfortable.\nWrinkle and snag resistant fabric construction and finish.\n1\" omni directional double stitched hems with a hidden color-coded hem\n        thread to speed sorting in the laundry process.\nCenter Location Tag--A woven color-coded label for size sewn in the\n        center of the bottom hem to assist housekeeper in proper positioning on\n        the bed.\nCan be used solo or in concert with KTX Simplicity Bed Scarves, Bed\n        Skirts and Box Spring Covers in complimentary fashion colors.\nMachine Wash & Dry, Low Temperature, Low Extraction, No Bleach, No\n        Ironing.", "Images": ["https://s.turbifycdn.com/aah/opa-locka/triton-decorative-top-sheet-by-ktx-simplicity-23.gif"], "Url": "https://towelwholesaler.com/triton-decorative-top-sheet-by-ktx-simplicity.html"}
{"SKU": "Triton", "Type": "", "Size": "King TTW11096 ", "Color": "", "Options": {"Size": "King TTW11096 (+$36)  Case of 6"}, "Price Per Each": "53.95", "Full Price": "287.7", "Stock Status": "In Stock", "Brand": "KTX SIMPLICITY BEDDING", "Category": "Ripple Decorative Top Sheet-T260 by KelTx  FREE SHIPPING", "Sub Category": "Triton Decorative Top Sheet-T300 By KelTex  FREE SHIPPING", "Material": "", "Title": "Triton Decorative Top Sheet", "Description": "Perfect weight for guest comfort and durability 6.25 oz. per square\n        yard (212 GSM)\n100% Polyester multi-ply woven fabric allows for air flow keeping\n        guests comfortable.\nWrinkle and snag resistant fabric construction and finish.\n1\" omni directional double stitched hems with a hidden color-coded hem\n        thread to speed sorting in the laundry process.\nCenter Location Tag--A woven color-coded label for size sewn in the\n        center of the bottom hem to assist housekeeper in proper positioning on\n        the bed.\nCan be used solo or in concert with KTX Simplicity Bed Scarves, Bed\n        Skirts and Box Spring Covers in complimentary fashion colors.\nMachine Wash & Dry, Low Temperature, Low Extraction, No Bleach, No\n        Ironing.", "Images": ["https://s.turbifycdn.com/aah/opa-locka/triton-decorative-top-sheet-by-ktx-simplicity-23.gif"], "Url": "https://towelwholesaler.com/triton-decorative-top-sheet-by-ktx-simplicity.html"}
{"SKU": "LMN", "Type": "", "Size": "", "Color": "", "Options": {}, "Price Per Each": "41.95", "Full Price": "251.7", "Stock Status": "In Stock", "Brand": "KTX SIMPLICITY BEDDING", "Category": "Ripple Decorative Top Sheet-T260 by KelTx  FREE SHIPPING", "Sub Category": "Triton Decorative Top Sheet-T300 By KelTex  FREE SHIPPING", "Material": "", "Title": "Love Me Not Decorative Top Sheet-T200", "Description": "Transfer Printed T200 thread count 100% Polyester Decorative Top Sheet\nSoil and Stain resistant with a snag resistant construction\n1\" double stitched omni directional hem with hidden color hem thread\n        for sizing identification and center positioning color coded woven label\nPerfect weight for guest comfort 6 oz.(203 GSM) per square yard\nCan be used solo or in concert with KTX Shantung Bed Skirt or Box\n        Spring Covers in complimentary fashion colors.\nMachine Wash & Dry, Low Temperature, Low Extraction, No Bleach, No\n        Ironing.", "Images": ["https://s.turbifycdn.com/aah/opa-locka/love-me-not-decorative-top-sheet-t200-23.gif", "https://s.turbifycdn.com/aah/opa-locka/love-me-not-slate-6.gif", "https://s.turbifycdn.com/aah/opa-locka/love-me-not-brown-6.gif"], "Url": "https://towelwholesaler.com/love-me-not-decorative-top-sheet-t200.html"}
{"SKU": "SSC", "Type": "", "Size": "Full 54x80x15 Deep", "Color": "", "Options": {"Size": "Full 54x80x15 Deep"}, "Price Per Each": "37.95", "Full Price": "455.4", "Stock Status": "In Stock", "Brand": "KTX SIMPLICITY BEDDING", "Category": "Ripple Decorative Top Sheet-T260 by KelTx  FREE SHIPPING", "Sub Category": "Triton Decorative Top Sheet-T300 By KelTex  FREE SHIPPING", "Material": "", "Title": "Shantung Hotel Tailored Bed Skirt Cocoa Brown", "Description": "Classic 3 pleat design 15” Drop\nPasses NFPA 701 Flame Retardancy test\nwith “raw silk” look\nManufactured to prevent snagging and hide “wear and tear”\nAnchor bands to secure the product to bed and prevent shifting\nPerfect weight fabric for bed skirt, requires no lining\nSimplicity Ripple or Classic Stripe white top sheets.\nMachine Wash & Dry, Low Temperature, Low Extraction, No Bleach, No\n        Ironing.", "Images": ["https://s.turbifycdn.com/aah/opa-locka/shantung-hotel-tailored-bed-skirt-cocoa-brown-25.gif"], "Url": "https://towelwholesaler.com/shantung-hotel-tailored-bed-skirt-cocoa-brown--cocoa-brown.html"}
{"SKU": "SSC", "Type": "", "Size": "Queen 60x80x15 Deep", "Color": "", "Options": {"Size": "Queen 60x80x15 Deep(+$12)"}, "Price Per Each": "38.95", "Full Price": "455.4", "Stock Status": "In Stock", "Brand": "KTX SIMPLICITY BEDDING", "Category": "Ripple Decorative Top Sheet-T260 by KelTx  FREE SHIPPING", "Sub Category": "Triton Decorative Top Sheet-T300 By KelTex  FREE SHIPPING", "Material": "", "Title": "Shantung Hotel Tailored Bed Skirt Cocoa Brown", "Description": "Classic 3 pleat design 15” Drop\nPasses NFPA 701 Flame Retardancy test\nwith “raw silk” look\nManufactured to prevent snagging and hide “wear and tear”\nAnchor bands to secure the product to bed and prevent shifting\nPerfect weight fabric for bed skirt, requires no lining\nSimplicity Ripple or Classic Stripe white top sheets.\nMachine Wash & Dry, Low Temperature, Low Extraction, No Bleach, No\n        Ironing.", "Images": ["https://s.turbifycdn.com/aah/opa-locka/shantung-hotel-tailored-bed-skirt-cocoa-brown-25.gif"], "Url": "https://towelwholesaler.com/shantung-hotel-tailored-bed-skirt-cocoa-brown--cocoa-brown.html"}
{"SKU": "SSC", "Type": "", "Size": "King 78x80x15 Deep ", "Color": "", "Options": {"Size": "King 78x80x15 Deep (+$60)"}, "Price Per Each": "42.95", "Full Price": "455.4", "Stock Status": "In Stock", "Brand": "KTX SIMPLICITY BEDDING", "Category": "Ripple Decorative Top Sheet-T260 by KelTx  FREE SHIPPING", "Sub Category": "Triton Decorative Top Sheet-T300 By KelTex  FREE SHIPPING", "Material": "", "Title": "Shantung Hotel Tailored Bed Skirt Cocoa Brown", "Description": "Classic 3 pleat design 15” Drop\nPasses NFPA 701 Flame Retardancy test\nwith “raw silk” look\nManufactured to prevent snagging and hide “wear and tear”\nAnchor bands to secure the product to bed and prevent shifting\nPerfect weight fabric for bed skirt, requires no lining\nSimplicity Ripple or Classic Stripe white top sheets.\nMachine Wash & Dry, Low Temperature, Low Extraction, No Bleach, No\n        Ironing.", "Images": ["https://s.turbifycdn.com/aah/opa-locka/shantung-hotel-tailored-bed-skirt-cocoa-brown-25.gif"], "Url": "https://towelwholesaler.com/shantung-hotel-tailored-bed-skirt-cocoa-brown--cocoa-brown.html"}
{"SKU": "BSCVRBRN", "Type": "", "Size": "Box Spring Cover-Cocoa Brown-XL Full 54 x 80 x 10 Carton of 12", "Color": "", "Options": {"Size": "Box Spring Cover-Cocoa Brown-XL Full 54 x 80 x 10 Carton of 12"}, "Price Per Each": "35.95", "Full Price": "431.4", "Stock Status": "In Stock", "Brand": "KTX SIMPLICITY BEDDING", "Category": "Ripple Decorative Top Sheet-T260 by KelTx  FREE SHIPPING", "Sub Category": "Triton Decorative Top Sheet-T300 By KelTex  FREE SHIPPING", "Material": "", "Title": "Shantung Hotel Box Spring Cover-Cocoa", "Description": "Modern slip cover style\nPasses NFPA 701 Flame Retardancy test\nwith “raw silk” look\nManufactured to prevent snagging and hide “wear and tear\nFully decked to secure the product to bed and prevent shifting\nCovers Box springs up to 10” high\nPerfect weight fabric for box spring cover, requires no lining\nMachine Wash & Dry, Low Temperature, Low Extraction, No Bleach, No\n        Ironing.", "Images": ["https://s.turbifycdn.com/aah/opa-locka/shantung-hotel-box-spring-cover-cocoa-brown-68.gif"], "Url": "https://towelwholesaler.com/shantung-hotel-box-spring-cover-brown.html"}
{"SKU": "BSCVRBRN", "Type": "", "Size": "Box Spring Cover-Cocoa Brown-Queen 60 x 80 x 10 ", "Color": "", "Options": {"Size": "Box Spring Cover-Cocoa Brown-Queen 60 x 80 x 10 (+$24) Carton of 12"}, "Price Per Each": "35.95", "Full Price": "431.4", "Stock Status": "In Stock", "Brand": "KTX SIMPLICITY BEDDING", "Category": "Ripple Decorative Top Sheet-T260 by KelTx  FREE SHIPPING", "Sub Category": "Triton Decorative Top Sheet-T300 By KelTex  FREE SHIPPING", "Material": "", "Title": "Shantung Hotel Box Spring Cover-Cocoa", "Description": "Modern slip cover style\nPasses NFPA 701 Flame Retardancy test\nwith “raw silk” look\nManufactured to prevent snagging and hide “wear and tear\nFully decked to secure the product to bed and prevent shifting\nCovers Box springs up to 10” high\nPerfect weight fabric for box spring cover, requires no lining\nMachine Wash & Dry, Low Temperature, Low Extraction, No Bleach, No\n        Ironing.", "Images": ["https://s.turbifycdn.com/aah/opa-locka/shantung-hotel-box-spring-cover-cocoa-brown-68.gif"], "Url": "https://towelwholesaler.com/shantung-hotel-box-spring-cover-brown.html"}
{"SKU": "BSCVRBRN", "Type": "", "Size": "Box Spring Cover-Cocoa Brown-King 78 x80 x 10 ", "Color": "", "Options": {"Size": "Box Spring Cover-Cocoa Brown-King 78 x80 x 10 (+$48)  Carton of 12"}, "Price Per Each": "35.95", "Full Price": "431.4", "Stock Status": "In Stock", "Brand": "KTX SIMPLICITY BEDDING", "Category": "Ripple Decorative Top Sheet-T260 by KelTx  FREE SHIPPING", "Sub Category": "Triton Decorative Top Sheet-T300 By KelTex  FREE SHIPPING", "Material": "", "Title": "Shantung Hotel Box Spring Cover-Cocoa", "Description": "Modern slip cover style\nPasses NFPA 701 Flame Retardancy test\nwith “raw silk” look\nManufactured to prevent snagging and hide “wear and tear\nFully decked to secure the product to bed and prevent shifting\nCovers Box springs up to 10” high\nPerfect weight fabric for box spring cover, requires no lining\nMachine Wash & Dry, Low Temperature, Low Extraction, No Bleach, No\n        Ironing.", "Images": ["https://s.turbifycdn.com/aah/opa-locka/shantung-hotel-box-spring-cover-cocoa-brown-68.gif"], "Url": "https://towelwholesaler.com/shantung-hotel-box-spring-cover-brown.html"}
{"SKU": "BSCVRNAVY", "Type": "", "Size": "Box Spring Cover-Navy-XL Full 54 x 80 x 10 Carton of 12", "Color": "", "Options": {"Size": "Box Spring Cover-Navy-XL Full 54 x 80 x 10 Carton of 12"}, "Price Per Each": "35.95", "Full Price": "431.4", "Stock Status": "In Stock", "Brand": "KTX SIMPLICITY BEDDING", "Category": "Ripple Decorative Top Sheet-T260 by KelTx  FREE SHIPPING", "Sub Category": "Triton Decorative Top Sheet-T300 By KelTex  FREE SHIPPING", "Material": "", "Title": "Shantung Hotel Box Spring Cover-Navy", "Description": "Modern slip cover style\nPasses NFPA 701 Flame Retardancy test\nwith “raw silk” look\nManufactured to prevent snagging and hide “wear and tear\nFully decked to secure the product to bed and prevent shifting\nCovers Box springs up to 10” high\nPerfect weight fabric for box spring cover, requires no lining\nMachine Wash & Dry, Low Temperature, Low Extraction, No Bleach, No\n        Ironing.", "Images": ["https://s.turbifycdn.com/aah/opa-locka/shantung-hotel-box-spring-cover-navy-29.gif"], "Url": "https://towelwholesaler.com/shantung-hotel-box-spring-cover-navy.html"}
{"SKU": "BSCVRNAVY", "Type": "", "Size": "Box Spring Cover-Navy-Queen 60 x 80 x 10 ", "Color": "", "Options": {"Size": "Box Spring Cover-Navy-Queen 60 x 80 x 10 (+$24) Carton of 12"}, "Price Per Each": "35.95", "Full Price": "431.4", "Stock Status": "In Stock", "Brand": "KTX SIMPLICITY BEDDING", "Category": "Ripple Decorative Top Sheet-T260 by KelTx  FREE SHIPPING", "Sub Category": "Triton Decorative Top Sheet-T300 By KelTex  FREE SHIPPING", "Material": "", "Title": "Shantung Hotel Box Spring Cover-Navy", "Description": "Modern slip cover style\nPasses NFPA 701 Flame Retardancy test\nwith “raw silk” look\nManufactured to prevent snagging and hide “wear and tear\nFully decked to secure the product to bed and prevent shifting\nCovers Box springs up to 10” high\nPerfect weight fabric for box spring cover, requires no lining\nMachine Wash & Dry, Low Temperature, Low Extraction, No Bleach, No\n        Ironing.", "Images": ["https://s.turbifycdn.com/aah/opa-locka/shantung-hotel-box-spring-cover-navy-29.gif"], "Url": "https://towelwholesaler.com/shantung-hotel-box-spring-cover-navy.html"}
{"SKU": "BSCVRNAVY", "Type": "", "Size": "Box Spring Cover-Navy-King 78 x80 x 10 ", "Color": "", "Options": {"Size": "Box Spring Cover-Navy-King 78 x80 x 10 (+$48) Carton of 12"}, "Price Per Each": "35.95", "Full Price": "431.4", "Stock Status": "In Stock", "Brand": "KTX SIMPLICITY BEDDING", "Category": "Ripple Decorative Top Sheet-T260 by KelTx  FREE SHIPPING", "Sub Category": "Triton Decorative Top Sheet-T300 By KelTex  FREE SHIPPING", "Material": "", "Title": "Shantung Hotel Box Spring Cover-Navy", "Description": "Modern slip cover style\nPasses NFPA 701 Flame Retardancy test\nwith “raw silk” look\nManufactured to prevent snagging and hide “wear and tear\nFully decked to secure the product to bed and prevent shifting\nCovers Box springs up to 10” high\nPerfect weight fabric for box spring cover, requires no lining\nMachine Wash & Dry, Low Temperature, Low Extraction, No Bleach, No\n        Ironing.", "Images": ["https://s.turbifycdn.com/aah/opa-locka/shantung-hotel-box-spring-cover-navy-29.gif"], "Url": "https://towelwholesaler.com/shantung-hotel-box-spring-cover-navy.html"}
{"SKU": "BSCVRTAN", "Type": "", "Size": "Box Spring Cover-Tan-XL Full 54 x 80 x 10 Carton of 12", "Color": "", "Options": {"Size": "Box Spring Cover-Tan-XL Full 54 x 80 x 10 Carton of 12"}, "Price Per Each": "35.95", "Full Price": "431.4", "Stock Status": "In Stock", "Brand": "KTX SIMPLICITY BEDDING", "Category": "Ripple Decorative Top Sheet-T260 by KelTx  FREE SHIPPING", "Sub Category": "Triton Decorative Top Sheet-T300 By KelTex  FREE SHIPPING", "Material": "", "Title": "Shantung Hotel Box Spring Cover-Tan", "Description": "Modern slip cover style\nPasses NFPA 701 Flame Retardancy test\nwith “raw silk” look\nManufactured to prevent snagging and hide “wear and tear\nFully decked to secure the product to bed and prevent shifting\nCovers Box springs up to 10” high\nPerfect weight fabric for box spring cover, requires no lining\nMachine Wash & Dry, Low Temperature, Low Extraction, No Bleach, No\n        Ironing.", "Images": ["https://s.turbifycdn.com/aah/opa-locka/shantung-hotel-box-spring-cover-tan-29.gif"], "Url": "https://towelwholesaler.com/shantung-hotel-box-spring-cover-tan.html"}
{"SKU": "BSCVRTAN", "Type": "", "Size": "Box Spring Cover-Tan-Queen 60 x 80 x 10 ", "Color": "", "Options": {"Size": "Box Spring Cover-Tan-Queen 60 x 80 x 10 (+$24) Carton of 12"}, "Price Per Each": "35.95", "Full Price": "431.4", "Stock Status": "In Stock", "Brand": "KTX SIMPLICITY BEDDING", "Category": "Ripple Decorative Top Sheet-T260 by KelTx  FREE SHIPPING", "Sub Category": "Triton Decorative Top Sheet-T300 By KelTex  FREE SHIPPING", "Material": "", "Title": "Shantung Hotel Box Spring Cover-Tan", "Description": "Modern slip cover style\nPasses NFPA 701 Flame Retardancy test\nwith “raw silk” look\nManufactured to prevent snagging and hide “wear and tear\nFully decked to secure the product to bed and prevent shifting\nCovers Box springs up to 10” high\nPerfect weight fabric for box spring cover, requires no lining\nMachine Wash & Dry, Low Temperature, Low Extraction, No Bleach, No\n        Ironing.", "Images": ["https://s.turbifycdn.com/aah/opa-locka/shantung-hotel-box-spring-cover-tan-29.gif"], "Url": "https://towelwholesaler.com/shantung-hotel-box-spring-cover-tan.html"}
{"SKU": "BSCVRTAN", "Type": "", "Size": "Box Spring Cover-Tan-King 78 x80 x 10 ", "Color": "", "Options": {"Size": "Box Spring Cover-Tan-King 78 x80 x 10 (+$48) Carton of 12"}, "Price Per Each": "35.95", "Full Price": "431.4", "Stock Status": "In Stock", "Brand": "KTX SIMPLICITY BEDDING", "Category": "Ripple Decorative Top Sheet-T260 by KelTx  FREE SHIPPING", "Sub Category": "Triton Decorative Top Sheet-T300 By KelTex  FREE SHIPPING", "Material": "", "Title": "Shantung Hotel Box Spring Cover-Tan", "Description": "Modern slip cover style\nPasses NFPA 701 Flame Retardancy test\nwith “raw silk” look\nManufactured to prevent snagging and hide “wear and tear\nFully decked to secure the product to bed and prevent shifting\nCovers Box springs up to 10” high\nPerfect weight fabric for box spring cover, requires no lining\nMachine Wash & Dry, Low Temperature, Low Extraction, No Bleach, No\n        Ironing.", "Images": ["https://s.turbifycdn.com/aah/opa-locka/shantung-hotel-box-spring-cover-tan-29.gif"], "Url": "https://towelwholesaler.com/shantung-hotel-box-spring-cover-tan.html"}
{"SKU": "BSCVRSLATE", "Type": "", "Size": "Box Spring Cover-Slate-XL Full 54 x 80 x 10 \nCarton of 12", "Color": "", "Options": {"Size": "Box Spring Cover-Slate-XL Full 54 x 80 x 10 \nCarton of 12"}, "Price Per Each": "35.95", "Full Price": "431.4", "Stock Status": "In Stock", "Brand": "KTX SIMPLICITY BEDDING", "Category": "Ripple Decorative Top Sheet-T260 by KelTx  FREE SHIPPING", "Sub Category": "Triton Decorative Top Sheet-T300 By KelTex  FREE SHIPPING", "Material": "", "Title": "Shantung Hotel Box Spring Cover-Slate Gray", "Description": "Modern slip cover style\nPasses NFPA 701 Flame Retardancy test\nwith “raw silk” look\nManufactured to prevent snagging and hide “wear and tear\nFully decked to secure the product to bed and prevent shifting\nCovers Box springs up to 10” high\nPerfect weight fabric for box spring cover, requires no lining\nMachine Wash & Dry, Low Temperature, Low Extraction, No Bleach, No \n\tIroning.", "Images": ["https://s.turbifycdn.com/aah/opa-locka/shantung-hotel-box-spring-cover-slate-25.gif"], "Url": "https://towelwholesaler.com/shantung-hotel-box-spring-cover-slate-.html"}
{"SKU": "BSCVRSLATE", "Type": "", "Size": "Box Spring Cover-Slate-Queen 60 x 80 x 10 ", "Color": "", "Options": {"Size": "Box Spring Cover-Slate-Queen 60 x 80 x 10 (+$24\n) Carton of 12"}, "Price Per Each": "35.95", "Full Price": "431.4", "Stock Status": "In Stock", "Brand": "KTX SIMPLICITY BEDDING", "Category": "Ripple Decorative Top Sheet-T260 by KelTx  FREE SHIPPING", "Sub Category": "Triton Decorative Top Sheet-T300 By KelTex  FREE SHIPPING", "Material": "", "Title": "Shantung Hotel Box Spring Cover-Slate Gray", "Description": "Modern slip cover style\nPasses NFPA 701 Flame Retardancy test\nwith “raw silk” look\nManufactured to prevent snagging and hide “wear and tear\nFully decked to secure the product to bed and prevent shifting\nCovers Box springs up to 10” high\nPerfect weight fabric for box spring cover, requires no lining\nMachine Wash & Dry, Low Temperature, Low Extraction, No Bleach, No \n\tIroning.", "Images": ["https://s.turbifycdn.com/aah/opa-locka/shantung-hotel-box-spring-cover-slate-25.gif"], "Url": "https://towelwholesaler.com/shantung-hotel-box-spring-cover-slate-.html"}
{"SKU": "BSCVRSLATE", "Type": "", "Size": "Box Spring Cover-Slate-King 78 x80 x 10 ", "Color": "", "Options": {"Size": "Box Spring Cover-Slate-King 78 x80 x 10 (+$48) Carton of 12"}, "Price Per Each": "35.95", "Full Price": "431.4", "Stock Status": "In Stock", "Brand": "KTX SIMPLICITY BEDDING", "Category": "Ripple Decorative Top Sheet-T260 by KelTx  FREE SHIPPING", "Sub Category": "Triton Decorative Top Sheet-T300 By KelTex  FREE SHIPPING", "Material": "", "Title": "Shantung Hotel Box Spring Cover-Slate Gray", "Description": "Modern slip cover style\nPasses NFPA 701 Flame Retardancy test\nwith “raw silk” look\nManufactured to prevent snagging and hide “wear and tear\nFully decked to secure the product to bed and prevent shifting\nCovers Box springs up to 10” high\nPerfect weight fabric for box spring cover, requires no lining\nMachine Wash & Dry, Low Temperature, Low Extraction, No Bleach, No \n\tIroning.", "Images": ["https://s.turbifycdn.com/aah/opa-locka/shantung-hotel-box-spring-cover-slate-25.gif"], "Url": "https://towelwholesaler.com/shantung-hotel-box-spring-cover-slate-.html"}
