Product URL,Item ID,Product ID,Category,Brand Name,Product Name,Regular Price,Special Price,Current Price,Short Description,Long Description,Product Information,Directions,Ingredients,SKU,Image URLs
https://www.kogan.com/au/buy/need-supplies-nitrile-powder-free-gloves-black-small-100-pcs-box-needglove-nitbs100/,,NEI-NEEDGLOVE-NITBS100,"Industrial, Healthcare, Lab & Dental, Industrial, Healthcare, Lab & Dental, Medical, Lab & Dental Supplies, Disposable Gloves",,Nitrile Powder Free Gloves Black - Small - 100 Pcs Box,,,14.49,,"Nitrile is waterproof, grease proof, oil proof and most importantly, chemical resistant to a range of common chemicals and substances.
Superior quality, Nitrile gloves are also commonly used in the medical industry due to their high puncture resistance, and dexterous strength. 
Features

Slip Resistance TextureHigh TactilityNon-SterileBPA FreeLatex FreePhthalate FreeVinyl FreeMBT FreePowder FreeSingle-Use OnlyMedical use / Dental useFood Handling – HACCP ApprovedDisposable
Specifications:
DescriptionNitrile Gloves – Powder FreeColourBlackBox Qty1 Box = 100 pieces 1 Carton = 1000 pieces","General:
Pieces 100
Size Small",,,7426963835283,"https://assets.kogan.com/images/needsupplies/NEI-NEEDGLOVE-NITBS100/1-238703805e-nitrile-black-main-1.jpg,
 https://assets.kogan.com/images/needsupplies/NEI-NEEDGLOVE-NITBS100/2-531d7a433d-image8.png,
 https://assets.kogan.com/images/needsupplies/NEI-NEEDGLOVE-NITBS100/3-33581841b7-image23.png,
 https://assets.kogan.com/images/needsupplies/NEI-NEEDGLOVE-NITBS100/4-4db74153b5-image11.png,
 https://assets.kogan.com/images/needsupplies/NEI-NEEDGLOVE-NITBS100/5-afacba2981-image6.png,
 https://assets.kogan.com/images/needsupplies/NEI-NEEDGLOVE-NITBS100/6-0d2a6cb1c2-gloves-size-chart.jpg,
 https://assets.kogan.com/images/needsupplies/NEI-NEEDGLOVE-NITBS100/7-f8d77105fb-nitrile-black-small.jpg"
