Title,Model,Sku,Discounted_Price,Was_Price,Discount_Amount,Status,Image,URL,Description
AMD - Ryzen 9 7950X 16-core - 32-Thread 4.5GHz (5.7 GHz Max Boost) Socket AM5 Desktop Processor - Silver,100-100000514WOF ,6519470,599.99,699.99,100,In stock,https://pisces.bbystatic.com/image2/BestBuy_US/images/products/6519/6519470cv11d.jpg,https://www.bestbuy.com/site/amd-ryzen-9-7950x-16-core-32-thread-4-5ghz-5-7-ghz-max-boost-socket-am5-desktop-processor-silver/6519470.p?skuId=6519470,"When you want the best for gaming and creating, the 16-core powerhouse processor that can do it all with the highest single-core and multi-core performance from AMD for the most demanding gamers and creators."
"AMD - Ryzen 5 5600X 4th Gen 6-core, 12-threads Unlocked Desktop Processor With Wraith Stealth Cooler",100-100000065BOX ,6438943,149,299,150,In stock,https://pisces.bbystatic.com/image2/BestBuy_US/images/products/6438/6438943_sd.jpg,https://www.bestbuy.com/site/amd-ryzen-5-5600x-4th-gen-6-core-12-threads-unlocked-desktop-processor-with-wraith-stealth-cooler/6438943.p?skuId=6438943,Game with the Best 6 incredible cores for those who just want to game. Get the high-speed gaming performance of the world’s best desktop processor. AMD StoreMI Technology a fast and easy way to expand and accelerate the storage in a desktop PC with an AMD Ryzen processor.
Intel - Core i7-12700K Desktop Processor 12 (8P+4E) Cores up to 5.0 GHz Unlocked  LGA1700 600 Series Chipset 125W,BX8071512700K ,6483672,267.99,419.99,152,In stock,https://pisces.bbystatic.com/image2/BestBuy_US/images/products/6483/6483672_sd.jpg,https://www.bestbuy.com/site/intel-core-i7-12700k-desktop-processor-12-8p-4e-cores-up-to-5-0-ghz-unlocked-lga1700-600-series-chipset-125w/6483672.p?skuId=6483672,"12th Gen Intel® Core™ i7-12700K unlocked desktop processor. Featuring Intel® Turbo Boost Max Technology 3.0 and PCIe Gen 4.0 support, unlocked 12th Gen Intel® Core™ desktop processors are optimized for enthusiast gamers and serious creators and help deliver high performance overclocking for an added boost. Thermal solution NOT included in the box. Compatible with 600 series chipset based motherboards 125W."
AMD - Ryzen 5 5500 3.6 GHz Six-Core AM4 Processor - Black,100-100000457BOX ,6510779,99,159,60,In stock,https://pisces.bbystatic.com/image2/BestBuy_US/images/products/6510/6510779_sd.jpg,https://www.bestbuy.com/site/amd-ryzen-5-5500-3-6-ghz-six-core-am4-processor-black/6510779.p?skuId=6510779,"Designed for socket AM4 motherboards using the powerful Zen 3 architecture, the 7nm 5th generation Ryzen processor offers significantly improved performance compared to its predecessor. With a base clock speed of 3.6 GHz and a max boost clock speed of 4.2 GHz in addition to 16MB of L3 Cache, the Ryzen 5 5500 is built to deliver the power needed to smoothly handle tasks ranging from content creation to immersive gaming experiences. You can boost performance further by overclocking this unlocked processor. Other features include support for PCIe Gen 3 technology and 3200 MHz DDR4 RAM with compatible motherboards. This processor has a 65W TDP (Thermal Design Power) and includes a Wraith Stealth cooling solution. Please note that it does not have an integrated GPU, so a dedicated graphics card is required."
Intel - Core i5-12600K Desktop Processor 10 (6P+4E) Cores up to 4.9 GHz Unlocked  LGA1700 600 Series Chipset 125W,BX8071512600K ,6483676,214.99,299.99,85,In stock,https://pisces.bbystatic.com/image2/BestBuy_US/images/products/6483/6483676_sd.jpg,https://www.bestbuy.com/site/intel-core-i5-12600k-desktop-processor-10-6p-4e-cores-up-to-4-9-ghz-unlocked-lga1700-600-series-chipset-125w/6483676.p?skuId=6483676,"12th Gen Intel® Core™ i5-12600K unlocked desktop processor. Featuring PCIe Gen 5.0 & 4.0 support, DDR5 & DDR4 support, unlocked 12th Gen Intel® Core™ desktop processors are optimized for productivity, gaming, and overclocking. Thermal solution NOT included in the box. Compatible with 600 series chipset based motherboards 125W."
"Intel - Core i5-13600K 13th Gen 14 cores 6 P-cores + 8 E-cores 24M Cache, 3.5 to 5.1 GHz LGA1700 Unlocked Desktop Processor",BX8071513600K ,6521196,309.99,339.99,30,In stock,https://pisces.bbystatic.com/image2/BestBuy_US/images/products/6521/6521196_sd.jpg,https://www.bestbuy.com/site/intel-core-i5-13600k-13th-gen-14-cores-6-p-cores-8-e-cores-24m-cache-3-5-to-5-1-ghz-lga1700-unlocked-desktop-processor/6521196.p?skuId=6521196,"13th Gen Intel Core i5-13600K desktop processor. Featuring PCIe 5.0 and 4.0 support, DDR5 and DDR4 support, unlocked 13th Gen Intel Core i5 desktop processors are optimized for gamers and productivity and help deliver high performance. Compatible with Intel 700 Series and Intel 600 Series Chipset based motherboards. 125W Processor Base Power."
"AMD - Ryzen 9 5950X 4th Gen 16-core, 32-threads Unlocked Desktop Processor Without Cooler",100-100000059WOF ,6438941,459,799,340,In stock,https://pisces.bbystatic.com/image2/BestBuy_US/images/products/6438/6438941_sd.jpg,https://www.bestbuy.com/site/amd-ryzen-9-5950x-4th-gen-16-core-32-threads-unlocked-desktop-processor-without-cooler/6438941.p?skuId=6438941,One processor that can game as well as it creates. Get the high-speed gaming performance of the world’s best desktop processor. A fast and easy way to expand and accelerate the storage in a desktop PC with an AMD Ryzen processor.
Intel - Core i9-11900K 11th Generation - 8 Core - 16 Thread - 3.5 to 5.3 GHz - LGA1200 - Unlocked Desktop Processor,BX8070811900K ,6452222,429.99,539.99,110,In stock,https://pisces.bbystatic.com/image2/BestBuy_US/images/products/6452/6452222_sd.jpg,https://www.bestbuy.com/site/intel-core-i9-11900k-11th-generation-8-core-16-thread-3-5-to-5-3-ghz-lga1200-unlocked-desktop-processor/6452222.p?skuId=6452222,"11th Gen Intel® Core™ i9-11900K unlocked desktop processor. Featuring Intel® Turbo Boost Max Technology 3.0 and PCIe Gen 4.0 support, unlocked 11th Gen Intel® Core™ desktop processors are optimized for enthusiast gamers and serious creators and help deliver high performance overclocking for an added boost. Thermal solution NOT included in the box. Compatible with 500 series & select 400 series chipset based motherboards. Refer to motherboard vendor for compatiblity details. 125W."
Core i9-10850K Desktop Processor - 10 Cores up to 5.2 GHz Unlocked  LGA1200 - Intel 400 Series chipset 125W,BX8070110850K ,6428160,299.99,409.99,110,In stock,https://pisces.bbystatic.com/image2/BestBuy_US/images/products/6428/6428160_sd.jpg,https://www.bestbuy.com/site/core-i9-10850k-desktop-processor-10-cores-up-to-5-2-ghz-unlocked-lga1200-intel-400-series-chipset-125w/6428160.p?skuId=6428160,"10th Gen Intel Core i9-10850K unlocked desktop processor. Featuring Intel Turbo Boost Max Technology 3.0, unlocked 10th Gen Intel Core desktop processors are optimized for enthusiast gamers and serious creators and help deliver high performance overclocking for an added boost. Thermal solution NOT included in the box. ONLY compatible with 400 series chipset based motherboard. 125W."
Intel - Core i9-12900K Desktop Processor 16 (8P+8E) Cores up to 5.2 GHz Unlocked  LGA1700 600 Series Chipset 125W,BX8071512900K ,6483663,359.99,619.99,260,In stock,https://pisces.bbystatic.com/image2/BestBuy_US/images/products/6483/6483663_sd.jpg,https://www.bestbuy.com/site/intel-core-i9-12900k-desktop-processor-16-8p-8e-cores-up-to-5-2-ghz-unlocked-lga1700-600-series-chipset-125w/6483663.p?skuId=6483663,"12th Gen Intel® Core™ i9-12900K unlocked desktop processor. Featuring Intel® Turbo Boost Max Technology 3.0 and PCIe Gen 5.0 & 4.0 support, DDR5 and DDR4 support, unlocked 12th Gen Intel® Core™ desktop processors are optimized for enthusiast gamers and serious creators and help deliver high performance overclocking for an added boost. Thermal solution NOT included in the box. Compatible with 600 series chipset based motherboards. 125W."
"AMD - Ryzen 9 5900X 4th Gen 12-core, 24-threads Unlocked Desktop Processor Without Cooler",100-100000061WOF ,6438942,319,549,230,In stock,https://pisces.bbystatic.com/image2/BestBuy_US/images/products/6438/6438942_sd.jpg,https://www.bestbuy.com/site/amd-ryzen-9-5900x-4th-gen-12-core-24-threads-unlocked-desktop-processor-without-cooler/6438942.p?skuId=6438942,"12 cores to power through gaming, streaming and more. Get the high-speed gaming performance of the world’s best desktop processor. A fast and easy way to expand and accelerate the storage in a desktop PC with an AMD Ryzen processor."
AMD - Ryzen 7 5800X3D 3.4 GHz Eight-Core AM4 Processor - Black,100-100000651WOF ,6510767,329,449,120,In stock,https://pisces.bbystatic.com/image2/BestBuy_US/images/products/6510/6510767_sd.jpg,https://www.bestbuy.com/site/amd-ryzen-7-5800x3d-3-4-ghz-eight-core-am4-processor-black/6510767.p?skuId=6510767,"Featuring a unique AMD 3D V-Cache vertical design, this eight-core, 16 thread processor includes 96MB of L3 cache while still allowing the CPU to fit socket AM4 motherboards. Combined with the powerful Zen 3 7nm architecture, with a base clock speed of 3.4 GHz and a max boost clock speed of 4.5 GHz, this processor is designed to enhance 1080p video game performance by up to 15% with high graphical settings. Other features include support for PCIe 4.0 technology and 3200 MHz DDR4 RAM with compatible motherboards. This processor has a 105W TDP (Thermal Design Power) and does not include a cooling solution. Please note that it does not have an integrated GPU, so a dedicated graphics card is required."
"Intel - Core i7-13700K 13th Gen 16 cores 8 P-cores + 8 E-cores 30M Cache, 3.4 to 5.4 GHz LGA1700 Unlocked Desktop Processor",BX8071513700K ,6521194,407.99,489.99,82,In stock,https://pisces.bbystatic.com/image2/BestBuy_US/images/products/6521/6521194_sd.jpg,https://www.bestbuy.com/site/intel-core-i7-13700k-13th-gen-16-cores-8-p-cores-8-e-cores-30m-cache-3-4-to-5-4-ghz-lga1700-unlocked-desktop-processor/6521194.p?skuId=6521194,"13th Gen Intel Core i7-13900K desktop processor. Featuring Intel Turbo Boost Max Technology 3.0, and PCIe 5.0 and 4.0 support, DDR5 and DDR4 support, unlocked 13th Gen Intel Core i7 desktop processors are optimized for gamers and productivity and help deliver high performance. Compatible with Intel 700 Series and Intel 600 Series Chipset based motherboards. 125W Processor Base Power."
AMD - Ryzen 5 7600X 6-core - 12-Thread 4.7GHz (5.3 GHz Max Boost) Socket AM5 Desktop Processor - Silver,100-100000593WOF ,6519479,249.99,299.99,50,In stock,https://pisces.bbystatic.com/image2/BestBuy_US/images/products/6519/6519479cv11d.jpg,https://www.bestbuy.com/site/amd-ryzen-5-7600x-6-core-12-thread-4-7ghz-5-3-ghz-max-boost-socket-am5-desktop-processor-silver/6519479.p?skuId=6519479,"Pure gaming performance, get the 6-core gaming processor built for intense gaming action."
"Intel - Core i9-13900K 13th Gen 24 cores 8 P-cores + 16 E-cores 36M Cache, 3 to 5.8 GHz LGA1700 Unlocked Desktop Processor",BX8071513900K ,6521190,579.99,689.99,110,In stock,https://pisces.bbystatic.com/image2/BestBuy_US/images/products/6521/6521190_sd.jpg,https://www.bestbuy.com/site/intel-core-i9-13900k-13th-gen-24-cores-8-p-cores-16-e-cores-36m-cache-3-to-5-8-ghz-lga1700-unlocked-desktop-processor/6521190.p?skuId=6521190,"13th Gen Intel Core i9-13900K desktop processor. Featuring Intel Adaptive Boost Technology, Intel Thermal Velocity Boost, Intel Turbo Boost Max Technology 3.0, and PCIe 5.0 and 4.0 support, DDR5 and DDR4 support, unlocked 13th Gen Intel Core i9 desktop processors are optimized for enthusiast gamers and serious creators and help deliver high performance. Compatible with Intel 700 Series and Intel 600 Series Chipset based motherboards. 125W Processor Base Power."
"AMD - Ryzen 7 5800X 4th Gen 8-core, 16-threads Unlocked Desktop Processor Without Cooler",100-100000063WOF ,6439000,229,449,220,In stock,https://pisces.bbystatic.com/image2/BestBuy_US/images/products/6439/6439000_sd.jpg,https://www.bestbuy.com/site/amd-ryzen-7-5800x-4th-gen-8-core-16-threads-unlocked-desktop-processor-without-cooler/6439000.p?skuId=6439000,8 cores optimized for high-FPS gaming rigs. Get the high-speed gaming performance of the world’s best desktop processor. AMD Ryzen Master Utility the Simple and Powerful Overclocking Utility for AMD Ryzen processors.
