Name,Title,Company,Location,Url
Mark Panik,Graphics,The Fabulous Group,"Chicago, United States",https://www.adforum.com/talent/81786600-mark-panik
Maya Wynant,Art Director & Graphic Designer,The Miller Group,United States,https://www.adforum.com/talent/82328553-maya-wynant
Andre Sam,Graphics,Fusion92,"New York, United States",https://www.adforum.com/talent/81798118-andre-sam
Catherine Yoo,3D Graphics,Not To Scale,"Washington, United States",https://www.adforum.com/talent/81817115-catherine-yoo
Nelson Sousa,3D Graphics,Stardust,"San Francisco, United States",https://www.adforum.com/talent/41707692-nelson-sousa
James Tobias,Graphics,Lodge 26,"New York, United States",https://www.adforum.com/talent/81781550-james-tobias
Hayes Brad,3D Graphics,Laundry Design,"Santa Monica  , United States",https://www.adforum.com/talent/81839277-hayes-brad
Arttu Koskela,3D Graphics,750mph,"Portland, United States",https://www.adforum.com/talent/81842535-arttu-koskela
Shane Csontos-Popko,3D Graphics,Brand New School,"New York, United States",https://www.adforum.com/talent/81843115-shane-csontos-popko
Pete Coggeshall,3D Graphics,Rock Paper Scissors,"Santa Monica  , United States",https://www.adforum.com/talent/81849005-pete-coggeshall
Steve Burger,3D Graphics,HSI,"New York, United States",https://www.adforum.com/talent/40928-steve-burger
Jens Gelharr,Graphics,Ogilvy Worldwide,"New York, United States",https://www.adforum.com/talent/51902-jens-gelharr
Koyama Yas,3D Graphics,Laundry Design,"Santa Monica  , United States",https://www.adforum.com/talent/81839278-koyama-yas
Alex Kline,3D Graphics,The Mill LA,"Chicago, United States",https://www.adforum.com/talent/81829882-alex-kline
Birgit Rathsn,Graphics,MullenLowe Profero San Francisco,"San Francisco, United States",https://www.adforum.com/talent/81798119-birgit-rathsn
Alice Ngo,3D Graphics,Stardust,"San Francisco, United States",https://www.adforum.com/talent/41707691-alice-ngo
Tristan North,3D Graphics,Stardust,"San Francisco, United States",https://www.adforum.com/talent/41707696-tristan-north
Leo Nguyen,Graphics,BBDO New York,"New York, United States",https://www.adforum.com/talent/81801671-leo-nguyen
Laundry,Graphics,Pereira O'Dell,"San Francisco, United States",https://www.adforum.com/talent/81803463-laundry
Thomas Kernan,3D Graphics,Rock Paper Scissors,"Santa Monica  , United States",https://www.adforum.com/talent/81849006-thomas-kernan
Nic Yiallouris,3D Graphics,Caviar Content (US),"Chicago, United States",https://www.adforum.com/talent/81849640-nic-yiallouris
Jono Gaughan,Graphics,VMLY&R Kansas City,"Kansas City, United States",https://www.adforum.com/talent/81816950-jono-gaughan
Andrew Cohen,3D Graphics,Exposed Brick,"New York, United States",https://www.adforum.com/talent/60524-andrew-cohen
Pablo Kirschke,3D Graphics,Supply & Demand,"New York, United States",https://www.adforum.com/talent/64052-pablo-kirschke
David Bernkopf,3D Graphics,HSI,"New York, United States",https://www.adforum.com/talent/41708523-david-bernkopf
Manual Macha,3D Graphics,Stardust,"San Francisco, United States",https://www.adforum.com/talent/41707695-manual-macha
Abel Salazar,3D Graphics,Rock Paper Scissors,"Santa Monica  , United States",https://www.adforum.com/talent/81849007-abel-salazar
Koh Mike,3D Graphics,Laundry Design,"Santa Monica  , United States",https://www.adforum.com/talent/81839275-koh-mike
Jesse Roff,3D Graphics,Undefined Creative,"New York, United States",https://www.adforum.com/talent/81827193-jesse-roff
Christian Neilson,3D Graphics,RESET Content,"New York, United States",https://www.adforum.com/talent/81835026-christian-neilson
Dan Bradham,3D Graphics,Brand New School,"New York, United States",https://www.adforum.com/talent/81826203-dan-bradham
Paul Braddock,3D Graphics,Stardust,"San Francisco, United States",https://www.adforum.com/talent/50456-paul-braddock
Nathaniel Morgan,3D Graphics,Rock Paper Scissors,"Santa Monica  , United States",https://www.adforum.com/talent/81849008-nathaniel-morgan
Keith Kamholz,3D Graphics,HSI  - East Coast,"Minneapolis, United States",https://www.adforum.com/talent/41709309-keith-kamholz
Yili Orana,3D Graphics,The Mill New York,"New York, United States",https://www.adforum.com/talent/81843347-yili-orana
Carmine Laietta,3D Graphics,Duotone Audio Group,"Richmond, United States",https://www.adforum.com/talent/81826204-carmine-laietta
Nick Freeman,Graphics,RF|Binder,"New York, United States",https://www.adforum.com/talent/81819280-nick-freeman
Ryan Wilson,Graphics,Bonds,"San Francisco, United States",https://www.adforum.com/talent/23372-ryan-wilson
Marko Mandaric,3D Graphics,Rock Paper Scissors,"Santa Monica  , United States",https://www.adforum.com/talent/81849009-marko-mandaric
Wendy Kline,3D Graphics,Rock Paper Scissors,"Santa Monica  , United States",https://www.adforum.com/talent/81849011-wendy-kline
Nicolas  Nasser,3D Graphics,DDB New York,"New York, United States",https://www.adforum.com/talent/81855397-nicolas-nasser
Mike Di Nocco,3D Graphics,Morton Jankel Zander (MJZ),"New York, United States",https://www.adforum.com/talent/81838913-mike-di-nocco
Sprinkles Steve,3D Graphics,Laundry Design,"Santa Monica  , United States",https://www.adforum.com/talent/81839276-sprinkles-steve
Morten Kühl Christensen,3D Graphics,Brand New School,"New York, United States",https://www.adforum.com/talent/81843114-morten-kuhl-christensen
Adam Leary,3D Graphics,750mph,"Portland, United States",https://www.adforum.com/talent/81842534-adam-leary
Glen Nonoren,3D Graphics,Crossroads Films,"Chicago, United States",https://www.adforum.com/talent/40819-glen-nonoren
Julián Guridi,3D Graphics,media 8,"Miami, United States",https://www.adforum.com/talent/81795377-julian-guridi
Walter Lubinski,3D Graphics,Razorfish,"New York, United States",https://www.adforum.com/talent/57629-walter-lubinski
Jorge Lega,3D Graphics,2C Creative,"North Miami, United States",https://www.adforum.com/talent/81809767-jorge-lega
Bhakar James,3D Graphics,Stardust,"San Francisco, United States",https://www.adforum.com/talent/41707693-bhakar-james
Renee Haar,Graphics Producer,GrandArmy,"New York, United States",https://www.adforum.com/talent/81834786-renee-haar
Jim King,Graphic Designer,Dwight Eschliman Photography,"San Francisco, United States",https://www.adforum.com/talent/56371-jim-king
Kevin Hughes,Motion Graphics Designer,Gocompare.com,"Chicago, United States",https://www.adforum.com/talent/81808514-kevin-hughes
Rick Ellis,Motion Graphics Designer,Workshop Creative,"New York, United States",https://www.adforum.com/talent/81836408-rick-ellis
Mike Landry,"Creative Director, Motion Graphics",ArsenalCreative,"San Francisco, United States",https://www.adforum.com/talent/81827763-mike-landry
Amber Navvrete,Graphic Artist,Fallon,"Minneapolis, United States",https://www.adforum.com/talent/81792139-amber-navvrete
Alex Roses,Motion Graphics,Publicis Sapient,"Boston, United States",https://www.adforum.com/talent/81787604-alex-roses
Young Seo,Graphic Designer,R/GA,"New York, United States",https://www.adforum.com/talent/81826154-young-seo
Karo Jattke,Graphic Designer,McCaffery Gottlieb Lane LLC,"New York, United States",https://www.adforum.com/talent/41703917-karo-jattke
Matt Merkel,Graphic Designer,Powell & Partners Creative,"Charlotte, United States",https://www.adforum.com/talent/41704833-matt-merkel
Sam Lakas,Graphic Designer,"Manasian, Inc.","Waltham, United States",https://www.adforum.com/talent/6699570-sam-lakas
Jim Zeman,Graphic Designer,Powell & Partners Creative,"Charlotte, United States",https://www.adforum.com/talent/41697677-jim-zeman
Bobby Van Dyke,Graphic Designer,Brainchild Creative,"San Francisco, United States",https://www.adforum.com/talent/41701644-bobby-van-dyke
Frances Burruss,Graphic Designer,Longwater Advertising,"Savannah, United States",https://www.adforum.com/talent/15596-frances-burruss
Gigi Lam,Graphic Designer,DAE,"San Francisco, United States",https://www.adforum.com/talent/81774271-gigi-lam
Liza Pagano,Graphic Designer,Razorfish,"New York, United States",https://www.adforum.com/talent/26384-liza-pagano
Josh Gerken,Graphic Designer,Liggett Stashower,"Cleveland, United States",https://www.adforum.com/talent/51583-josh-gerken
Greg Park,Motion Graphics,MJZ,"New York, United States",https://www.adforum.com/talent/81838589-greg-park
Michael Marciano,Motion Graphics,Smuggler Films,"Boston, United States",https://www.adforum.com/talent/81844310-michael-marciano
Roswitha Rodrigues,Graphic Design,MARC USA / New York,"New York, United States",https://www.adforum.com/talent/8079-roswitha-rodrigues
Joseph Bukovac,Graphic Designer,Giant Ideas,"Pittsburgh, United States",https://www.adforum.com/talent/65748-joseph-bukovac
Dan Hawk,Graphic Designer,Precision Shooting Equipment,"Tucson, United States",https://www.adforum.com/talent/66974-dan-hawk
Amy Runstrom,Graphic/Web Designer,M. Tavernini & Associates,"Marquette, United States",https://www.adforum.com/talent/70920-amy-runstrom
Alida Pirani,Graphic Designer,Dentsu Next,"Brea, United States",https://www.adforum.com/talent/71098-alida-pirani
Zach Carnes,Graphic Artist,Eleven Sound,"Los Angeles, United States",https://www.adforum.com/talent/81849043-zach-carnes
Melissa Andrews Andrews,Graphic Design,Clipping Path Studio,United States,https://www.adforum.com/talent/82227028-melissa-andrews-andrews
Amy White,Graphics Designer,Designer House,"Old Forge, United States",https://www.adforum.com/talent/82261800-amy-white
Aaron Stewart,Graphic Designer,Instructoart,"New York, United States",https://www.adforum.com/talent/49812-aaron-stewart
Barbara Scholen,Graphic Designer,STEVENSON Advertising Engineers,"Lynnwood, United States",https://www.adforum.com/talent/59381-barbara-scholen
Jezreel Alcantara,Graphic Designer,Carat,"New York, United States",https://www.adforum.com/talent/55550-jezreel-alcantara
Joseph Milne,Graphic Designer,Giant Ideas,"Pittsburgh, United States",https://www.adforum.com/talent/57208-joseph-milne
Brandon Scott,Graphic Designer,g Media Creative,"St. Louis, United States",https://www.adforum.com/talent/60814-brandon-scott
Talia Johnson,Graphic Designer,352 Media Group,"Atlanta, United States",https://www.adforum.com/talent/60908-talia-johnson
Dusty Sumner,Graphic Designer,Barkley,"Kansas City, United States",https://www.adforum.com/talent/61691-dusty-sumner
Aaron Benoit,Graphic Designer,72andSunny,"Los Angeles, United States",https://www.adforum.com/talent/81783367-aaron-benoit
David Watson,Graphic Designer,Logo Design Best,"Houston, United States",https://www.adforum.com/talent/81834660-david-watson
Ryan Gilbert,Motion Graphics,Digitas Boston,"Boston, United States",https://www.adforum.com/talent/81825727-ryan-gilbert
Derek Bratek,Graphic Designer,###KSV Communicators,"Burlington, United States",https://www.adforum.com/talent/81796202-derek-bratek
Andrew Hoeveler,Motion Graphics,TBWA\Chiat\Day Los Angeles,"Los Angeles, United States",https://www.adforum.com/talent/41712861-andrew-hoeveler
Tina St. Claire,Graphic Designer,RPA,"Santa Monica  , United States",https://www.adforum.com/talent/41710271-tina-st-claire
Charles Hoge,Graphic Designer,McCaffery Gottlieb Lane LLC,"New York, United States",https://www.adforum.com/talent/41703916-charles-hoge
Randy Sluder,Graphic Designer,Powell & Partners Creative,"Charlotte, United States",https://www.adforum.com/talent/41697676-randy-sluder
Louiselotte Brekelmans,Graphic Designer,Duval Guillaume,"New York, United States",https://www.adforum.com/talent/41698667-louiselotte-brekelmans
Vincent Rogozyk,Graphic Artist,Goodby Silverstein & Partners,"San Francisco, United States",https://www.adforum.com/talent/41707711-vincent-rogozyk
Chris Guy,Motion Graphics,We Are Unlimited,"Chicago, United States",https://www.adforum.com/talent/39080-chris-guy
Mariko Ishihara,Graphic Designer,Fallon,"Minneapolis, United States",https://www.adforum.com/talent/62877-mariko-ishihara
Jason Beattie,Graphic Designer,Kastner & Partners,"Los Angeles, United States",https://www.adforum.com/talent/62923-jason-beattie
T Miller,Graphic Designer,DDB San Francisco,"San Francisco, United States",https://www.adforum.com/talent/65047-t-miller
Neal Horstmeyer,Graphic Designer,352 Media Group,"Atlanta, United States",https://www.adforum.com/talent/6694404-neal-horstmeyer
Rob Neitzke,Graphic Designer,Energy BBDO,"Chicago, United States",https://www.adforum.com/talent/65198-rob-neitzke
Chris Rubino,Graphic Designer,RPA,"Santa Monica  , United States",https://www.adforum.com/talent/81785718-chris-rubino
Alex Mapar,Graphic Artist,Partners & Spade,"New York, United States",https://www.adforum.com/talent/81790894-alex-mapar
Jorge Mosqueira,Graphic Designer,Artvertising,"Miami, United States",https://www.adforum.com/talent/82206183-jorge-mosqueira
Joe Bukovac,Graphic Designer,Giant Ideas,"Pittsburgh, United States",https://www.adforum.com/talent/57184-joe-bukovac
Earnie Merritt,Graphic Designer,Liggett Stashower,"Cleveland, United States",https://www.adforum.com/talent/51578-earnie-merritt
Niko Dellios,Graphic Designer,School,"Boulder, United States",https://www.adforum.com/talent/81825367-niko-dellios
Tim Pratt,Graphic Designer,352 Media Group,"Atlanta, United States",https://www.adforum.com/talent/60904-tim-pratt
Sarah Zachrich,Graphic Designer,352 Media Group,"Atlanta, United States",https://www.adforum.com/talent/60909-sarah-zachrich
Ryan Rhodes,Graphic Designer,McGarrah Jessee,"Austin, United States",https://www.adforum.com/talent/64196-ryan-rhodes
Paul Traylor,Graphic Designer,352 Media Group,"Atlanta, United States",https://www.adforum.com/talent/62955-paul-traylor
Sarah Kearns,Graphic Designer,SA Graphix,"New York, United States",https://www.adforum.com/talent/63662-sarah-kearns
Brad Sargeant,Graphic Designer,HonestMechanics,"Costa Mesa, United States",https://www.adforum.com/talent/41702467-brad-sargeant
Seth Hulewat,Graphic Artist,Wieden + Kennedy,"New York, United States",https://www.adforum.com/talent/41708345-seth-hulewat
Manu Zadok,Graphic Artist,Goodby Silverstein & Partners,"San Francisco, United States",https://www.adforum.com/talent/41707710-manu-zadok
Tiffany Wise,Graphic Designer,b&a,"Dublin, United States",https://www.adforum.com/talent/41703129-tiffany-wise
Mikey Burton,Graphic Designer,Brokaw,"Cleveland, United States",https://www.adforum.com/talent/6699578-mikey-burton
Beulah Gentry,Graphic Designer,PowerFlite Communications,"Quincy, United States",https://www.adforum.com/talent/41698483-beulah-gentry
Greg Suzuki,Graphic Designer,AKQA,"San Francisco, United States",https://www.adforum.com/talent/6697820-greg-suzuki
Kevin Li,Graphic Designer,Saatchi & Saatchi NY,"New York, United States",https://www.adforum.com/talent/6694302-kevin-li
Suzonne Bunch,Graphic Designer,Cornett,"Lexington, United States",https://www.adforum.com/talent/6697349-suzonne-bunch
Patrick Arrington,Motion Graphics,Caviar Content (US),"Chicago, United States",https://www.adforum.com/talent/81849641-patrick-arrington
Manny Fabian,Graphic Designer,Turbulence,"Miami, United States",https://www.adforum.com/talent/71298-manny-fabian
Ivan Vargas,Graphic Designer,PlanetOut Inc.,"San Francisco, United States",https://www.adforum.com/talent/71820-ivan-vargas
Cadin Batrack,Graphic Designer,"Curtis Birch, Inc.","Venice, United States",https://www.adforum.com/talent/41697249-cadin-batrack
Rebecca Cobb,Graphic Designer,McCann Erickson,"San Francisco, United States",https://www.adforum.com/talent/57832-rebecca-cobb
Christian Peralta,Graphic Designer,Mcnelis,"Santa Ana, United States",https://www.adforum.com/talent/58924-christian-peralta
Alejandro Melguizo,Graphic Designer,Razorfish,"New York, United States",https://www.adforum.com/talent/57166-alejandro-melguizo
Daniel Pipitone,Graphic Designer,Giant Ideas,"Pittsburgh, United States",https://www.adforum.com/talent/57185-daniel-pipitone
Keri Allison,Graphic Designer,Giant Ideas,"Pittsburgh, United States",https://www.adforum.com/talent/57192-keri-allison
Ariel Eroles,Graphic Designer,Razorfish,"New York, United States",https://www.adforum.com/talent/57628-ariel-eroles
Alex Rinker,Graphic Designer,Kastner & Partners,"Los Angeles, United States",https://www.adforum.com/talent/62925-alex-rinker
Dave Fogle,Graphic Designer,Becker Communications Inc,United States,https://www.adforum.com/talent/65044-dave-fogle
Cathy Pritzl,Graphic Artist,The Pritzl Project,"Milwaukee, United States",https://www.adforum.com/talent/59958-cathy-pritzl
Kiyotaka Sumiyoshi,Motion Graphics,TYO Monster,"New York, United States",https://www.adforum.com/talent/81837642-kiyotaka-sumiyoshi
Louis Hess,Graphic Designer,EP+Co,"New York-Greenville, United States",https://www.adforum.com/talent/81838936-louis-hess
Robert Johnston,Motion Graphics,REVERSE,"Los Angeles, United States",https://www.adforum.com/talent/81839097-robert-johnston
Reggie Butler,Graphic Artist,Park Pictures,"New York, United States",https://www.adforum.com/talent/81827984-reggie-butler
Patrick McInerney,Graphic Designer,R/GA,"New York, United States",https://www.adforum.com/talent/81826152-patrick-mcinerney
Laura Zynda,Graphic Designer,GreenHouse,"Chicago, United States",https://www.adforum.com/talent/19988-laura-zynda
Tony Wann,Motion Graphics,Founder,"Dallas, United States",https://www.adforum.com/talent/81798659-tony-wann
Marco Bacich,Graphic Designer,BBDO New York,"New York, United States",https://www.adforum.com/talent/48398-marco-bacich
Robert Konves,Graphic Designer,Pereira O'Dell,"San Francisco, United States",https://www.adforum.com/talent/81774022-robert-konves
Jason McKean,Graphic Designer,Leo Burnett Chicago,"Chicago, United States",https://www.adforum.com/talent/81774577-jason-mckean
Chris Rubino,Graphic Designer,RPA,"Santa Monica  , United States",https://www.adforum.com/talent/81785707-chris-rubino
Denwer Kerty,Graphics Designer,PhotoADKing,"US, United States",https://www.adforum.com/talent/82261799-denwer-kerty
Jim Robertson,Graphic Artist,Wieden + Kennedy,"New York, United States",https://www.adforum.com/talent/41708344-jim-robertson
Ryan Kirkwood,Graphic Artist,Saatchi & Saatchi Los Angeles,"Torrance, United States",https://www.adforum.com/talent/41702396-ryan-kirkwood
Chad Bollenbach,Graphic Designer,Shine Advertising Co.,"Madison, United States",https://www.adforum.com/talent/41700035-chad-bollenbach
Katie Jennett,Graphic Designer,AdBiz Corporation,"Plattsburgh, United States",https://www.adforum.com/talent/41700136-katie-jennett
Murray Dameron,Graphic Artist,Creative That Sells,"Charlotte, United States",https://www.adforum.com/talent/7525-murray-dameron
Neil Horstmeyer,Graphic Designer,352 Media Group,"Atlanta, United States",https://www.adforum.com/talent/62957-neil-horstmeyer
Shawn Curtin,Graphic/Web Designer,M. Tavernini & Associates,"Marquette, United States",https://www.adforum.com/talent/70917-shawn-curtin
Gregg Brokaw,Graphic Designer,Brokaw,"Cleveland, United States",https://www.adforum.com/talent/68190-gregg-brokaw
Andrew Marks,Motion Graphics,Johannes Leonardo,"New York, United States",https://www.adforum.com/talent/81838918-andrew-marks
Lesli Karavil,Graphic Designer,R/GA,"New York, United States",https://www.adforum.com/talent/39925-lesli-karavil
Jay Green,Graphics Services,Grey New York,"New York, United States",https://www.adforum.com/talent/81801307-jay-green
Barry Rowell,Graphic Designer,MDC Group,"New York, United States",https://www.adforum.com/talent/48200-barry-rowell
Nick DiNapoli,Graphic Designer,BBDO New York,"New York, United States",https://www.adforum.com/talent/48399-nick-dinapoli
Gary Lechuk,Graphic Designer,Liggett Stashower,"Cleveland, United States",https://www.adforum.com/talent/51575-gary-lechuk
Murray John,Graphic Designer,Energy BBDO,"Chicago, United States",https://www.adforum.com/talent/60362-murray-john
Michael Knaggs,Graphic Designer,McCann Erickson,"San Francisco, United States",https://www.adforum.com/talent/57833-michael-knaggs
Scott Gursky,Graphic Designer,Pop & Company,"New York, United States",https://www.adforum.com/talent/49811-scott-gursky
Brizida Ahrnsbrak,Graphic Designer,TDA_Boulder,"Boulder, United States",https://www.adforum.com/talent/41714737-brizida-ahrnsbrak
Janellie Nunes,Graphic Designer,"PlanetWoot, Inc.","Huntington Beach, United States",https://www.adforum.com/talent/47217048-janellie-nunes
Jessi Chang,Graphic Artist,The Ballpark,"Santa Monica, United States",https://www.adforum.com/talent/6696438-jessi-chang
Liz Sheppard,Graphic Designer,Crossbow Studio,"Philadelphia, United States",https://www.adforum.com/talent/41703507-liz-sheppard
Emily Andros,Owner / Sr. Graphics Designer,The Marketing Department,"Houston, United States",https://www.adforum.com/talent/41700045-emily-andros
William Trible,Graphic & Production Artist,Madison+Main,"Richmond, United States",https://www.adforum.com/talent/41704876-william-trible
Anthony infamous,senior graphic & consultant,Grandswing productions,"atlanta, United States",https://www.adforum.com/talent/81829641-anthony-infamous
Nem Perez,Motion Graphics Artist,Yellow Shoes,", United States",https://www.adforum.com/talent/81853140-nem-perez
David Chrisman,Sr. Graphic Designer,STEVENSON Advertising Engineers,"Lynnwood, United States",https://www.adforum.com/talent/59379-david-chrisman
Jaehyuk Choi,Motion Graphic Designer,Mssngpeces,"New York, United States",https://www.adforum.com/talent/81820176-jaehyuk-choi
Lindsey Stuart,Senior Graphic Designer,DDB Chicago,"Chicago, United States",https://www.adforum.com/talent/81785969-lindsey-stuart
Jonathan Bell,Freelance Photographer & Graphic Designer,Michigan State University College of Communication Arts and Sciences,"Greater Detroit Area, United States",https://www.adforum.com/talent/81892283-jonathan-bell
S. Rebecca Harrison,Sr. Graphics Designer,The Marketing Department,"The Woodlands, United States",https://www.adforum.com/talent/41710953-s-rebecca-harrison
Jung Eun Han,Motion Graphics Designer,TBWA\Chiat\Day,"New York, United States",https://www.adforum.com/talent/82249227-jung-eun-han
Alejandro Roses,Lead Motion Graphics,Publicis Sapient,"Boston, United States",https://www.adforum.com/talent/81811475-alejandro-roses
Dennis Azana,3D Motion Graphics Animator,The Voice,"Fairfield, United States",https://www.adforum.com/talent/81818616-dennis-azana
Tyler Jarrett,Title Graphics Producer,BBDO New York,"New York, United States",https://www.adforum.com/talent/41713514-tyler-jarrett
Chloe Karayiannis,3D/2D Motion Graphics Designer,Freelance,United States,https://www.adforum.com/talent/81900160-chloe-karayiannis
Tom Walker,Graphic Designer and Animator,adam&eveDDB,"New York, United States",https://www.adforum.com/talent/27119-tom-walker
Henry Smith,Freelance Graphic Designer,Graphic Design Solution,"Tulsa, United States",https://www.adforum.com/talent/82261801-henry-smith
Kai Yu,Motion Graphics Animator,Biscuit Filmworks USA,"San Francisco, United States",https://www.adforum.com/talent/81799627-kai-yu
Carlie Wirebaugh,Graphic Design Intern,Michigan State University RHS,"Greater Detroit Area, United States",https://www.adforum.com/talent/81892750-carlie-wirebaugh
John Hamann,Senior Graphic Artist,"Media Development, Inc.","Quincy, United States",https://www.adforum.com/talent/11221-john-hamann
Nicholas Carpenter,Motion Graphic Designer,Struck,United States,https://www.adforum.com/talent/82234447-nicholas-carpenter
Alessandra Divizia,Art Direction | Illustration | Graphic Design -,Momentum Worldwide,"New York, United States",https://www.adforum.com/talent/81863347-alessandra-divizia
Tonya Lutz,"Brand Manager, Art & Graphic products",Faber-Castell,"Cleveland, United States",https://www.adforum.com/talent/81874842-tonya-lutz
Victor Basile,"Senior VP, Director of Print Graphic Services","D'Arcy, Inc.","New York, United States",https://www.adforum.com/talent/38-victor-basile
Alisa Smith,"Visual Artist, Freelancer graphic designer, Blogger",Explosit,"Adak, United States",https://www.adforum.com/talent/82261802-alisa-smith
Luke Finnell,Director of Graphics and Content at the Nike N7 Youth Movement,Nike,"Portland, Oregon Area, United States",https://www.adforum.com/talent/81886845-luke-finnell
