Name,Title,Company,Location,Url
Ed Hicks,3D Graphics,Wieden + Kennedy Amsterdam,"Amsterdam, Netherlands",https://www.adforum.com/talent/81798290-ed-hicks
Nico Domarego,3D Graphics,Wieden + Kennedy Amsterdam,"Amsterdam, Netherlands",https://www.adforum.com/talent/81798289-nico-domarego
Joakim Riedinger,3D Graphics,Wieden + Kennedy Amsterdam,"Amsterdam, Netherlands",https://www.adforum.com/talent/81798292-joakim-riedinger
Vincent Lowe,Graphic Designer,L'Araignée,"Amsterdam, Netherlands",https://www.adforum.com/talent/81808099-vincent-lowe
Mao Lin Liao,3D Graphics,Tetteroo Media,"Amsterdam, Netherlands",https://www.adforum.com/talent/81818868-mao-lin-liao
Jacob Gonzales,3D Graphics,Wieden + Kennedy Amsterdam,"Amsterdam, Netherlands",https://www.adforum.com/talent/81798293-jacob-gonzales
Michiel Van Iperen,3D Graphics,Tetteroo Media,"Amsterdam, Netherlands",https://www.adforum.com/talent/81818869-michiel-van-iperen
Thanos Topouzis,Computer Graphics,Nexus Productions,"Amsterdam, Netherlands",https://www.adforum.com/talent/81820194-thanos-topouzis
Matthew Gifford,Computer Graphics,Morton Jankel Zander (MJZ),"Amsterdam, Netherlands",https://www.adforum.com/talent/81850507-matthew-gifford
Inigo Roy,Computer Graphics,Morton Jankel Zander (MJZ),"Amsterdam, Netherlands",https://www.adforum.com/talent/81850510-inigo-roy
Bjorn Blaaberg,Computer Graphics,Morton Jankel Zander (MJZ),"Amsterdam, Netherlands",https://www.adforum.com/talent/81850509-bjorn-blaaberg
Paul Postma,Graphics & Animation,CCCP,"Amsterdam, Netherlands",https://www.adforum.com/talent/81795535-paul-postma
Kate Shearer,Graphic Designer,180 Amsterdam,"Amsterdam, Netherlands",https://www.adforum.com/talent/81844960-kate-shearer
Julien Choquart,Graphic Artist,Wieden + Kennedy Amsterdam,"Amsterdam, Netherlands",https://www.adforum.com/talent/48053-julien-choquart
Merel van Oord,Graphic Designer,Y&R Amsterdam,"Amsterdam, Netherlands",https://www.adforum.com/talent/81814831-merel-van-oord
Emile Wilmer,Graphic Designer,2D Photo Productions,"Amsterdam, Netherlands",https://www.adforum.com/talent/41707585-emile-wilmer
Renoud Netjes,Motion Graphics Designer,N=5,"Amsterdam, Netherlands",https://www.adforum.com/talent/81848212-renoud-netjes
Jae Yoo,Motion Graphics Animator Lead,Stink Films,"Amsterdam, Netherlands",https://www.adforum.com/talent/81852818-jae-yoo
Ryan Zunkley,Motion Graphics Creative Director,Stink Films,"Amsterdam, Netherlands",https://www.adforum.com/talent/81852790-ryan-zunkley
Jae Yoo,Motion Graphics Animator Lead,Stink Films,"Amsterdam, Netherlands",https://www.adforum.com/talent/81852791-jae-yoo
Ryan Zunkley,Motion Graphics Creative Director,Stink Films,"Amsterdam, Netherlands",https://www.adforum.com/talent/81852817-ryan-zunkley
