Date,Building Number,Project Name,Address,Status,Url
05/24/2024,COMAPP24-00005,VACANT TENANT,"2300 WINDY RIDGE PKWY SE, SUITE 1135, ATLANTA GA 30339",Complete,https://cobbca.cobbcounty.org/CitizenAccess/Cap/CapDetail.aspx?Module=Building&TabName=Building&capID1=24CAP&capID2=00000&capID3=00252&agencyCode=COBBCO&IsToShowInspection=
05/24/2024,COMAPP24-00004,NEW TENANT,"2300 WINDY RIDGE PKWY SE, SUITE 1155, ATLANTA GA 30339",Complete,https://cobbca.cobbcounty.org/CitizenAccess/Cap/CapDetail.aspx?Module=Building&TabName=Building&capID1=24CAP&capID2=00000&capID3=0024Y&agencyCode=COBBCO&IsToShowInspection=
05/24/2024,2024-004414,VACANT TENANT,"2300 WINDY RIDGE PKWY SE, SUITE 1135, ATLANTA GA 30339",Applied,https://cobbca.cobbcounty.org/CitizenAccess/Cap/CapDetail.aspx?Module=Building&TabName=Building&capID1=24BLD&capID2=00000&capID3=00628&agencyCode=COBBCO&IsToShowInspection=
05/24/2024,2024-004412,NEW TENANT,"2300 WINDY RIDGE PKWY SE, SUITE 1155, ATLANTA GA 30339",Applied,https://cobbca.cobbcounty.org/CitizenAccess/Cap/CapDetail.aspx?Module=Building&TabName=Building&capID1=24BLD&capID2=00000&capID3=00627&agencyCode=COBBCO&IsToShowInspection=
05/24/2024,2024-004409,REMODEL,"4475 ROSWELL RD, SUITE 600, MARIETTA GA 30062",Applied,https://cobbca.cobbcounty.org/CitizenAccess/Cap/CapDetail.aspx?Module=Building&TabName=Building&capID1=24BLD&capID2=00000&capID3=00626&agencyCode=COBBCO&IsToShowInspection=
05/24/2024,2024-004402,NEW TENANT,"1025 EAST-WEST CONN SW, SUITE 340, AUSTELL GA 30106",Applied,https://cobbca.cobbcounty.org/CitizenAccess/Cap/CapDetail.aspx?Module=Building&TabName=Building&capID1=24BLD&capID2=00000&capID3=00625&agencyCode=COBBCO&IsToShowInspection=
05/24/2024,2024-004401,REMODEL,"360 INTERSTATE NORTH PKWY, SUITE 200, ATLANTA GA 30339",Applied,https://cobbca.cobbcounty.org/CitizenAccess/Cap/CapDetail.aspx?Module=Building&TabName=Building&capID1=24BLD&capID2=00000&capID3=00624&agencyCode=COBBCO&IsToShowInspection=
05/24/2024,2024-004398,PLUMBING,"302 VETERANS MEMORIAL HWY SW, SUITE 156, MABLETON GA 30126",Issued,https://cobbca.cobbcounty.org/CitizenAccess/Cap/CapDetail.aspx?Module=Building&TabName=Building&capID1=24BLD&capID2=00000&capID3=00623&agencyCode=COBBCO&IsToShowInspection=
05/24/2024,2024-004384,REMODEL,"4364 WINFRED DR, MARIETTA GA",Applied,https://cobbca.cobbcounty.org/CitizenAccess/Cap/CapDetail.aspx?Module=Building&TabName=Building&capID1=24BLD&capID2=00000&capID3=00622&agencyCode=COBBCO&IsToShowInspection=
05/24/2024,2024-004430,PLUMB,"422 PEBBLESTONE CT SE, MARIETTA GA 30067",Applied,https://cobbca.cobbcounty.org/CitizenAccess/Cap/CapDetail.aspx?Module=Building&TabName=Building&capID1=24BHM&capID2=00000&capID3=03695&agencyCode=COBBCO&IsToShowInspection=
05/24/2024,2024-004429,ELECTRICAL,"6440 TIMOTHY LN, AUSTELL GA 30168",Applied,https://cobbca.cobbcounty.org/CitizenAccess/Cap/CapDetail.aspx?Module=Building&TabName=Building&capID1=24BHM&capID2=00000&capID3=03694&agencyCode=COBBCO&IsToShowInspection=
05/24/2024,2024-004424,POOL,"4366 COLUMNS DR, MARIETTA GA 30067",Applied,https://cobbca.cobbcounty.org/CitizenAccess/Cap/CapDetail.aspx?Module=Building&TabName=Building&capID1=24BHM&capID2=00000&capID3=03689&agencyCode=COBBCO&IsToShowInspection=
